ecosystem,name,version,direct,source,licence_declared,licence_classified,licence_evidence,copyright_or_attribution,obligations,risk,notice_collected
pypi,alembic,1.14.1,True,requirements.lock,MIT,MIT,locally collected upstream distribution notice: LICENSE,"Copyright 2009-2025 Michael Bayer. | The above copyright notice and this permission notice shall be included in all | AUTHORS OR COPYRIGHT HOLDERS BE LIABLE FOR ANY CLAIM, DAMAGES OR OTHER",Retain copyright and permission notice in distributions.,PASS_PERMISSIVE,True
pypi,annotated-doc,0.0.4,False,requirements.lock,MIT,MIT,locally collected upstream distribution notice: LICENSE,"Copyright (c) 2025 Sebastián Ramírez | The above copyright notice and this permission notice shall be included in | AUTHORS OR COPYRIGHT HOLDERS BE LIABLE FOR ANY CLAIM, DAMAGES OR OTHER",Retain copyright and permission notice in distributions.,PASS_PERMISSIVE,True
pypi,annotated-types,0.8.0,False,requirements.lock,MIT,MIT,locally collected upstream distribution notice: LICENSE,"Copyright (c) 2022 the contributors | The above copyright notice and this permission notice shall be included in all | AUTHORS OR COPYRIGHT HOLDERS BE LIABLE FOR ANY CLAIM, DAMAGES OR OTHER",Retain copyright and permission notice in distributions.,PASS_PERMISSIVE,True
pypi,anyio,4.14.2,False,requirements.lock,MIT,MIT,locally collected upstream distribution notice: LICENSE,"Copyright (c) 2018 Alex Grönholm | The above copyright notice and this permission notice shall be included in all | COPYRIGHT HOLDERS BE LIABLE FOR ANY CLAIM, DAMAGES OR OTHER LIABILITY, WHETHER",Retain copyright and permission notice in distributions.,PASS_PERMISSIVE,True
pypi,asgiref,3.12.1,False,requirements.lock,BSD-3-Clause,BSD-3-Clause,locally collected upstream distribution notice: LICENSE,"Copyright (c) Django Software Foundation and individual contributors. | 1. Redistributions of source code must retain the above copyright notice, | 2. Redistributions in binary form must reproduce the above copyright | THIS SOFTWARE IS PROVIDED BY THE COPYRIGHT HOLDERS AND CONTRIBUTORS ""AS IS"" AND | DISCLAIMED. IN NO EVENT SHALL THE COPYRIGHT OWNER OR CONTRIBUTORS BE LIABLE FOR","Retain copyright, conditions and disclaimer in source/binary distributions.",PASS_PERMISSIVE,True
pypi,authlib,1.7.2,True,requirements.lock,BSD-3-Clause,BSD-3-Clause,locally collected upstream distribution notice: LICENSE,"Copyright (c) 2017, Hsiaoming Yang | * Redistributions of source code must retain the above copyright notice, this | * Redistributions in binary form must reproduce the above copyright notice, | * Neither the name of the copyright holder nor the names of its | THIS SOFTWARE IS PROVIDED BY THE COPYRIGHT HOLDERS AND CONTRIBUTORS ""AS IS"" | DISCLAIMED. IN NO EVENT SHALL THE COPYRIGHT HOLDER OR CONTRIBUTORS BE LIABLE","Retain copyright, conditions and disclaimer in source/binary distributions.",PASS_PERMISSIVE,True
pypi,azure-core,1.41.0,False,requirements.lock,MIT,MIT,locally collected upstream distribution notice: LICENSE,"Copyright (c) Microsoft Corporation. | The above copyright notice and this permission notice shall be included in all | AUTHORS OR COPYRIGHT HOLDERS BE LIABLE FOR ANY CLAIM, DAMAGES OR OTHER",Retain copyright and permission notice in distributions.,PASS_PERMISSIVE,True
pypi,azure-core-tracing-opentelemetry,1.0.0b13,False,requirements.lock,MIT,MIT,locally collected upstream distribution notice: LICENSE,"Copyright (c) Microsoft Corporation. | The above copyright notice and this permission notice shall be included in all | AUTHORS OR COPYRIGHT HOLDERS BE LIABLE FOR ANY CLAIM, DAMAGES OR OTHER",Retain copyright and permission notice in distributions.,PASS_PERMISSIVE,True
pypi,azure-identity,1.19.0,True,requirements.lock,MIT License,MIT,locally collected upstream distribution notice: LICENSE,"Copyright (c) Microsoft Corporation. | The above copyright notice and this permission notice shall be included in all | AUTHORS OR COPYRIGHT HOLDERS BE LIABLE FOR ANY CLAIM, DAMAGES OR OTHER",Retain copyright and permission notice in distributions.,PASS_PERMISSIVE,True
pypi,azure-keyvault-secrets,4.9.0,True,requirements.lock,MIT License,MIT,locally collected upstream distribution notice: LICENSE,"Copyright (c) Microsoft Corporation. | The above copyright notice and this permission notice shall be included in all | AUTHORS OR COPYRIGHT HOLDERS BE LIABLE FOR ANY CLAIM, DAMAGES OR OTHER",Retain copyright and permission notice in distributions.,PASS_PERMISSIVE,True
pypi,azure-monitor-opentelemetry,1.8.9,True,requirements.lock,MIT License,MIT,locally collected upstream distribution notice: LICENSE,"Copyright (c) Microsoft Corporation. | The above copyright notice and this permission notice shall be included in all | AUTHORS OR COPYRIGHT HOLDERS BE LIABLE FOR ANY CLAIM, DAMAGES OR OTHER",Retain copyright and permission notice in distributions.,PASS_PERMISSIVE,True
pypi,azure-monitor-opentelemetry-exporter,1.0.0b55,False,requirements.lock,MIT License,MIT,locally collected upstream distribution notice: LICENSE,"Copyright (c) Microsoft Corporation. | The above copyright notice and this permission notice shall be included in all | AUTHORS OR COPYRIGHT HOLDERS BE LIABLE FOR ANY CLAIM, DAMAGES OR OTHER",Retain copyright and permission notice in distributions.,PASS_PERMISSIVE,True
pypi,azure-storage-blob,12.24.0,True,requirements.lock,MIT License,MIT,locally collected upstream distribution notice: LICENSE,"Copyright (c) Microsoft Corporation. | The above copyright notice and this permission notice shall be included in all | AUTHORS OR COPYRIGHT HOLDERS BE LIABLE FOR ANY CLAIM, DAMAGES OR OTHER",Retain copyright and permission notice in distributions.,PASS_PERMISSIVE,True
pypi,certifi,2026.7.22,False,requirements.lock,MPL-2.0,MPL-2.0,locally collected upstream distribution notice: LICENSE,Not stated in the collected licence file.,Preserve notices and make modified MPL-covered files available under MPL terms.,HUMAN_LEGAL_REVIEW,True
pypi,cffi,2.1.0,False,requirements.lock,MIT-0,MIT-0,locally collected upstream distribution notice: LICENSE,"THE AUTHORS OR COPYRIGHT HOLDERS BE LIABLE FOR ANY CLAIM, DAMAGES OR OTHER",Retain the supplied permission notice in distributions.,PASS_PERMISSIVE,True
pypi,charset-normalizer,3.4.9,False,requirements.lock,MIT,MIT,locally collected upstream distribution notice: LICENSE,"Copyright (c) 2025 TAHRI Ahmed R. | The above copyright notice and this permission notice shall be included in all | AUTHORS OR COPYRIGHT HOLDERS BE LIABLE FOR ANY CLAIM, DAMAGES OR OTHER",Retain copyright and permission notice in distributions.,PASS_PERMISSIVE,True
pypi,click,8.4.2,False,requirements.lock,BSD-3-Clause,BSD-3-Clause,locally collected upstream distribution notice: LICENSE.txt,Copyright 2014 Pallets | 1.  Redistributions of source code must retain the above copyright | 2.  Redistributions in binary form must reproduce the above copyright | 3.  Neither the name of the copyright holder nor the names of its | THIS SOFTWARE IS PROVIDED BY THE COPYRIGHT HOLDERS AND CONTRIBUTORS | PARTICULAR PURPOSE ARE DISCLAIMED. IN NO EVENT SHALL THE COPYRIGHT,"Retain copyright, conditions and disclaimer in source/binary distributions.",PASS_PERMISSIVE,True
pypi,cryptography,50.0.0,True,requirements.lock,Apache-2.0 OR BSD-3-Clause,Apache-2.0 OR BSD-3-Clause,locally collected upstream distribution notice: LICENSE,Not stated in the collected licence file.,Retain the notices for the licence option selected for distribution.,PASS_PERMISSIVE,True
pypi,dnspython,2.8.0,False,requirements.lock,ISC,ISC,locally collected upstream distribution notice: LICENSE,"Copyright (C) Dnspython Contributors | above copyright notice and this permission notice appear in all | Copyright (C) 2001-2017 Nominum, Inc. | Copyright (C) Google Inc. | provided that the above copyright notice and this permission notice",Retain copyright and permission notice in distributions.,PASS_PERMISSIVE,True
pypi,email-validator,2.2.0,True,requirements.lock,Unlicense,Unlicense,locally collected upstream distribution notice: LICENSE,"In jurisdictions that recognize copyright laws, the author or | authors of this software dedicate any and all copyright | copyright law.",Retain the public-domain dedication text where distributed.,PASS_PERMISSIVE,True
pypi,fastapi,0.140.9,True,requirements.lock,MIT,MIT,locally collected upstream distribution notice: LICENSE,"Copyright (c) 2018 Sebastián Ramírez | The above copyright notice and this permission notice shall be included in | AUTHORS OR COPYRIGHT HOLDERS BE LIABLE FOR ANY CLAIM, DAMAGES OR OTHER",Retain copyright and permission notice in distributions.,PASS_PERMISSIVE,True
pypi,greenlet,3.5.4,False,requirements.lock,MIT AND PSF-2.0,MIT OR PSF-2.0,locally collected upstream distribution notice: LICENSE,"Copyright (c) Armin Rigo, Christian Tismer and contributors | The above copyright notice and this permission notice shall be included in | AUTHORS OR COPYRIGHT HOLDERS BE LIABLE FOR ANY CLAIM, DAMAGES OR OTHER",Retain the notices for the licence option selected for distribution.,PASS_PERMISSIVE,True
pypi,h11,0.16.0,False,requirements.lock,MIT,MIT,locally collected upstream distribution notice: LICENSE.txt,Copyright (c) 2016 Nathaniel J. Smith <njs@pobox.com> and other contributors | The above copyright notice and this permission notice shall be | NONINFRINGEMENT. IN NO EVENT SHALL THE AUTHORS OR COPYRIGHT HOLDERS BE,Retain copyright and permission notice in distributions.,PASS_PERMISSIVE,True
pypi,httpcore,1.0.9,False,requirements.lock,BSD-3-Clause,BSD-3-Clause,locally collected upstream distribution notice: LICENSE.md,"Copyright © 2020, [Encode OSS Ltd](https://www.encode.io/). | * Redistributions of source code must retain the above copyright notice, this | * Redistributions in binary form must reproduce the above copyright notice, | * Neither the name of the copyright holder nor the names of its | THIS SOFTWARE IS PROVIDED BY THE COPYRIGHT HOLDERS AND CONTRIBUTORS ""AS IS"" | DISCLAIMED. IN NO EVENT SHALL THE COPYRIGHT HOLDER OR CONTRIBUTORS BE LIABLE","Retain copyright, conditions and disclaimer in source/binary distributions.",PASS_PERMISSIVE,True
pypi,httptools,0.8.0,False,requirements.lock,MIT,MIT,locally collected upstream distribution notice: LICENSE,"Copyright (c) 2015 MagicStack Inc.  http://magic.io | The above copyright notice and this permission notice shall be included in | AUTHORS OR COPYRIGHT HOLDERS BE LIABLE FOR ANY CLAIM, DAMAGES OR OTHER",Retain copyright and permission notice in distributions.,PASS_PERMISSIVE,True
pypi,httpx,0.28.1,True,requirements.lock,BSD-3-Clause,BSD-3-Clause,locally collected upstream distribution notice: LICENSE.md,"Copyright © 2019, [Encode OSS Ltd](https://www.encode.io/). | * Redistributions of source code must retain the above copyright notice, this list of conditions and the following disclaimer. | * Redistributions in binary form must reproduce the above copyright notice, this list of conditions and the following disclaimer in the documentation and/or other materials provided with the distribution. | * Neither the name of the copyright holder nor the names of its contributors may be used to endorse or promote products derived from this software without specific prior written permission. | THIS SOFTWARE IS PROVIDED BY THE COPYRIGHT HOLDERS AND CONTRIBUTORS ""AS IS"" AND ANY EXPRESS OR IMPLIED WARRANTIES, INCLUDING, BUT NOT LIMITED TO, THE IMPLIED WARRANTIES OF MERCHANTABILITY AND FITNESS FOR A PARTICULAR PURPOSE ARE DISCLAIMED. IN NO EVENT SHALL THE COPYRIGHT HOLDER OR CONTRIBUTORS BE LIABLE FOR ANY DIRECT, INDIRECT, INCIDENTAL, SPECIAL, EXEMPLARY, OR CONSEQUENTIAL DAMAGES (INCLUDING, BUT NOT LIMITED TO, PROCUREMENT OF SUBSTITUTE GOODS OR SERVICES; LOSS OF USE, DATA, OR PROFITS; OR BUSINESS INTERRUPTION) HOWEVER CAUSED AND ON ANY THEORY OF LIABILITY, WHETHER IN CONTRACT, STRICT LIABILITY, OR TORT (INCLUDING NEGLIGENCE OR OTHERWISE) ARISING IN ANY WAY OUT OF THE USE OF THIS SOFTWARE, EVEN IF ADVISED OF THE POSSIBILITY OF SUCH DAMAGE.","Retain copyright, conditions and disclaimer in source/binary distributions.",PASS_PERMISSIVE,True
pypi,idna,3.18,False,requirements.lock,BSD-3-Clause,BSD-3-Clause,locally collected upstream distribution notice: LICENSE.md,"Copyright (c) 2013-2026, Kim Davies and contributors. | 1. Redistributions of source code must retain the above copyright | 2. Redistributions in binary form must reproduce the above copyright | 3. Neither the name of the copyright holder nor the names of its | THIS SOFTWARE IS PROVIDED BY THE COPYRIGHT HOLDERS AND CONTRIBUTORS | A PARTICULAR PURPOSE ARE DISCLAIMED. IN NO EVENT SHALL THE COPYRIGHT","Retain copyright, conditions and disclaimer in source/binary distributions.",PASS_PERMISSIVE,True
pypi,isodate,0.7.2,False,requirements.lock,"Copyright (c) 2021, Hugo van Kemenade and contributors
Copyright (c) 2009-2018, Gerhard Weis and contributors
Copyright (c) 2009, Gerhard Weis
All rights reserved.

Redistribution and use in source and binary forms, with or without
modification, are permitted provided that the following conditions are met:
    * Redistributions of source code must retain the above copyright
      notice, this list of conditions and the following disclaimer.
    * Redistributions in binary form must reproduce the above copyright
      notice, this list of conditions and the following disclaimer in the
      documentation and/or other materials provided with the distribution.
    * Neither the name of the <organization> nor the
      names of its contributors may be used to endorse or promote products
      derived from this software without specific prior written permission.

THIS SOFTWARE IS PROVIDED BY THE COPYRIGHT HOLDERS AND CONTRIBUTORS ""AS IS"" AND
ANY EXPRESS OR IMPLIED WARRANTIES, INCLUDING, BUT NOT LIMITED TO, THE IMPLIED
WARRANTIES OF MERCHANTABILITY AND FITNESS FOR A PARTICULAR PURPOSE ARE
DISCLAIMED. IN NO EVENT SHALL <COPYRIGHT HOLDER> BE LIABLE FOR ANY
DIRECT, INDIRECT, INCIDENTAL, SPECIAL, EXEMPLARY, OR CONSEQUENTIAL DAMAGES
(INCLUDING, BUT NOT LIMITED TO, PROCUREMENT OF SUBSTITUTE GOODS OR SERVICES;
LOSS OF USE, DATA, OR PROFITS; OR BUSINESS INTERRUPTION) HOWEVER CAUSED AND
ON ANY THEORY OF LIABILITY, WHETHER IN CONTRACT, STRICT LIABILITY, OR TORT
(INCLUDING NEGLIGENCE OR OTHERWISE) ARISING IN ANY WAY OUT OF THE USE OF THIS
SOFTWARE, EVEN IF ADVISED OF THE POSSIBILITY OF SUCH DAMAGE.
",BSD,locally collected upstream distribution notice: LICENSE,"Copyright (c) 2021, Hugo van Kemenade and contributors | Copyright (c) 2009-2018, Gerhard Weis and contributors | Copyright (c) 2009, Gerhard Weis | * Redistributions of source code must retain the above copyright | * Redistributions in binary form must reproduce the above copyright | THIS SOFTWARE IS PROVIDED BY THE COPYRIGHT HOLDERS AND CONTRIBUTORS ""AS IS"" AND | DISCLAIMED. IN NO EVENT SHALL <COPYRIGHT HOLDER> BE LIABLE FOR ANY","Retain copyright, conditions and disclaimer in source/binary distributions.",PASS_PERMISSIVE,True
pypi,itsdangerous,2.2.0,True,requirements.lock,BSD License,BSD,locally collected upstream distribution notice: LICENSE.txt,Copyright 2011 Pallets | 1.  Redistributions of source code must retain the above copyright | 2.  Redistributions in binary form must reproduce the above copyright | 3.  Neither the name of the copyright holder nor the names of its | THIS SOFTWARE IS PROVIDED BY THE COPYRIGHT HOLDERS AND CONTRIBUTORS | PARTICULAR PURPOSE ARE DISCLAIMED. IN NO EVENT SHALL THE COPYRIGHT,"Retain copyright, conditions and disclaimer in source/binary distributions.",PASS_PERMISSIVE,True
pypi,jinja2,3.1.6,True,requirements.lock,BSD License,BSD,locally collected upstream distribution notice: LICENSE.txt,Copyright 2007 Pallets | 1.  Redistributions of source code must retain the above copyright | 2.  Redistributions in binary form must reproduce the above copyright | 3.  Neither the name of the copyright holder nor the names of its | THIS SOFTWARE IS PROVIDED BY THE COPYRIGHT HOLDERS AND CONTRIBUTORS | PARTICULAR PURPOSE ARE DISCLAIMED. IN NO EVENT SHALL THE COPYRIGHT,"Retain copyright, conditions and disclaimer in source/binary distributions.",PASS_PERMISSIVE,True
pypi,joserfc,1.7.4,False,requirements.lock,BSD-3-Clause,BSD-3-Clause,locally collected upstream distribution notice: LICENSE,"Copyright (c) 2023, Hsiaoming Yang | 1. Redistributions of source code must retain the above copyright notice, this | 2. Redistributions in binary form must reproduce the above copyright notice, | 3. Neither the name of the copyright holder nor the names of its | THIS SOFTWARE IS PROVIDED BY THE COPYRIGHT HOLDERS AND CONTRIBUTORS ""AS IS"" | DISCLAIMED. IN NO EVENT SHALL THE COPYRIGHT HOLDER OR CONTRIBUTORS BE LIABLE","Retain copyright, conditions and disclaimer in source/binary distributions.",PASS_PERMISSIVE,True
pypi,mako,1.3.12,False,requirements.lock,MIT,MIT,locally collected upstream distribution notice: LICENSE,"Copyright 2006-2025 the Mako authors and contributors <see AUTHORS file>. | The above copyright notice and this permission notice shall be included in all | AUTHORS OR COPYRIGHT HOLDERS BE LIABLE FOR ANY CLAIM, DAMAGES OR OTHER",Retain copyright and permission notice in distributions.,PASS_PERMISSIVE,True
pypi,markupsafe,3.0.3,False,requirements.lock,BSD-3-Clause,BSD-3-Clause,locally collected upstream distribution notice: LICENSE.txt,Copyright 2010 Pallets | 1.  Redistributions of source code must retain the above copyright | 2.  Redistributions in binary form must reproduce the above copyright | 3.  Neither the name of the copyright holder nor the names of its | THIS SOFTWARE IS PROVIDED BY THE COPYRIGHT HOLDERS AND CONTRIBUTORS | PARTICULAR PURPOSE ARE DISCLAIMED. IN NO EVENT SHALL THE COPYRIGHT,"Retain copyright, conditions and disclaimer in source/binary distributions.",PASS_PERMISSIVE,True
pypi,msal,1.37.0,False,requirements.lock,MIT,MIT,locally collected upstream distribution notice: LICENSE,"Copyright (c) Microsoft Corporation. | The above copyright notice and this permission notice shall be included in | AUTHORS OR COPYRIGHT HOLDERS BE LIABLE FOR ANY CLAIM, DAMAGES OR OTHER",Retain copyright and permission notice in distributions.,PASS_PERMISSIVE,True
pypi,msal-extensions,1.3.1,False,requirements.lock,MIT License,MIT,locally collected upstream distribution notice: LICENSE,"Copyright (c) Microsoft Corporation. All rights reserved. | The above copyright notice and this permission notice shall be included in all | AUTHORS OR COPYRIGHT HOLDERS BE LIABLE FOR ANY CLAIM, DAMAGES OR OTHER",Retain copyright and permission notice in distributions.,PASS_PERMISSIVE,True
pypi,msrest,0.7.1,False,requirements.lock,MIT License,MIT,locally collected upstream distribution notice: LICENSE.md,"Copyright (c) 2016 Microsoft Azure | The above copyright notice and this permission notice shall be included in all | AUTHORS OR COPYRIGHT HOLDERS BE LIABLE FOR ANY CLAIM, DAMAGES OR OTHER",Retain copyright and permission notice in distributions.,PASS_PERMISSIVE,True
pypi,oauthlib,3.3.1,False,requirements.lock,BSD-3-Clause,BSD-3-Clause,locally collected upstream distribution notice: LICENSE,"Copyright (c) The OAuthlib Community | 1. Redistributions of source code must retain the above copyright notice, | 2. Redistributions in binary form must reproduce the above copyright | 3. Neither the name of the copyright holder nor the names of its | THIS SOFTWARE IS PROVIDED BY THE COPYRIGHT HOLDERS AND CONTRIBUTORS ""AS IS"" | DISCLAIMED. IN NO EVENT SHALL THE COPYRIGHT HOLDER OR CONTRIBUTORS BE LIABLE","Retain copyright, conditions and disclaimer in source/binary distributions.",PASS_PERMISSIVE,True
pypi,opentelemetry-api,1.43.0,False,requirements.lock,Apache-2.0,Apache-2.0,locally collected upstream distribution notice: LICENSE,"""Licensor"" shall mean the copyright owner or entity authorized by | the copyright owner that is granting the License. | copyright notice that is included in or attached to the work | submitted to Licensor for inclusion in the Work by the copyright owner | the copyright owner. For the purposes of this definition, ""submitted"" | designated in writing by the copyright owner as ""Not a Contribution."" | 2. Grant of Copyright License. Subject to the terms and conditions of | copyright license to reproduce, prepare Derivative Works of,","Retain licence, copyright and NOTICE text; state material modifications where required.",PASS_PERMISSIVE,True
pypi,opentelemetry-instrumentation,0.64b0,False,requirements.lock,Apache-2.0,Apache-2.0,locally collected upstream distribution notice: LICENSE,"""Licensor"" shall mean the copyright owner or entity authorized by | the copyright owner that is granting the License. | copyright notice that is included in or attached to the work | submitted to Licensor for inclusion in the Work by the copyright owner | the copyright owner. For the purposes of this definition, ""submitted"" | designated in writing by the copyright owner as ""Not a Contribution."" | 2. Grant of Copyright License. Subject to the terms and conditions of | copyright license to reproduce, prepare Derivative Works of,","Retain licence, copyright and NOTICE text; state material modifications where required.",PASS_PERMISSIVE,True
pypi,opentelemetry-instrumentation-asgi,0.64b0,False,requirements.lock,Apache-2.0,Apache-2.0,locally collected upstream distribution notice: LICENSE,"""Licensor"" shall mean the copyright owner or entity authorized by | the copyright owner that is granting the License. | copyright notice that is included in or attached to the work | submitted to Licensor for inclusion in the Work by the copyright owner | the copyright owner. For the purposes of this definition, ""submitted"" | designated in writing by the copyright owner as ""Not a Contribution."" | 2. Grant of Copyright License. Subject to the terms and conditions of | copyright license to reproduce, prepare Derivative Works of,","Retain licence, copyright and NOTICE text; state material modifications where required.",PASS_PERMISSIVE,True
pypi,opentelemetry-instrumentation-dbapi,0.64b0,False,requirements.lock,Apache-2.0,Apache-2.0,locally collected upstream distribution notice: LICENSE,"""Licensor"" shall mean the copyright owner or entity authorized by | the copyright owner that is granting the License. | copyright notice that is included in or attached to the work | submitted to Licensor for inclusion in the Work by the copyright owner | the copyright owner. For the purposes of this definition, ""submitted"" | designated in writing by the copyright owner as ""Not a Contribution."" | 2. Grant of Copyright License. Subject to the terms and conditions of | copyright license to reproduce, prepare Derivative Works of,","Retain licence, copyright and NOTICE text; state material modifications where required.",PASS_PERMISSIVE,True
pypi,opentelemetry-instrumentation-django,0.64b0,False,requirements.lock,Apache-2.0,Apache-2.0,locally collected upstream distribution notice: LICENSE,"""Licensor"" shall mean the copyright owner or entity authorized by | the copyright owner that is granting the License. | copyright notice that is included in or attached to the work | submitted to Licensor for inclusion in the Work by the copyright owner | the copyright owner. For the purposes of this definition, ""submitted"" | designated in writing by the copyright owner as ""Not a Contribution."" | 2. Grant of Copyright License. Subject to the terms and conditions of | copyright license to reproduce, prepare Derivative Works of,","Retain licence, copyright and NOTICE text; state material modifications where required.",PASS_PERMISSIVE,True
pypi,opentelemetry-instrumentation-fastapi,0.64b0,False,requirements.lock,Apache-2.0,Apache-2.0,locally collected upstream distribution notice: LICENSE,"""Licensor"" shall mean the copyright owner or entity authorized by | the copyright owner that is granting the License. | copyright notice that is included in or attached to the work | submitted to Licensor for inclusion in the Work by the copyright owner | the copyright owner. For the purposes of this definition, ""submitted"" | designated in writing by the copyright owner as ""Not a Contribution."" | 2. Grant of Copyright License. Subject to the terms and conditions of | copyright license to reproduce, prepare Derivative Works of,","Retain licence, copyright and NOTICE text; state material modifications where required.",PASS_PERMISSIVE,True
pypi,opentelemetry-instrumentation-flask,0.64b0,False,requirements.lock,Apache-2.0,Apache-2.0,locally collected upstream distribution notice: LICENSE,"""Licensor"" shall mean the copyright owner or entity authorized by | the copyright owner that is granting the License. | copyright notice that is included in or attached to the work | submitted to Licensor for inclusion in the Work by the copyright owner | the copyright owner. For the purposes of this definition, ""submitted"" | designated in writing by the copyright owner as ""Not a Contribution."" | 2. Grant of Copyright License. Subject to the terms and conditions of | copyright license to reproduce, prepare Derivative Works of,","Retain licence, copyright and NOTICE text; state material modifications where required.",PASS_PERMISSIVE,True
pypi,opentelemetry-instrumentation-logging,0.64b0,False,requirements.lock,Apache-2.0,Apache-2.0,locally collected upstream distribution notice: LICENSE,"""Licensor"" shall mean the copyright owner or entity authorized by | the copyright owner that is granting the License. | copyright notice that is included in or attached to the work | submitted to Licensor for inclusion in the Work by the copyright owner | the copyright owner. For the purposes of this definition, ""submitted"" | designated in writing by the copyright owner as ""Not a Contribution."" | 2. Grant of Copyright License. Subject to the terms and conditions of | copyright license to reproduce, prepare Derivative Works of,","Retain licence, copyright and NOTICE text; state material modifications where required.",PASS_PERMISSIVE,True
pypi,opentelemetry-instrumentation-psycopg2,0.64b0,False,requirements.lock,Apache-2.0,Apache-2.0,locally collected upstream distribution notice: LICENSE,"""Licensor"" shall mean the copyright owner or entity authorized by | the copyright owner that is granting the License. | copyright notice that is included in or attached to the work | submitted to Licensor for inclusion in the Work by the copyright owner | the copyright owner. For the purposes of this definition, ""submitted"" | designated in writing by the copyright owner as ""Not a Contribution."" | 2. Grant of Copyright License. Subject to the terms and conditions of | copyright license to reproduce, prepare Derivative Works of,","Retain licence, copyright and NOTICE text; state material modifications where required.",PASS_PERMISSIVE,True
pypi,opentelemetry-instrumentation-requests,0.64b0,False,requirements.lock,Apache-2.0,Apache-2.0,locally collected upstream distribution notice: LICENSE,"""Licensor"" shall mean the copyright owner or entity authorized by | the copyright owner that is granting the License. | copyright notice that is included in or attached to the work | submitted to Licensor for inclusion in the Work by the copyright owner | the copyright owner. For the purposes of this definition, ""submitted"" | designated in writing by the copyright owner as ""Not a Contribution."" | 2. Grant of Copyright License. Subject to the terms and conditions of | copyright license to reproduce, prepare Derivative Works of,","Retain licence, copyright and NOTICE text; state material modifications where required.",PASS_PERMISSIVE,True
pypi,opentelemetry-instrumentation-urllib,0.64b0,False,requirements.lock,Apache-2.0,Apache-2.0,locally collected upstream distribution notice: LICENSE,"""Licensor"" shall mean the copyright owner or entity authorized by | the copyright owner that is granting the License. | copyright notice that is included in or attached to the work | submitted to Licensor for inclusion in the Work by the copyright owner | the copyright owner. For the purposes of this definition, ""submitted"" | designated in writing by the copyright owner as ""Not a Contribution."" | 2. Grant of Copyright License. Subject to the terms and conditions of | copyright license to reproduce, prepare Derivative Works of,","Retain licence, copyright and NOTICE text; state material modifications where required.",PASS_PERMISSIVE,True
pypi,opentelemetry-instrumentation-urllib3,0.64b0,False,requirements.lock,Apache-2.0,Apache-2.0,locally collected upstream distribution notice: LICENSE,"""Licensor"" shall mean the copyright owner or entity authorized by | the copyright owner that is granting the License. | copyright notice that is included in or attached to the work | submitted to Licensor for inclusion in the Work by the copyright owner | the copyright owner. For the purposes of this definition, ""submitted"" | designated in writing by the copyright owner as ""Not a Contribution."" | 2. Grant of Copyright License. Subject to the terms and conditions of | copyright license to reproduce, prepare Derivative Works of,","Retain licence, copyright and NOTICE text; state material modifications where required.",PASS_PERMISSIVE,True
pypi,opentelemetry-instrumentation-wsgi,0.64b0,False,requirements.lock,Apache-2.0,Apache-2.0,locally collected upstream distribution notice: LICENSE,"""Licensor"" shall mean the copyright owner or entity authorized by | the copyright owner that is granting the License. | copyright notice that is included in or attached to the work | submitted to Licensor for inclusion in the Work by the copyright owner | the copyright owner. For the purposes of this definition, ""submitted"" | designated in writing by the copyright owner as ""Not a Contribution."" | 2. Grant of Copyright License. Subject to the terms and conditions of | copyright license to reproduce, prepare Derivative Works of,","Retain licence, copyright and NOTICE text; state material modifications where required.",PASS_PERMISSIVE,True
pypi,opentelemetry-resource-detector-azure,0.1.5,False,requirements.lock,Apache-2.0,Apache-2.0,locally collected upstream distribution notice: LICENSE,"""Licensor"" shall mean the copyright owner or entity authorized by | the copyright owner that is granting the License. | copyright notice that is included in or attached to the work | submitted to Licensor for inclusion in the Work by the copyright owner | the copyright owner. For the purposes of this definition, ""submitted"" | designated in writing by the copyright owner as ""Not a Contribution."" | 2. Grant of Copyright License. Subject to the terms and conditions of | copyright license to reproduce, prepare Derivative Works of,","Retain licence, copyright and NOTICE text; state material modifications where required.",PASS_PERMISSIVE,True
pypi,opentelemetry-sdk,1.43.0,False,requirements.lock,Apache-2.0,Apache-2.0,locally collected upstream distribution notice: LICENSE,"""Licensor"" shall mean the copyright owner or entity authorized by | the copyright owner that is granting the License. | copyright notice that is included in or attached to the work | submitted to Licensor for inclusion in the Work by the copyright owner | the copyright owner. For the purposes of this definition, ""submitted"" | designated in writing by the copyright owner as ""Not a Contribution."" | 2. Grant of Copyright License. Subject to the terms and conditions of | copyright license to reproduce, prepare Derivative Works of,","Retain licence, copyright and NOTICE text; state material modifications where required.",PASS_PERMISSIVE,True
pypi,opentelemetry-semantic-conventions,0.64b0,False,requirements.lock,Apache-2.0,Apache-2.0,locally collected upstream distribution notice: LICENSE,"""Licensor"" shall mean the copyright owner or entity authorized by | the copyright owner that is granting the License. | copyright notice that is included in or attached to the work | submitted to Licensor for inclusion in the Work by the copyright owner | the copyright owner. For the purposes of this definition, ""submitted"" | designated in writing by the copyright owner as ""Not a Contribution."" | 2. Grant of Copyright License. Subject to the terms and conditions of | copyright license to reproduce, prepare Derivative Works of,","Retain licence, copyright and NOTICE text; state material modifications where required.",PASS_PERMISSIVE,True
pypi,opentelemetry-util-http,0.64b0,False,requirements.lock,Apache-2.0,Apache-2.0,metadata only,Not collected; preserve upstream package notice before distribution.,"Retain licence, copyright and NOTICE text; state material modifications where required.",PASS_PERMISSIVE,False
pypi,packaging,26.2,False,requirements.lock,Apache-2.0 OR BSD-2-Clause,Apache-2.0 OR BSD-2-Clause,locally collected upstream distribution notice: LICENSE,Not stated in the collected licence file.,Retain the notices for the licence option selected for distribution.,PASS_PERMISSIVE,True
pypi,passlib,1.7.4,True,requirements.lock,BSD,BSD,locally collected upstream distribution notice: LICENSE,"Copyrights & Licenses | Copyright (c) 2008-2020 Assurance Technologies, LLC. | * Redistributions of source code must retain the above copyright | * Redistributions in binary form must reproduce the above copyright | THIS SOFTWARE IS PROVIDED BY THE COPYRIGHT HOLDERS AND CONTRIBUTORS | A PARTICULAR PURPOSE ARE DISCLAIMED. IN NO EVENT SHALL THE COPYRIGHT | Copyright (c) 1996 Aki Yoshida. All rights reserved. | hereby granted provided that this copyright notice appears in","Retain copyright, conditions and disclaimer in source/binary distributions.",PASS_PERMISSIVE,True
pypi,psutil,7.2.2,False,requirements.lock,BSD-3-Clause,BSD-3-Clause,locally collected upstream distribution notice: LICENSE,"Copyright (c) 2009, Jay Loden, Dave Daeschler, Giampaolo Rodola | * Redistributions of source code must retain the above copyright notice, this | * Redistributions in binary form must reproduce the above copyright notice, | THIS SOFTWARE IS PROVIDED BY THE COPYRIGHT HOLDERS AND CONTRIBUTORS ""AS IS"" AND | DISCLAIMED. IN NO EVENT SHALL THE COPYRIGHT OWNER OR CONTRIBUTORS BE LIABLE FOR","Retain copyright, conditions and disclaimer in source/binary distributions.",PASS_PERMISSIVE,True
pypi,psycopg,3.2.3,True,requirements.lock,GNU Lesser General Public License v3 (LGPLv3),LGPL,locally collected upstream distribution notice: LICENSE.txt,"Copyright (C) 2007 Free Software Foundation, Inc. <https://fsf.org/> | c) For a Combined Work that displays copyright notices during | execution, include the copyright notice for the Library among","Preserve notices and assess linking, relinking and modified-library source obligations.",HUMAN_LEGAL_REVIEW,True
pypi,psycopg-binary,3.2.3,False,requirements.lock,GNU Lesser General Public License v3 (LGPLv3),LGPL,locally collected upstream distribution notice: LICENSE.txt,"Copyright (C) 2007 Free Software Foundation, Inc. <https://fsf.org/> | c) For a Combined Work that displays copyright notices during | execution, include the copyright notice for the Library among","Preserve notices and assess linking, relinking and modified-library source obligations.",HUMAN_LEGAL_REVIEW,True
pypi,pycparser,3.0,False,requirements.lock,BSD-3-Clause,BSD-3-Clause,locally collected upstream distribution notice: LICENSE,"Copyright (c) 2008-2022, Eli Bendersky | * Redistributions of source code must retain the above copyright notice, this | * Redistributions in binary form must reproduce the above copyright notice, | * Neither the name of the copyright holder nor the names of its contributors may | THIS SOFTWARE IS PROVIDED BY THE COPYRIGHT HOLDERS AND CONTRIBUTORS ""AS IS"" AND | DISCLAIMED. IN NO EVENT SHALL THE COPYRIGHT HOLDER OR CONTRIBUTORS BE","Retain copyright, conditions and disclaimer in source/binary distributions.",PASS_PERMISSIVE,True
pypi,pydantic,2.13.4,False,requirements.lock,MIT,MIT,locally collected upstream distribution notice: LICENSE,"Copyright (c) 2017 to present Pydantic Services Inc. and individual contributors. | The above copyright notice and this permission notice shall be included in all | AUTHORS OR COPYRIGHT HOLDERS BE LIABLE FOR ANY CLAIM, DAMAGES OR OTHER",Retain copyright and permission notice in distributions.,PASS_PERMISSIVE,True
pypi,pydantic-core,2.46.4,False,requirements.lock,MIT,MIT,locally collected upstream distribution notice: LICENSE,"Copyright (c) 2022 Samuel Colvin | The above copyright notice and this permission notice shall be included in all | AUTHORS OR COPYRIGHT HOLDERS BE LIABLE FOR ANY CLAIM, DAMAGES OR OTHER",Retain copyright and permission notice in distributions.,PASS_PERMISSIVE,True
pypi,pydantic-settings,2.7.1,True,requirements.lock,MIT,MIT,locally collected upstream distribution notice: LICENSE,"Copyright (c) 2022 Samuel Colvin and other contributors | The above copyright notice and this permission notice shall be included in all | AUTHORS OR COPYRIGHT HOLDERS BE LIABLE FOR ANY CLAIM, DAMAGES OR OTHER",Retain copyright and permission notice in distributions.,PASS_PERMISSIVE,True
pypi,pyjwt,2.13.0,False,requirements.lock,MIT,MIT,locally collected upstream distribution notice: LICENSE,"Copyright (c) 2015-2022 José Padilla | The above copyright notice and this permission notice shall be included in all | AUTHORS OR COPYRIGHT HOLDERS BE LIABLE FOR ANY CLAIM, DAMAGES OR OTHER",Retain copyright and permission notice in distributions.,PASS_PERMISSIVE,True
pypi,python-dotenv,1.2.2,False,requirements.lock,BSD-3-Clause,BSD-3-Clause,locally collected upstream distribution notice: LICENSE,"Copyright (c) 2014, Saurabh Kumar (python-dotenv), 2013, Ted Tieken (django-dotenv-rw), 2013, Jacob Kaplan-Moss (django-dotenv) | - Redistributions of source code must retain the above copyright notice, | - Redistributions in binary form must reproduce the above copyright notice, | THIS SOFTWARE IS PROVIDED BY THE COPYRIGHT HOLDERS AND CONTRIBUTORS | A PARTICULAR PURPOSE ARE DISCLAIMED. IN NO EVENT SHALL THE COPYRIGHT OWNER OR","Retain copyright, conditions and disclaimer in source/binary distributions.",PASS_PERMISSIVE,True
pypi,python-multipart,0.0.32,True,requirements.lock,Apache-2.0,Apache-2.0,locally collected upstream distribution notice: LICENSE.txt,"""Licensor"" shall mean the copyright owner or entity authorized by | the copyright owner that is granting the License. | copyright notice that is included in or attached to the work | submitted to Licensor for inclusion in the Work by the copyright owner | the copyright owner. For the purposes of this definition, ""submitted"" | designated in writing by the copyright owner as ""Not a Contribution."" | 2. Grant of Copyright License. Subject to the terms and conditions of | copyright license to reproduce, prepare Derivative Works of,","Retain licence, copyright and NOTICE text; state material modifications where required.",PASS_PERMISSIVE,True
pypi,pyyaml,6.0.3,False,requirements.lock,MIT,MIT,locally collected upstream distribution notice: LICENSE,"Copyright (c) 2017-2021 Ingy döt Net | Copyright (c) 2006-2016 Kirill Simonov | The above copyright notice and this permission notice shall be included in all | AUTHORS OR COPYRIGHT HOLDERS BE LIABLE FOR ANY CLAIM, DAMAGES OR OTHER",Retain copyright and permission notice in distributions.,PASS_PERMISSIVE,True
pypi,requests,2.34.2,False,requirements.lock,Apache-2.0,Apache-2.0,locally collected upstream distribution notice: LICENSE,"""Licensor"" shall mean the copyright owner or entity authorized by | the copyright owner that is granting the License. | copyright notice that is included in or attached to the work | submitted to Licensor for inclusion in the Work by the copyright owner | the copyright owner. For the purposes of this definition, ""submitted"" | designated in writing by the copyright owner as ""Not a Contribution."" | 2. Grant of Copyright License. Subject to the terms and conditions of | copyright license to reproduce, prepare Derivative Works of,","Retain licence, copyright and NOTICE text; state material modifications where required.",PASS_PERMISSIVE,True
pypi,requests-oauthlib,2.0.0,False,requirements.lock,ISC,ISC,locally collected upstream distribution notice: LICENSE,Copyright (c) 2014 Kenneth Reitz. | copyright notice and this permission notice appear in all copies.,Retain copyright and permission notice in distributions.,PASS_PERMISSIVE,True
pypi,sqlalchemy,2.0.36,True,requirements.lock,MIT,MIT,locally collected upstream distribution notice: LICENSE,"Copyright 2005-2024 SQLAlchemy authors and contributors <see AUTHORS file>. | The above copyright notice and this permission notice shall be included in all | AUTHORS OR COPYRIGHT HOLDERS BE LIABLE FOR ANY CLAIM, DAMAGES OR OTHER",Retain copyright and permission notice in distributions.,PASS_PERMISSIVE,True
pypi,starlette,1.3.1,False,requirements.lock,BSD-3-Clause,BSD-3-Clause,locally collected upstream distribution notice: LICENSE.md,"Copyright © 2018, [Encode OSS Ltd](https://www.encode.io/). | * Redistributions of source code must retain the above copyright notice, this | * Redistributions in binary form must reproduce the above copyright notice, | * Neither the name of the copyright holder nor the names of its | THIS SOFTWARE IS PROVIDED BY THE COPYRIGHT HOLDERS AND CONTRIBUTORS ""AS IS"" | DISCLAIMED. IN NO EVENT SHALL THE COPYRIGHT HOLDER OR CONTRIBUTORS BE LIABLE","Retain copyright, conditions and disclaimer in source/binary distributions.",PASS_PERMISSIVE,True
pypi,typing-extensions,4.16.0,False,requirements.lock,PSF-2.0,PSF-2.0,locally collected upstream distribution notice: LICENSE,"provided, however, that PSF's License Agreement and PSF's notice of copyright, | i.e., ""Copyright (c) 2001, 2002, 2003, 2004, 2005, 2006, 2007, 2008, 2009, 2010, | License Agreement and CNRI's notice of copyright, i.e., ""Copyright (c) | limitation the federal copyright law, and, to the extent such | Copyright (c) 1991 - 1995, Stichting Mathematisch Centrum Amsterdam, | provided that the above copyright notice appear in all copies and that | both that copyright notice and this permission notice appear in",Retain licence and copyright notices.,PASS_PERMISSIVE,True
pypi,typing-inspection,0.4.2,False,requirements.lock,MIT,MIT,locally collected upstream distribution notice: LICENSE,"Copyright (c) Pydantic Services Inc. 2025 to present | The above copyright notice and this permission notice shall be included in all | AUTHORS OR COPYRIGHT HOLDERS BE LIABLE FOR ANY CLAIM, DAMAGES OR OTHER",Retain copyright and permission notice in distributions.,PASS_PERMISSIVE,True
pypi,urllib3,2.7.0,False,requirements.lock,MIT,MIT,locally collected upstream distribution notice: LICENSE.txt,"Copyright (c) 2008-2020 Andrey Petrov and contributors. | The above copyright notice and this permission notice shall be included in all | AUTHORS OR COPYRIGHT HOLDERS BE LIABLE FOR ANY CLAIM, DAMAGES OR OTHER",Retain copyright and permission notice in distributions.,PASS_PERMISSIVE,True
pypi,uvicorn,0.34.0,True,requirements.lock,BSD-3-Clause,BSD-3-Clause,locally collected upstream distribution notice: LICENSE.md,"Copyright © 2017-present, [Encode OSS Ltd](https://www.encode.io/). | * Redistributions of source code must retain the above copyright notice, this | * Redistributions in binary form must reproduce the above copyright notice, | * Neither the name of the copyright holder nor the names of its | THIS SOFTWARE IS PROVIDED BY THE COPYRIGHT HOLDERS AND CONTRIBUTORS ""AS IS"" | DISCLAIMED. IN NO EVENT SHALL THE COPYRIGHT HOLDER OR CONTRIBUTORS BE LIABLE","Retain copyright, conditions and disclaimer in source/binary distributions.",PASS_PERMISSIVE,True
pypi,uvloop,0.22.1,False,requirements.lock,MIT License,Apache-2.0,locally collected upstream distribution notice: LICENSE-APACHE,"Copyright (C) 2016-present the uvloop authors and contributors. | ""Licensor"" shall mean the copyright owner or entity authorized by | the copyright owner that is granting the License. | copyright notice that is included in or attached to the work | submitted to Licensor for inclusion in the Work by the copyright owner | the copyright owner. For the purposes of this definition, ""submitted"" | designated in writing by the copyright owner as ""Not a Contribution."" | 2. Grant of Copyright License. Subject to the terms and conditions of","Retain licence, copyright and NOTICE text; state material modifications where required.",PASS_PERMISSIVE,True
pypi,watchfiles,1.2.0,False,requirements.lock,MIT,MIT,locally collected upstream distribution notice: LICENSE,"Copyright (c) 2017 to present Samuel Colvin | The above copyright notice and this permission notice shall be included in all | AUTHORS OR COPYRIGHT HOLDERS BE LIABLE FOR ANY CLAIM, DAMAGES OR OTHER",Retain copyright and permission notice in distributions.,PASS_PERMISSIVE,True
pypi,websockets,16.1.1,False,requirements.lock,BSD-3-Clause,BSD-3-Clause,locally collected upstream distribution notice: LICENSE,"Copyright (c) Aymeric Augustin and contributors | * Redistributions of source code must retain the above copyright notice, | * Redistributions in binary form must reproduce the above copyright notice, | * Neither the name of the copyright holder nor the names of its contributors | THIS SOFTWARE IS PROVIDED BY THE COPYRIGHT HOLDERS AND CONTRIBUTORS ""AS IS"" AND | DISCLAIMED. IN NO EVENT SHALL THE COPYRIGHT HOLDER OR CONTRIBUTORS BE LIABLE","Retain copyright, conditions and disclaimer in source/binary distributions.",PASS_PERMISSIVE,True
pypi,wrapt,2.3.0,False,requirements.lock,BSD-2-Clause,BSD-2-Clause,locally collected upstream distribution notice: LICENSE,"Copyright (c) 2013-2026, Graham Dumpleton | * Redistributions of source code must retain the above copyright notice, this | * Redistributions in binary form must reproduce the above copyright notice, | THIS SOFTWARE IS PROVIDED BY THE COPYRIGHT HOLDERS AND CONTRIBUTORS ""AS IS"" | ARE DISCLAIMED. IN NO EVENT SHALL THE COPYRIGHT HOLDER OR CONTRIBUTORS BE","Retain copyright, conditions and disclaimer in source/binary distributions.",PASS_PERMISSIVE,True
npm,@babel/code-frame,7.29.7,False,mobile/participant-app/package-lock.json#node_modules/@babel/code-frame,MIT,MIT,mobile/participant-app/node_modules/@babel/code-frame/LICENSE,Copyright (c) 2014-present Sebastian McKenzie and other contributors | The above copyright notice and this permission notice shall be | NONINFRINGEMENT. IN NO EVENT SHALL THE AUTHORS OR COPYRIGHT HOLDERS BE,Retain copyright and permission notice in distributions.,PASS_PERMISSIVE,True
npm,@babel/compat-data,7.29.7,False,mobile/participant-app/package-lock.json#node_modules/@babel/compat-data,MIT,MIT,mobile/participant-app/node_modules/@babel/compat-data/LICENSE,Copyright (c) 2014-present Sebastian McKenzie and other contributors | The above copyright notice and this permission notice shall be | NONINFRINGEMENT. IN NO EVENT SHALL THE AUTHORS OR COPYRIGHT HOLDERS BE,Retain copyright and permission notice in distributions.,PASS_PERMISSIVE,True
npm,@babel/core,7.29.7,False,mobile/participant-app/package-lock.json#node_modules/@babel/core,MIT,MIT,mobile/participant-app/node_modules/@babel/core/LICENSE,Copyright (c) 2014-present Sebastian McKenzie and other contributors | The above copyright notice and this permission notice shall be | NONINFRINGEMENT. IN NO EVENT SHALL THE AUTHORS OR COPYRIGHT HOLDERS BE,Retain copyright and permission notice in distributions.,PASS_PERMISSIVE,True
npm,semver,6.3.1,False,mobile/participant-app/package-lock.json#node_modules/@babel/core/node_modules/semver,ISC,ISC,mobile/participant-app/node_modules/@babel/core/node_modules/semver/LICENSE,Copyright (c) Isaac Z. Schlueter and Contributors | copyright notice and this permission notice appear in all copies.,Retain copyright and permission notice in distributions.,PASS_PERMISSIVE,True
npm,@babel/generator,7.29.8,False,mobile/participant-app/package-lock.json#node_modules/@babel/generator,MIT,MIT,mobile/participant-app/node_modules/@babel/generator/LICENSE,Copyright (c) 2014-present Sebastian McKenzie and other contributors | The above copyright notice and this permission notice shall be | NONINFRINGEMENT. IN NO EVENT SHALL THE AUTHORS OR COPYRIGHT HOLDERS BE,Retain copyright and permission notice in distributions.,PASS_PERMISSIVE,True
npm,@babel/helper-annotate-as-pure,7.29.7,False,mobile/participant-app/package-lock.json#node_modules/@babel/helper-annotate-as-pure,MIT,MIT,mobile/participant-app/node_modules/@babel/helper-annotate-as-pure/LICENSE,Copyright (c) 2014-present Sebastian McKenzie and other contributors | The above copyright notice and this permission notice shall be | NONINFRINGEMENT. IN NO EVENT SHALL THE AUTHORS OR COPYRIGHT HOLDERS BE,Retain copyright and permission notice in distributions.,PASS_PERMISSIVE,True
npm,@babel/helper-compilation-targets,7.29.7,False,mobile/participant-app/package-lock.json#node_modules/@babel/helper-compilation-targets,MIT,MIT,mobile/participant-app/node_modules/@babel/helper-compilation-targets/LICENSE,Copyright (c) 2014-present Sebastian McKenzie and other contributors | The above copyright notice and this permission notice shall be | NONINFRINGEMENT. IN NO EVENT SHALL THE AUTHORS OR COPYRIGHT HOLDERS BE,Retain copyright and permission notice in distributions.,PASS_PERMISSIVE,True
npm,semver,6.3.1,False,mobile/participant-app/package-lock.json#node_modules/@babel/helper-compilation-targets/node_modules/semver,ISC,ISC,mobile/participant-app/node_modules/@babel/helper-compilation-targets/node_modules/semver/LICENSE,Copyright (c) Isaac Z. Schlueter and Contributors | copyright notice and this permission notice appear in all copies.,Retain copyright and permission notice in distributions.,PASS_PERMISSIVE,True
npm,@babel/helper-create-class-features-plugin,7.29.7,False,mobile/participant-app/package-lock.json#node_modules/@babel/helper-create-class-features-plugin,MIT,MIT,mobile/participant-app/node_modules/@babel/helper-create-class-features-plugin/LICENSE,Copyright (c) 2014-present Sebastian McKenzie and other contributors | The above copyright notice and this permission notice shall be | NONINFRINGEMENT. IN NO EVENT SHALL THE AUTHORS OR COPYRIGHT HOLDERS BE,Retain copyright and permission notice in distributions.,PASS_PERMISSIVE,True
npm,semver,6.3.1,False,mobile/participant-app/package-lock.json#node_modules/@babel/helper-create-class-features-plugin/node_modules/semver,ISC,ISC,mobile/participant-app/node_modules/@babel/helper-create-class-features-plugin/node_modules/semver/LICENSE,Copyright (c) Isaac Z. Schlueter and Contributors | copyright notice and this permission notice appear in all copies.,Retain copyright and permission notice in distributions.,PASS_PERMISSIVE,True
npm,@babel/helper-create-regexp-features-plugin,7.29.7,False,mobile/participant-app/package-lock.json#node_modules/@babel/helper-create-regexp-features-plugin,MIT,MIT,mobile/participant-app/node_modules/@babel/helper-create-regexp-features-plugin/LICENSE,Copyright (c) 2014-present Sebastian McKenzie and other contributors | The above copyright notice and this permission notice shall be | NONINFRINGEMENT. IN NO EVENT SHALL THE AUTHORS OR COPYRIGHT HOLDERS BE,Retain copyright and permission notice in distributions.,PASS_PERMISSIVE,True
npm,semver,6.3.1,False,mobile/participant-app/package-lock.json#node_modules/@babel/helper-create-regexp-features-plugin/node_modules/semver,ISC,ISC,mobile/participant-app/node_modules/@babel/helper-create-regexp-features-plugin/node_modules/semver/LICENSE,Copyright (c) Isaac Z. Schlueter and Contributors | copyright notice and this permission notice appear in all copies.,Retain copyright and permission notice in distributions.,PASS_PERMISSIVE,True
npm,@babel/helper-define-polyfill-provider,0.6.8,False,mobile/participant-app/package-lock.json#node_modules/@babel/helper-define-polyfill-provider,MIT,MIT,mobile/participant-app/node_modules/@babel/helper-define-polyfill-provider/LICENSE,Copyright (c) 2014-present Nicolò Ribaudo and other contributors | The above copyright notice and this permission notice shall be | NONINFRINGEMENT. IN NO EVENT SHALL THE AUTHORS OR COPYRIGHT HOLDERS BE,Retain copyright and permission notice in distributions.,PASS_PERMISSIVE,True
npm,@babel/helper-globals,7.29.7,False,mobile/participant-app/package-lock.json#node_modules/@babel/helper-globals,MIT,MIT,mobile/participant-app/node_modules/@babel/helper-globals/LICENSE,Copyright (c) 2014-present Sebastian McKenzie and other contributors | The above copyright notice and this permission notice shall be | NONINFRINGEMENT. IN NO EVENT SHALL THE AUTHORS OR COPYRIGHT HOLDERS BE,Retain copyright and permission notice in distributions.,PASS_PERMISSIVE,True
npm,@babel/helper-member-expression-to-functions,7.29.7,False,mobile/participant-app/package-lock.json#node_modules/@babel/helper-member-expression-to-functions,MIT,MIT,mobile/participant-app/node_modules/@babel/helper-member-expression-to-functions/LICENSE,Copyright (c) 2014-present Sebastian McKenzie and other contributors | The above copyright notice and this permission notice shall be | NONINFRINGEMENT. IN NO EVENT SHALL THE AUTHORS OR COPYRIGHT HOLDERS BE,Retain copyright and permission notice in distributions.,PASS_PERMISSIVE,True
npm,@babel/helper-module-imports,7.29.7,False,mobile/participant-app/package-lock.json#node_modules/@babel/helper-module-imports,MIT,MIT,mobile/participant-app/node_modules/@babel/helper-module-imports/LICENSE,Copyright (c) 2014-present Sebastian McKenzie and other contributors | The above copyright notice and this permission notice shall be | NONINFRINGEMENT. IN NO EVENT SHALL THE AUTHORS OR COPYRIGHT HOLDERS BE,Retain copyright and permission notice in distributions.,PASS_PERMISSIVE,True
npm,@babel/helper-module-transforms,7.29.7,False,mobile/participant-app/package-lock.json#node_modules/@babel/helper-module-transforms,MIT,MIT,mobile/participant-app/node_modules/@babel/helper-module-transforms/LICENSE,Copyright (c) 2014-present Sebastian McKenzie and other contributors | The above copyright notice and this permission notice shall be | NONINFRINGEMENT. IN NO EVENT SHALL THE AUTHORS OR COPYRIGHT HOLDERS BE,Retain copyright and permission notice in distributions.,PASS_PERMISSIVE,True
npm,@babel/helper-optimise-call-expression,7.29.7,False,mobile/participant-app/package-lock.json#node_modules/@babel/helper-optimise-call-expression,MIT,MIT,mobile/participant-app/node_modules/@babel/helper-optimise-call-expression/LICENSE,Copyright (c) 2014-present Sebastian McKenzie and other contributors | The above copyright notice and this permission notice shall be | NONINFRINGEMENT. IN NO EVENT SHALL THE AUTHORS OR COPYRIGHT HOLDERS BE,Retain copyright and permission notice in distributions.,PASS_PERMISSIVE,True
npm,@babel/helper-plugin-utils,7.29.7,False,mobile/participant-app/package-lock.json#node_modules/@babel/helper-plugin-utils,MIT,MIT,mobile/participant-app/node_modules/@babel/helper-plugin-utils/LICENSE,Copyright (c) 2014-present Sebastian McKenzie and other contributors | The above copyright notice and this permission notice shall be | NONINFRINGEMENT. IN NO EVENT SHALL THE AUTHORS OR COPYRIGHT HOLDERS BE,Retain copyright and permission notice in distributions.,PASS_PERMISSIVE,True
npm,@babel/helper-remap-async-to-generator,7.29.7,False,mobile/participant-app/package-lock.json#node_modules/@babel/helper-remap-async-to-generator,MIT,MIT,mobile/participant-app/node_modules/@babel/helper-remap-async-to-generator/LICENSE,Copyright (c) 2014-present Sebastian McKenzie and other contributors | The above copyright notice and this permission notice shall be | NONINFRINGEMENT. IN NO EVENT SHALL THE AUTHORS OR COPYRIGHT HOLDERS BE,Retain copyright and permission notice in distributions.,PASS_PERMISSIVE,True
npm,@babel/helper-replace-supers,7.29.7,False,mobile/participant-app/package-lock.json#node_modules/@babel/helper-replace-supers,MIT,MIT,mobile/participant-app/node_modules/@babel/helper-replace-supers/LICENSE,Copyright (c) 2014-present Sebastian McKenzie and other contributors | The above copyright notice and this permission notice shall be | NONINFRINGEMENT. IN NO EVENT SHALL THE AUTHORS OR COPYRIGHT HOLDERS BE,Retain copyright and permission notice in distributions.,PASS_PERMISSIVE,True
npm,@babel/helper-skip-transparent-expression-wrappers,7.29.7,False,mobile/participant-app/package-lock.json#node_modules/@babel/helper-skip-transparent-expression-wrappers,MIT,MIT,mobile/participant-app/node_modules/@babel/helper-skip-transparent-expression-wrappers/LICENSE,Copyright (c) 2014-present Sebastian McKenzie and other contributors | The above copyright notice and this permission notice shall be | NONINFRINGEMENT. IN NO EVENT SHALL THE AUTHORS OR COPYRIGHT HOLDERS BE,Retain copyright and permission notice in distributions.,PASS_PERMISSIVE,True
npm,@babel/helper-string-parser,7.29.7,False,mobile/participant-app/package-lock.json#node_modules/@babel/helper-string-parser,MIT,MIT,mobile/participant-app/node_modules/@babel/helper-string-parser/LICENSE,Copyright (c) 2014-present Sebastian McKenzie and other contributors | The above copyright notice and this permission notice shall be | NONINFRINGEMENT. IN NO EVENT SHALL THE AUTHORS OR COPYRIGHT HOLDERS BE,Retain copyright and permission notice in distributions.,PASS_PERMISSIVE,True
npm,@babel/helper-validator-identifier,7.29.7,False,mobile/participant-app/package-lock.json#node_modules/@babel/helper-validator-identifier,MIT,MIT,mobile/participant-app/node_modules/@babel/helper-validator-identifier/LICENSE,Copyright (c) 2014-present Sebastian McKenzie and other contributors | The above copyright notice and this permission notice shall be | NONINFRINGEMENT. IN NO EVENT SHALL THE AUTHORS OR COPYRIGHT HOLDERS BE,Retain copyright and permission notice in distributions.,PASS_PERMISSIVE,True
npm,@babel/helper-validator-option,7.29.7,False,mobile/participant-app/package-lock.json#node_modules/@babel/helper-validator-option,MIT,MIT,mobile/participant-app/node_modules/@babel/helper-validator-option/LICENSE,Copyright (c) 2014-present Sebastian McKenzie and other contributors | The above copyright notice and this permission notice shall be | NONINFRINGEMENT. IN NO EVENT SHALL THE AUTHORS OR COPYRIGHT HOLDERS BE,Retain copyright and permission notice in distributions.,PASS_PERMISSIVE,True
npm,@babel/helper-wrap-function,7.29.7,False,mobile/participant-app/package-lock.json#node_modules/@babel/helper-wrap-function,MIT,MIT,mobile/participant-app/node_modules/@babel/helper-wrap-function/LICENSE,Copyright (c) 2014-present Sebastian McKenzie and other contributors | The above copyright notice and this permission notice shall be | NONINFRINGEMENT. IN NO EVENT SHALL THE AUTHORS OR COPYRIGHT HOLDERS BE,Retain copyright and permission notice in distributions.,PASS_PERMISSIVE,True
npm,@babel/helpers,7.29.7,False,mobile/participant-app/package-lock.json#node_modules/@babel/helpers,MIT,MIT,mobile/participant-app/node_modules/@babel/helpers/LICENSE,"Copyright (c) 2014-present Sebastian McKenzie and other contributors | Copyright (c) 2014-present, Facebook, Inc. (ONLY ./src/helpers/regenerator* files) | The above copyright notice and this permission notice shall be | NONINFRINGEMENT. IN NO EVENT SHALL THE AUTHORS OR COPYRIGHT HOLDERS BE",Retain copyright and permission notice in distributions.,PASS_PERMISSIVE,True
npm,@babel/parser,7.29.8,False,mobile/participant-app/package-lock.json#node_modules/@babel/parser,MIT,MIT,mobile/participant-app/node_modules/@babel/parser/LICENSE,"Copyright (C) 2012-2014 by various contributors (see AUTHORS) | The above copyright notice and this permission notice shall be included in | AUTHORS OR COPYRIGHT HOLDERS BE LIABLE FOR ANY CLAIM, DAMAGES OR OTHER",Retain copyright and permission notice in distributions.,PASS_PERMISSIVE,True
npm,@babel/plugin-proposal-decorators,7.29.7,False,mobile/participant-app/package-lock.json#node_modules/@babel/plugin-proposal-decorators,MIT,MIT,mobile/participant-app/node_modules/@babel/plugin-proposal-decorators/LICENSE,Copyright (c) 2014-present Sebastian McKenzie and other contributors | The above copyright notice and this permission notice shall be | NONINFRINGEMENT. IN NO EVENT SHALL THE AUTHORS OR COPYRIGHT HOLDERS BE,Retain copyright and permission notice in distributions.,PASS_PERMISSIVE,True
npm,@babel/plugin-proposal-export-default-from,7.29.7,False,mobile/participant-app/package-lock.json#node_modules/@babel/plugin-proposal-export-default-from,MIT,MIT,mobile/participant-app/node_modules/@babel/plugin-proposal-export-default-from/LICENSE,Copyright (c) 2014-present Sebastian McKenzie and other contributors | The above copyright notice and this permission notice shall be | NONINFRINGEMENT. IN NO EVENT SHALL THE AUTHORS OR COPYRIGHT HOLDERS BE,Retain copyright and permission notice in distributions.,PASS_PERMISSIVE,True
npm,@babel/plugin-syntax-async-generators,7.8.4,False,mobile/participant-app/package-lock.json#node_modules/@babel/plugin-syntax-async-generators,MIT,MIT,mobile/participant-app/node_modules/@babel/plugin-syntax-async-generators/LICENSE,Copyright (c) 2014-present Sebastian McKenzie and other contributors | The above copyright notice and this permission notice shall be | NONINFRINGEMENT. IN NO EVENT SHALL THE AUTHORS OR COPYRIGHT HOLDERS BE,Retain copyright and permission notice in distributions.,PASS_PERMISSIVE,True
npm,@babel/plugin-syntax-bigint,7.8.3,False,mobile/participant-app/package-lock.json#node_modules/@babel/plugin-syntax-bigint,MIT,MIT,mobile/participant-app/node_modules/@babel/plugin-syntax-bigint/LICENSE,Copyright (c) 2014-present Sebastian McKenzie and other contributors | The above copyright notice and this permission notice shall be | NONINFRINGEMENT. IN NO EVENT SHALL THE AUTHORS OR COPYRIGHT HOLDERS BE,Retain copyright and permission notice in distributions.,PASS_PERMISSIVE,True
npm,@babel/plugin-syntax-class-properties,7.12.13,False,mobile/participant-app/package-lock.json#node_modules/@babel/plugin-syntax-class-properties,MIT,MIT,mobile/participant-app/node_modules/@babel/plugin-syntax-class-properties/LICENSE,Copyright (c) 2014-present Sebastian McKenzie and other contributors | The above copyright notice and this permission notice shall be | NONINFRINGEMENT. IN NO EVENT SHALL THE AUTHORS OR COPYRIGHT HOLDERS BE,Retain copyright and permission notice in distributions.,PASS_PERMISSIVE,True
npm,@babel/plugin-syntax-class-static-block,7.14.5,False,mobile/participant-app/package-lock.json#node_modules/@babel/plugin-syntax-class-static-block,MIT,MIT,mobile/participant-app/node_modules/@babel/plugin-syntax-class-static-block/LICENSE,Copyright (c) 2014-present Sebastian McKenzie and other contributors | The above copyright notice and this permission notice shall be | NONINFRINGEMENT. IN NO EVENT SHALL THE AUTHORS OR COPYRIGHT HOLDERS BE,Retain copyright and permission notice in distributions.,PASS_PERMISSIVE,True
npm,@babel/plugin-syntax-decorators,7.29.7,False,mobile/participant-app/package-lock.json#node_modules/@babel/plugin-syntax-decorators,MIT,MIT,mobile/participant-app/node_modules/@babel/plugin-syntax-decorators/LICENSE,Copyright (c) 2014-present Sebastian McKenzie and other contributors | The above copyright notice and this permission notice shall be | NONINFRINGEMENT. IN NO EVENT SHALL THE AUTHORS OR COPYRIGHT HOLDERS BE,Retain copyright and permission notice in distributions.,PASS_PERMISSIVE,True
npm,@babel/plugin-syntax-dynamic-import,7.8.3,False,mobile/participant-app/package-lock.json#node_modules/@babel/plugin-syntax-dynamic-import,MIT,MIT,mobile/participant-app/node_modules/@babel/plugin-syntax-dynamic-import/LICENSE,Copyright (c) 2014-present Sebastian McKenzie and other contributors | The above copyright notice and this permission notice shall be | NONINFRINGEMENT. IN NO EVENT SHALL THE AUTHORS OR COPYRIGHT HOLDERS BE,Retain copyright and permission notice in distributions.,PASS_PERMISSIVE,True
npm,@babel/plugin-syntax-export-default-from,7.29.7,False,mobile/participant-app/package-lock.json#node_modules/@babel/plugin-syntax-export-default-from,MIT,MIT,mobile/participant-app/node_modules/@babel/plugin-syntax-export-default-from/LICENSE,Copyright (c) 2014-present Sebastian McKenzie and other contributors | The above copyright notice and this permission notice shall be | NONINFRINGEMENT. IN NO EVENT SHALL THE AUTHORS OR COPYRIGHT HOLDERS BE,Retain copyright and permission notice in distributions.,PASS_PERMISSIVE,True
npm,@babel/plugin-syntax-flow,7.29.7,False,mobile/participant-app/package-lock.json#node_modules/@babel/plugin-syntax-flow,MIT,MIT,mobile/participant-app/node_modules/@babel/plugin-syntax-flow/LICENSE,Copyright (c) 2014-present Sebastian McKenzie and other contributors | The above copyright notice and this permission notice shall be | NONINFRINGEMENT. IN NO EVENT SHALL THE AUTHORS OR COPYRIGHT HOLDERS BE,Retain copyright and permission notice in distributions.,PASS_PERMISSIVE,True
npm,@babel/plugin-syntax-import-attributes,7.29.7,False,mobile/participant-app/package-lock.json#node_modules/@babel/plugin-syntax-import-attributes,MIT,MIT,mobile/participant-app/node_modules/@babel/plugin-syntax-import-attributes/LICENSE,Copyright (c) 2014-present Sebastian McKenzie and other contributors | The above copyright notice and this permission notice shall be | NONINFRINGEMENT. IN NO EVENT SHALL THE AUTHORS OR COPYRIGHT HOLDERS BE,Retain copyright and permission notice in distributions.,PASS_PERMISSIVE,True
npm,@babel/plugin-syntax-import-meta,7.10.4,False,mobile/participant-app/package-lock.json#node_modules/@babel/plugin-syntax-import-meta,MIT,MIT,mobile/participant-app/node_modules/@babel/plugin-syntax-import-meta/LICENSE,Copyright (c) 2014-present Sebastian McKenzie and other contributors | The above copyright notice and this permission notice shall be | NONINFRINGEMENT. IN NO EVENT SHALL THE AUTHORS OR COPYRIGHT HOLDERS BE,Retain copyright and permission notice in distributions.,PASS_PERMISSIVE,True
npm,@babel/plugin-syntax-json-strings,7.8.3,False,mobile/participant-app/package-lock.json#node_modules/@babel/plugin-syntax-json-strings,MIT,MIT,mobile/participant-app/node_modules/@babel/plugin-syntax-json-strings/LICENSE,Copyright (c) 2014-present Sebastian McKenzie and other contributors | The above copyright notice and this permission notice shall be | NONINFRINGEMENT. IN NO EVENT SHALL THE AUTHORS OR COPYRIGHT HOLDERS BE,Retain copyright and permission notice in distributions.,PASS_PERMISSIVE,True
npm,@babel/plugin-syntax-jsx,7.29.7,False,mobile/participant-app/package-lock.json#node_modules/@babel/plugin-syntax-jsx,MIT,MIT,mobile/participant-app/node_modules/@babel/plugin-syntax-jsx/LICENSE,Copyright (c) 2014-present Sebastian McKenzie and other contributors | The above copyright notice and this permission notice shall be | NONINFRINGEMENT. IN NO EVENT SHALL THE AUTHORS OR COPYRIGHT HOLDERS BE,Retain copyright and permission notice in distributions.,PASS_PERMISSIVE,True
npm,@babel/plugin-syntax-logical-assignment-operators,7.10.4,False,mobile/participant-app/package-lock.json#node_modules/@babel/plugin-syntax-logical-assignment-operators,MIT,MIT,mobile/participant-app/node_modules/@babel/plugin-syntax-logical-assignment-operators/LICENSE,Copyright (c) 2014-present Sebastian McKenzie and other contributors | The above copyright notice and this permission notice shall be | NONINFRINGEMENT. IN NO EVENT SHALL THE AUTHORS OR COPYRIGHT HOLDERS BE,Retain copyright and permission notice in distributions.,PASS_PERMISSIVE,True
npm,@babel/plugin-syntax-nullish-coalescing-operator,7.8.3,False,mobile/participant-app/package-lock.json#node_modules/@babel/plugin-syntax-nullish-coalescing-operator,MIT,MIT,mobile/participant-app/node_modules/@babel/plugin-syntax-nullish-coalescing-operator/LICENSE,Copyright (c) 2014-present Sebastian McKenzie and other contributors | The above copyright notice and this permission notice shall be | NONINFRINGEMENT. IN NO EVENT SHALL THE AUTHORS OR COPYRIGHT HOLDERS BE,Retain copyright and permission notice in distributions.,PASS_PERMISSIVE,True
npm,@babel/plugin-syntax-numeric-separator,7.10.4,False,mobile/participant-app/package-lock.json#node_modules/@babel/plugin-syntax-numeric-separator,MIT,MIT,mobile/participant-app/node_modules/@babel/plugin-syntax-numeric-separator/LICENSE,Copyright (c) 2014-present Sebastian McKenzie and other contributors | The above copyright notice and this permission notice shall be | NONINFRINGEMENT. IN NO EVENT SHALL THE AUTHORS OR COPYRIGHT HOLDERS BE,Retain copyright and permission notice in distributions.,PASS_PERMISSIVE,True
npm,@babel/plugin-syntax-object-rest-spread,7.8.3,False,mobile/participant-app/package-lock.json#node_modules/@babel/plugin-syntax-object-rest-spread,MIT,MIT,mobile/participant-app/node_modules/@babel/plugin-syntax-object-rest-spread/LICENSE,Copyright (c) 2014-present Sebastian McKenzie and other contributors | The above copyright notice and this permission notice shall be | NONINFRINGEMENT. IN NO EVENT SHALL THE AUTHORS OR COPYRIGHT HOLDERS BE,Retain copyright and permission notice in distributions.,PASS_PERMISSIVE,True
npm,@babel/plugin-syntax-optional-catch-binding,7.8.3,False,mobile/participant-app/package-lock.json#node_modules/@babel/plugin-syntax-optional-catch-binding,MIT,MIT,mobile/participant-app/node_modules/@babel/plugin-syntax-optional-catch-binding/LICENSE,Copyright (c) 2014-present Sebastian McKenzie and other contributors | The above copyright notice and this permission notice shall be | NONINFRINGEMENT. IN NO EVENT SHALL THE AUTHORS OR COPYRIGHT HOLDERS BE,Retain copyright and permission notice in distributions.,PASS_PERMISSIVE,True
npm,@babel/plugin-syntax-optional-chaining,7.8.3,False,mobile/participant-app/package-lock.json#node_modules/@babel/plugin-syntax-optional-chaining,MIT,MIT,mobile/participant-app/node_modules/@babel/plugin-syntax-optional-chaining/LICENSE,Copyright (c) 2014-present Sebastian McKenzie and other contributors | The above copyright notice and this permission notice shall be | NONINFRINGEMENT. IN NO EVENT SHALL THE AUTHORS OR COPYRIGHT HOLDERS BE,Retain copyright and permission notice in distributions.,PASS_PERMISSIVE,True
npm,@babel/plugin-syntax-private-property-in-object,7.14.5,False,mobile/participant-app/package-lock.json#node_modules/@babel/plugin-syntax-private-property-in-object,MIT,MIT,mobile/participant-app/node_modules/@babel/plugin-syntax-private-property-in-object/LICENSE,Copyright (c) 2014-present Sebastian McKenzie and other contributors | The above copyright notice and this permission notice shall be | NONINFRINGEMENT. IN NO EVENT SHALL THE AUTHORS OR COPYRIGHT HOLDERS BE,Retain copyright and permission notice in distributions.,PASS_PERMISSIVE,True
npm,@babel/plugin-syntax-top-level-await,7.14.5,False,mobile/participant-app/package-lock.json#node_modules/@babel/plugin-syntax-top-level-await,MIT,MIT,mobile/participant-app/node_modules/@babel/plugin-syntax-top-level-await/LICENSE,Copyright (c) 2014-present Sebastian McKenzie and other contributors | The above copyright notice and this permission notice shall be | NONINFRINGEMENT. IN NO EVENT SHALL THE AUTHORS OR COPYRIGHT HOLDERS BE,Retain copyright and permission notice in distributions.,PASS_PERMISSIVE,True
npm,@babel/plugin-syntax-typescript,7.29.7,False,mobile/participant-app/package-lock.json#node_modules/@babel/plugin-syntax-typescript,MIT,MIT,mobile/participant-app/node_modules/@babel/plugin-syntax-typescript/LICENSE,Copyright (c) 2014-present Sebastian McKenzie and other contributors | The above copyright notice and this permission notice shall be | NONINFRINGEMENT. IN NO EVENT SHALL THE AUTHORS OR COPYRIGHT HOLDERS BE,Retain copyright and permission notice in distributions.,PASS_PERMISSIVE,True
npm,@babel/plugin-transform-async-generator-functions,7.29.7,False,mobile/participant-app/package-lock.json#node_modules/@babel/plugin-transform-async-generator-functions,MIT,MIT,mobile/participant-app/node_modules/@babel/plugin-transform-async-generator-functions/LICENSE,Copyright (c) 2014-present Sebastian McKenzie and other contributors | The above copyright notice and this permission notice shall be | NONINFRINGEMENT. IN NO EVENT SHALL THE AUTHORS OR COPYRIGHT HOLDERS BE,Retain copyright and permission notice in distributions.,PASS_PERMISSIVE,True
npm,@babel/plugin-transform-async-to-generator,7.29.7,False,mobile/participant-app/package-lock.json#node_modules/@babel/plugin-transform-async-to-generator,MIT,MIT,mobile/participant-app/node_modules/@babel/plugin-transform-async-to-generator/LICENSE,Copyright (c) 2014-present Sebastian McKenzie and other contributors | The above copyright notice and this permission notice shall be | NONINFRINGEMENT. IN NO EVENT SHALL THE AUTHORS OR COPYRIGHT HOLDERS BE,Retain copyright and permission notice in distributions.,PASS_PERMISSIVE,True
npm,@babel/plugin-transform-block-scoping,7.29.7,False,mobile/participant-app/package-lock.json#node_modules/@babel/plugin-transform-block-scoping,MIT,MIT,mobile/participant-app/node_modules/@babel/plugin-transform-block-scoping/LICENSE,Copyright (c) 2014-present Sebastian McKenzie and other contributors | The above copyright notice and this permission notice shall be | NONINFRINGEMENT. IN NO EVENT SHALL THE AUTHORS OR COPYRIGHT HOLDERS BE,Retain copyright and permission notice in distributions.,PASS_PERMISSIVE,True
npm,@babel/plugin-transform-class-properties,7.29.7,False,mobile/participant-app/package-lock.json#node_modules/@babel/plugin-transform-class-properties,MIT,MIT,mobile/participant-app/node_modules/@babel/plugin-transform-class-properties/LICENSE,Copyright (c) 2014-present Sebastian McKenzie and other contributors | The above copyright notice and this permission notice shall be | NONINFRINGEMENT. IN NO EVENT SHALL THE AUTHORS OR COPYRIGHT HOLDERS BE,Retain copyright and permission notice in distributions.,PASS_PERMISSIVE,True
npm,@babel/plugin-transform-class-static-block,7.29.7,False,mobile/participant-app/package-lock.json#node_modules/@babel/plugin-transform-class-static-block,MIT,MIT,mobile/participant-app/node_modules/@babel/plugin-transform-class-static-block/LICENSE,Copyright (c) 2014-present Sebastian McKenzie and other contributors | The above copyright notice and this permission notice shall be | NONINFRINGEMENT. IN NO EVENT SHALL THE AUTHORS OR COPYRIGHT HOLDERS BE,Retain copyright and permission notice in distributions.,PASS_PERMISSIVE,True
npm,@babel/plugin-transform-classes,7.29.7,False,mobile/participant-app/package-lock.json#node_modules/@babel/plugin-transform-classes,MIT,MIT,mobile/participant-app/node_modules/@babel/plugin-transform-classes/LICENSE,Copyright (c) 2014-present Sebastian McKenzie and other contributors | The above copyright notice and this permission notice shall be | NONINFRINGEMENT. IN NO EVENT SHALL THE AUTHORS OR COPYRIGHT HOLDERS BE,Retain copyright and permission notice in distributions.,PASS_PERMISSIVE,True
npm,@babel/plugin-transform-destructuring,7.29.7,False,mobile/participant-app/package-lock.json#node_modules/@babel/plugin-transform-destructuring,MIT,MIT,mobile/participant-app/node_modules/@babel/plugin-transform-destructuring/LICENSE,Copyright (c) 2014-present Sebastian McKenzie and other contributors | The above copyright notice and this permission notice shall be | NONINFRINGEMENT. IN NO EVENT SHALL THE AUTHORS OR COPYRIGHT HOLDERS BE,Retain copyright and permission notice in distributions.,PASS_PERMISSIVE,True
npm,@babel/plugin-transform-export-namespace-from,7.29.7,False,mobile/participant-app/package-lock.json#node_modules/@babel/plugin-transform-export-namespace-from,MIT,MIT,mobile/participant-app/node_modules/@babel/plugin-transform-export-namespace-from/LICENSE,Copyright (c) 2014-present Sebastian McKenzie and other contributors | The above copyright notice and this permission notice shall be | NONINFRINGEMENT. IN NO EVENT SHALL THE AUTHORS OR COPYRIGHT HOLDERS BE,Retain copyright and permission notice in distributions.,PASS_PERMISSIVE,True
npm,@babel/plugin-transform-flow-strip-types,7.29.7,False,mobile/participant-app/package-lock.json#node_modules/@babel/plugin-transform-flow-strip-types,MIT,MIT,mobile/participant-app/node_modules/@babel/plugin-transform-flow-strip-types/LICENSE,Copyright (c) 2014-present Sebastian McKenzie and other contributors | The above copyright notice and this permission notice shall be | NONINFRINGEMENT. IN NO EVENT SHALL THE AUTHORS OR COPYRIGHT HOLDERS BE,Retain copyright and permission notice in distributions.,PASS_PERMISSIVE,True
npm,@babel/plugin-transform-for-of,7.29.7,False,mobile/participant-app/package-lock.json#node_modules/@babel/plugin-transform-for-of,MIT,MIT,mobile/participant-app/node_modules/@babel/plugin-transform-for-of/LICENSE,Copyright (c) 2014-present Sebastian McKenzie and other contributors | The above copyright notice and this permission notice shall be | NONINFRINGEMENT. IN NO EVENT SHALL THE AUTHORS OR COPYRIGHT HOLDERS BE,Retain copyright and permission notice in distributions.,PASS_PERMISSIVE,True
npm,@babel/plugin-transform-logical-assignment-operators,7.29.7,False,mobile/participant-app/package-lock.json#node_modules/@babel/plugin-transform-logical-assignment-operators,MIT,MIT,mobile/participant-app/node_modules/@babel/plugin-transform-logical-assignment-operators/LICENSE,Copyright (c) 2014-present Sebastian McKenzie and other contributors | The above copyright notice and this permission notice shall be | NONINFRINGEMENT. IN NO EVENT SHALL THE AUTHORS OR COPYRIGHT HOLDERS BE,Retain copyright and permission notice in distributions.,PASS_PERMISSIVE,True
npm,@babel/plugin-transform-modules-commonjs,7.29.7,False,mobile/participant-app/package-lock.json#node_modules/@babel/plugin-transform-modules-commonjs,MIT,MIT,mobile/participant-app/node_modules/@babel/plugin-transform-modules-commonjs/LICENSE,Copyright (c) 2014-present Sebastian McKenzie and other contributors | The above copyright notice and this permission notice shall be | NONINFRINGEMENT. IN NO EVENT SHALL THE AUTHORS OR COPYRIGHT HOLDERS BE,Retain copyright and permission notice in distributions.,PASS_PERMISSIVE,True
npm,@babel/plugin-transform-named-capturing-groups-regex,7.29.7,False,mobile/participant-app/package-lock.json#node_modules/@babel/plugin-transform-named-capturing-groups-regex,MIT,MIT,mobile/participant-app/node_modules/@babel/plugin-transform-named-capturing-groups-regex/LICENSE,Copyright (c) 2014-present Sebastian McKenzie and other contributors | The above copyright notice and this permission notice shall be | NONINFRINGEMENT. IN NO EVENT SHALL THE AUTHORS OR COPYRIGHT HOLDERS BE,Retain copyright and permission notice in distributions.,PASS_PERMISSIVE,True
npm,@babel/plugin-transform-nullish-coalescing-operator,7.29.7,False,mobile/participant-app/package-lock.json#node_modules/@babel/plugin-transform-nullish-coalescing-operator,MIT,MIT,mobile/participant-app/node_modules/@babel/plugin-transform-nullish-coalescing-operator/LICENSE,Copyright (c) 2014-present Sebastian McKenzie and other contributors | The above copyright notice and this permission notice shall be | NONINFRINGEMENT. IN NO EVENT SHALL THE AUTHORS OR COPYRIGHT HOLDERS BE,Retain copyright and permission notice in distributions.,PASS_PERMISSIVE,True
npm,@babel/plugin-transform-object-rest-spread,7.29.7,False,mobile/participant-app/package-lock.json#node_modules/@babel/plugin-transform-object-rest-spread,MIT,MIT,mobile/participant-app/node_modules/@babel/plugin-transform-object-rest-spread/LICENSE,Copyright (c) 2014-present Sebastian McKenzie and other contributors | The above copyright notice and this permission notice shall be | NONINFRINGEMENT. IN NO EVENT SHALL THE AUTHORS OR COPYRIGHT HOLDERS BE,Retain copyright and permission notice in distributions.,PASS_PERMISSIVE,True
npm,@babel/plugin-transform-optional-catch-binding,7.29.7,False,mobile/participant-app/package-lock.json#node_modules/@babel/plugin-transform-optional-catch-binding,MIT,MIT,mobile/participant-app/node_modules/@babel/plugin-transform-optional-catch-binding/LICENSE,Copyright (c) 2014-present Sebastian McKenzie and other contributors | The above copyright notice and this permission notice shall be | NONINFRINGEMENT. IN NO EVENT SHALL THE AUTHORS OR COPYRIGHT HOLDERS BE,Retain copyright and permission notice in distributions.,PASS_PERMISSIVE,True
npm,@babel/plugin-transform-optional-chaining,7.29.7,False,mobile/participant-app/package-lock.json#node_modules/@babel/plugin-transform-optional-chaining,MIT,MIT,mobile/participant-app/node_modules/@babel/plugin-transform-optional-chaining/LICENSE,Copyright (c) 2014-present Sebastian McKenzie and other contributors | The above copyright notice and this permission notice shall be | NONINFRINGEMENT. IN NO EVENT SHALL THE AUTHORS OR COPYRIGHT HOLDERS BE,Retain copyright and permission notice in distributions.,PASS_PERMISSIVE,True
npm,@babel/plugin-transform-parameters,7.29.7,False,mobile/participant-app/package-lock.json#node_modules/@babel/plugin-transform-parameters,MIT,MIT,mobile/participant-app/node_modules/@babel/plugin-transform-parameters/LICENSE,Copyright (c) 2014-present Sebastian McKenzie and other contributors | The above copyright notice and this permission notice shall be | NONINFRINGEMENT. IN NO EVENT SHALL THE AUTHORS OR COPYRIGHT HOLDERS BE,Retain copyright and permission notice in distributions.,PASS_PERMISSIVE,True
npm,@babel/plugin-transform-private-methods,7.29.7,False,mobile/participant-app/package-lock.json#node_modules/@babel/plugin-transform-private-methods,MIT,MIT,mobile/participant-app/node_modules/@babel/plugin-transform-private-methods/LICENSE,Copyright (c) 2014-present Sebastian McKenzie and other contributors | The above copyright notice and this permission notice shall be | NONINFRINGEMENT. IN NO EVENT SHALL THE AUTHORS OR COPYRIGHT HOLDERS BE,Retain copyright and permission notice in distributions.,PASS_PERMISSIVE,True
npm,@babel/plugin-transform-private-property-in-object,7.29.7,False,mobile/participant-app/package-lock.json#node_modules/@babel/plugin-transform-private-property-in-object,MIT,MIT,mobile/participant-app/node_modules/@babel/plugin-transform-private-property-in-object/LICENSE,Copyright (c) 2014-present Sebastian McKenzie and other contributors | The above copyright notice and this permission notice shall be | NONINFRINGEMENT. IN NO EVENT SHALL THE AUTHORS OR COPYRIGHT HOLDERS BE,Retain copyright and permission notice in distributions.,PASS_PERMISSIVE,True
npm,@babel/plugin-transform-react-display-name,7.29.7,False,mobile/participant-app/package-lock.json#node_modules/@babel/plugin-transform-react-display-name,MIT,MIT,mobile/participant-app/node_modules/@babel/plugin-transform-react-display-name/LICENSE,Copyright (c) 2014-present Sebastian McKenzie and other contributors | The above copyright notice and this permission notice shall be | NONINFRINGEMENT. IN NO EVENT SHALL THE AUTHORS OR COPYRIGHT HOLDERS BE,Retain copyright and permission notice in distributions.,PASS_PERMISSIVE,True
npm,@babel/plugin-transform-react-jsx,7.29.7,False,mobile/participant-app/package-lock.json#node_modules/@babel/plugin-transform-react-jsx,MIT,MIT,mobile/participant-app/node_modules/@babel/plugin-transform-react-jsx/LICENSE,Copyright (c) 2014-present Sebastian McKenzie and other contributors | The above copyright notice and this permission notice shall be | NONINFRINGEMENT. IN NO EVENT SHALL THE AUTHORS OR COPYRIGHT HOLDERS BE,Retain copyright and permission notice in distributions.,PASS_PERMISSIVE,True
npm,@babel/plugin-transform-react-jsx-development,7.29.7,False,mobile/participant-app/package-lock.json#node_modules/@babel/plugin-transform-react-jsx-development,MIT,MIT,mobile/participant-app/node_modules/@babel/plugin-transform-react-jsx-development/LICENSE,Copyright (c) 2014-present Sebastian McKenzie and other contributors | The above copyright notice and this permission notice shall be | NONINFRINGEMENT. IN NO EVENT SHALL THE AUTHORS OR COPYRIGHT HOLDERS BE,Retain copyright and permission notice in distributions.,PASS_PERMISSIVE,True
npm,@babel/plugin-transform-react-pure-annotations,7.29.7,False,mobile/participant-app/package-lock.json#node_modules/@babel/plugin-transform-react-pure-annotations,MIT,MIT,mobile/participant-app/node_modules/@babel/plugin-transform-react-pure-annotations/LICENSE,Copyright (c) 2014-present Sebastian McKenzie and other contributors | The above copyright notice and this permission notice shall be | NONINFRINGEMENT. IN NO EVENT SHALL THE AUTHORS OR COPYRIGHT HOLDERS BE,Retain copyright and permission notice in distributions.,PASS_PERMISSIVE,True
npm,@babel/plugin-transform-runtime,7.29.7,False,mobile/participant-app/package-lock.json#node_modules/@babel/plugin-transform-runtime,MIT,MIT,mobile/participant-app/node_modules/@babel/plugin-transform-runtime/LICENSE,Copyright (c) 2014-present Sebastian McKenzie and other contributors | The above copyright notice and this permission notice shall be | NONINFRINGEMENT. IN NO EVENT SHALL THE AUTHORS OR COPYRIGHT HOLDERS BE,Retain copyright and permission notice in distributions.,PASS_PERMISSIVE,True
npm,semver,6.3.1,False,mobile/participant-app/package-lock.json#node_modules/@babel/plugin-transform-runtime/node_modules/semver,ISC,ISC,mobile/participant-app/node_modules/@babel/plugin-transform-runtime/node_modules/semver/LICENSE,Copyright (c) Isaac Z. Schlueter and Contributors | copyright notice and this permission notice appear in all copies.,Retain copyright and permission notice in distributions.,PASS_PERMISSIVE,True
npm,@babel/plugin-transform-typescript,7.29.7,False,mobile/participant-app/package-lock.json#node_modules/@babel/plugin-transform-typescript,MIT,MIT,mobile/participant-app/node_modules/@babel/plugin-transform-typescript/LICENSE,Copyright (c) 2014-present Sebastian McKenzie and other contributors | The above copyright notice and this permission notice shall be | NONINFRINGEMENT. IN NO EVENT SHALL THE AUTHORS OR COPYRIGHT HOLDERS BE,Retain copyright and permission notice in distributions.,PASS_PERMISSIVE,True
npm,@babel/plugin-transform-unicode-regex,7.29.7,False,mobile/participant-app/package-lock.json#node_modules/@babel/plugin-transform-unicode-regex,MIT,MIT,mobile/participant-app/node_modules/@babel/plugin-transform-unicode-regex/LICENSE,Copyright (c) 2014-present Sebastian McKenzie and other contributors | The above copyright notice and this permission notice shall be | NONINFRINGEMENT. IN NO EVENT SHALL THE AUTHORS OR COPYRIGHT HOLDERS BE,Retain copyright and permission notice in distributions.,PASS_PERMISSIVE,True
npm,@babel/preset-typescript,7.29.7,False,mobile/participant-app/package-lock.json#node_modules/@babel/preset-typescript,MIT,MIT,mobile/participant-app/node_modules/@babel/preset-typescript/LICENSE,Copyright (c) 2014-present Sebastian McKenzie and other contributors | The above copyright notice and this permission notice shall be | NONINFRINGEMENT. IN NO EVENT SHALL THE AUTHORS OR COPYRIGHT HOLDERS BE,Retain copyright and permission notice in distributions.,PASS_PERMISSIVE,True
npm,@babel/runtime,7.29.7,False,mobile/participant-app/package-lock.json#node_modules/@babel/runtime,MIT,MIT,mobile/participant-app/node_modules/@babel/runtime/LICENSE,Copyright (c) 2014-present Sebastian McKenzie and other contributors | The above copyright notice and this permission notice shall be | NONINFRINGEMENT. IN NO EVENT SHALL THE AUTHORS OR COPYRIGHT HOLDERS BE,Retain copyright and permission notice in distributions.,PASS_PERMISSIVE,True
npm,@babel/template,7.29.7,False,mobile/participant-app/package-lock.json#node_modules/@babel/template,MIT,MIT,mobile/participant-app/node_modules/@babel/template/LICENSE,Copyright (c) 2014-present Sebastian McKenzie and other contributors | The above copyright notice and this permission notice shall be | NONINFRINGEMENT. IN NO EVENT SHALL THE AUTHORS OR COPYRIGHT HOLDERS BE,Retain copyright and permission notice in distributions.,PASS_PERMISSIVE,True
npm,@babel/traverse,7.29.8,False,mobile/participant-app/package-lock.json#node_modules/@babel/traverse,MIT,MIT,mobile/participant-app/node_modules/@babel/traverse/LICENSE,Copyright (c) 2014-present Sebastian McKenzie and other contributors | The above copyright notice and this permission notice shall be | NONINFRINGEMENT. IN NO EVENT SHALL THE AUTHORS OR COPYRIGHT HOLDERS BE,Retain copyright and permission notice in distributions.,PASS_PERMISSIVE,True
npm,@babel/types,7.29.8,False,mobile/participant-app/package-lock.json#node_modules/@babel/types,MIT,MIT,mobile/participant-app/node_modules/@babel/types/LICENSE,Copyright (c) 2014-present Sebastian McKenzie and other contributors | The above copyright notice and this permission notice shall be | NONINFRINGEMENT. IN NO EVENT SHALL THE AUTHORS OR COPYRIGHT HOLDERS BE,Retain copyright and permission notice in distributions.,PASS_PERMISSIVE,True
npm,@bcoe/v8-coverage,0.2.3,False,mobile/participant-app/package-lock.json#node_modules/@bcoe/v8-coverage,MIT,MIT,mobile/participant-app/node_modules/@bcoe/v8-coverage/LICENSE.md,"Copyright © 2015-2017 Charles Samborski | The above copyright notice and this permission notice shall be included in all | AUTHORS OR COPYRIGHT HOLDERS BE LIABLE FOR ANY CLAIM, DAMAGES OR OTHER",Retain copyright and permission notice in distributions.,PASS_PERMISSIVE,True
npm,@egjs/hammerjs,2.0.17,False,mobile/participant-app/package-lock.json#node_modules/@egjs/hammerjs,MIT,MIT,mobile/participant-app/node_modules/@egjs/hammerjs/LICENSE.md,"Copyright (c) 2018-present NAVER Corp. | Copyright (C) 2011-2017 by Jorik Tangelder (Eight Media) | The above copyright notice and this permission notice shall be included in | AUTHORS OR COPYRIGHT HOLDERS BE LIABLE FOR ANY CLAIM, DAMAGES OR OTHER",Retain copyright and permission notice in distributions.,PASS_PERMISSIVE,True
npm,@emnapi/core,1.10.0,False,mobile/participant-app/package-lock.json#node_modules/@emnapi/core,MIT,MIT,integrity-checked npm package tarball: emnapi-core-1.10.0.tgz/package/LICENSE,"Copyright (c) 2021-present Toyobayashi | The above copyright notice and this permission notice shall be included in all | AUTHORS OR COPYRIGHT HOLDERS BE LIABLE FOR ANY CLAIM, DAMAGES OR OTHER",Retain copyright and permission notice in distributions.,PASS_PERMISSIVE,True
npm,@emnapi/runtime,1.10.0,False,mobile/participant-app/package-lock.json#node_modules/@emnapi/runtime,MIT,MIT,integrity-checked npm package tarball: emnapi-runtime-1.10.0.tgz/package/LICENSE,"Copyright (c) 2021-present Toyobayashi | The above copyright notice and this permission notice shall be included in all | AUTHORS OR COPYRIGHT HOLDERS BE LIABLE FOR ANY CLAIM, DAMAGES OR OTHER",Retain copyright and permission notice in distributions.,PASS_PERMISSIVE,True
npm,@emnapi/wasi-threads,1.2.1,False,mobile/participant-app/package-lock.json#node_modules/@emnapi/wasi-threads,MIT,MIT,integrity-checked npm package tarball: emnapi-wasi-threads-1.2.1.tgz/package/LICENSE,"Copyright (c) 2021-present Toyobayashi | The above copyright notice and this permission notice shall be included in all | AUTHORS OR COPYRIGHT HOLDERS BE LIABLE FOR ANY CLAIM, DAMAGES OR OTHER",Retain copyright and permission notice in distributions.,PASS_PERMISSIVE,True
npm,@eslint-community/eslint-utils,4.10.1,False,mobile/participant-app/package-lock.json#node_modules/@eslint-community/eslint-utils,MIT,MIT,mobile/participant-app/node_modules/@eslint-community/eslint-utils/LICENSE,"Copyright (c) 2018 Toru Nagashima | The above copyright notice and this permission notice shall be included in all | AUTHORS OR COPYRIGHT HOLDERS BE LIABLE FOR ANY CLAIM, DAMAGES OR OTHER",Retain copyright and permission notice in distributions.,PASS_PERMISSIVE,True
npm,eslint-visitor-keys,3.4.3,False,mobile/participant-app/package-lock.json#node_modules/@eslint-community/eslint-utils/node_modules/eslint-visitor-keys,Apache-2.0,Apache-2.0,mobile/participant-app/node_modules/@eslint-community/eslint-utils/node_modules/eslint-visitor-keys/LICENSE,"""Licensor"" shall mean the copyright owner or entity authorized by | the copyright owner that is granting the License. | copyright notice that is included in or attached to the work | submitted to Licensor for inclusion in the Work by the copyright owner | the copyright owner. For the purposes of this definition, ""submitted"" | designated in writing by the copyright owner as ""Not a Contribution."" | 2. Grant of Copyright License. Subject to the terms and conditions of | copyright license to reproduce, prepare Derivative Works of,","Retain licence, copyright and NOTICE text; state material modifications where required.",PASS_PERMISSIVE,True
npm,@eslint-community/regexpp,4.12.2,False,mobile/participant-app/package-lock.json#node_modules/@eslint-community/regexpp,MIT,MIT,mobile/participant-app/node_modules/@eslint-community/regexpp/LICENSE,"Copyright (c) 2018 Toru Nagashima | The above copyright notice and this permission notice shall be included in all | AUTHORS OR COPYRIGHT HOLDERS BE LIABLE FOR ANY CLAIM, DAMAGES OR OTHER",Retain copyright and permission notice in distributions.,PASS_PERMISSIVE,True
npm,@eslint/config-array,0.21.2,False,mobile/participant-app/package-lock.json#node_modules/@eslint/config-array,Apache-2.0,Apache-2.0,mobile/participant-app/node_modules/@eslint/config-array/LICENSE,"""Licensor"" shall mean the copyright owner or entity authorized by | the copyright owner that is granting the License. | copyright notice that is included in or attached to the work | submitted to Licensor for inclusion in the Work by the copyright owner | the copyright owner. For the purposes of this definition, ""submitted"" | designated in writing by the copyright owner as ""Not a Contribution."" | 2. Grant of Copyright License. Subject to the terms and conditions of | copyright license to reproduce, prepare Derivative Works of,","Retain licence, copyright and NOTICE text; state material modifications where required.",PASS_PERMISSIVE,True
npm,balanced-match,1.0.2,False,mobile/participant-app/package-lock.json#node_modules/@eslint/config-array/node_modules/balanced-match,MIT,MIT,mobile/participant-app/node_modules/@eslint/config-array/node_modules/balanced-match/LICENSE.md,"Copyright (c) 2013 Julian Gruber &lt;julian@juliangruber.com&gt; | The above copyright notice and this permission notice shall be included in all | AUTHORS OR COPYRIGHT HOLDERS BE LIABLE FOR ANY CLAIM, DAMAGES OR OTHER",Retain copyright and permission notice in distributions.,PASS_PERMISSIVE,True
npm,brace-expansion,1.1.18,False,mobile/participant-app/package-lock.json#node_modules/@eslint/config-array/node_modules/brace-expansion,MIT,MIT,mobile/participant-app/node_modules/@eslint/config-array/node_modules/brace-expansion/LICENSE,"Copyright (c) 2013 Julian Gruber <julian@juliangruber.com> | The above copyright notice and this permission notice shall be included in all | AUTHORS OR COPYRIGHT HOLDERS BE LIABLE FOR ANY CLAIM, DAMAGES OR OTHER",Retain copyright and permission notice in distributions.,PASS_PERMISSIVE,True
npm,minimatch,3.1.5,False,mobile/participant-app/package-lock.json#node_modules/@eslint/config-array/node_modules/minimatch,ISC,ISC,mobile/participant-app/node_modules/@eslint/config-array/node_modules/minimatch/LICENSE,Copyright (c) Isaac Z. Schlueter and Contributors | copyright notice and this permission notice appear in all copies.,Retain copyright and permission notice in distributions.,PASS_PERMISSIVE,True
npm,@eslint/config-helpers,0.4.2,False,mobile/participant-app/package-lock.json#node_modules/@eslint/config-helpers,Apache-2.0,Apache-2.0,mobile/participant-app/node_modules/@eslint/config-helpers/LICENSE,"""Licensor"" shall mean the copyright owner or entity authorized by | the copyright owner that is granting the License. | copyright notice that is included in or attached to the work | submitted to Licensor for inclusion in the Work by the copyright owner | the copyright owner. For the purposes of this definition, ""submitted"" | designated in writing by the copyright owner as ""Not a Contribution."" | 2. Grant of Copyright License. Subject to the terms and conditions of | copyright license to reproduce, prepare Derivative Works of,","Retain licence, copyright and NOTICE text; state material modifications where required.",PASS_PERMISSIVE,True
npm,@eslint/core,0.17.0,False,mobile/participant-app/package-lock.json#node_modules/@eslint/core,Apache-2.0,Apache-2.0,mobile/participant-app/node_modules/@eslint/core/LICENSE,"""Licensor"" shall mean the copyright owner or entity authorized by | the copyright owner that is granting the License. | copyright notice that is included in or attached to the work | submitted to Licensor for inclusion in the Work by the copyright owner | the copyright owner. For the purposes of this definition, ""submitted"" | designated in writing by the copyright owner as ""Not a Contribution."" | 2. Grant of Copyright License. Subject to the terms and conditions of | copyright license to reproduce, prepare Derivative Works of,","Retain licence, copyright and NOTICE text; state material modifications where required.",PASS_PERMISSIVE,True
npm,@eslint/eslintrc,3.3.6,False,mobile/participant-app/package-lock.json#node_modules/@eslint/eslintrc,MIT,MIT,mobile/participant-app/node_modules/@eslint/eslintrc/LICENSE,"Copyright OpenJS Foundation and other contributors, <www.openjsf.org> | The above copyright notice and this permission notice shall be included in | AUTHORS OR COPYRIGHT HOLDERS BE LIABLE FOR ANY CLAIM, DAMAGES OR OTHER",Retain copyright and permission notice in distributions.,PASS_PERMISSIVE,True
npm,balanced-match,1.0.2,False,mobile/participant-app/package-lock.json#node_modules/@eslint/eslintrc/node_modules/balanced-match,MIT,MIT,mobile/participant-app/node_modules/@eslint/eslintrc/node_modules/balanced-match/LICENSE.md,"Copyright (c) 2013 Julian Gruber &lt;julian@juliangruber.com&gt; | The above copyright notice and this permission notice shall be included in all | AUTHORS OR COPYRIGHT HOLDERS BE LIABLE FOR ANY CLAIM, DAMAGES OR OTHER",Retain copyright and permission notice in distributions.,PASS_PERMISSIVE,True
npm,brace-expansion,1.1.18,False,mobile/participant-app/package-lock.json#node_modules/@eslint/eslintrc/node_modules/brace-expansion,MIT,MIT,mobile/participant-app/node_modules/@eslint/eslintrc/node_modules/brace-expansion/LICENSE,"Copyright (c) 2013 Julian Gruber <julian@juliangruber.com> | The above copyright notice and this permission notice shall be included in all | AUTHORS OR COPYRIGHT HOLDERS BE LIABLE FOR ANY CLAIM, DAMAGES OR OTHER",Retain copyright and permission notice in distributions.,PASS_PERMISSIVE,True
npm,minimatch,3.1.5,False,mobile/participant-app/package-lock.json#node_modules/@eslint/eslintrc/node_modules/minimatch,ISC,ISC,mobile/participant-app/node_modules/@eslint/eslintrc/node_modules/minimatch/LICENSE,Copyright (c) Isaac Z. Schlueter and Contributors | copyright notice and this permission notice appear in all copies.,Retain copyright and permission notice in distributions.,PASS_PERMISSIVE,True
npm,@eslint/js,9.39.5,False,mobile/participant-app/package-lock.json#node_modules/@eslint/js,MIT,MIT,mobile/participant-app/node_modules/@eslint/js/LICENSE,"Copyright OpenJS Foundation and other contributors, <www.openjsf.org> | The above copyright notice and this permission notice shall be included in | AUTHORS OR COPYRIGHT HOLDERS BE LIABLE FOR ANY CLAIM, DAMAGES OR OTHER",Retain copyright and permission notice in distributions.,PASS_PERMISSIVE,True
npm,@eslint/object-schema,2.1.7,False,mobile/participant-app/package-lock.json#node_modules/@eslint/object-schema,Apache-2.0,Apache-2.0,mobile/participant-app/node_modules/@eslint/object-schema/LICENSE,"""Licensor"" shall mean the copyright owner or entity authorized by | the copyright owner that is granting the License. | copyright notice that is included in or attached to the work | submitted to Licensor for inclusion in the Work by the copyright owner | the copyright owner. For the purposes of this definition, ""submitted"" | designated in writing by the copyright owner as ""Not a Contribution."" | 2. Grant of Copyright License. Subject to the terms and conditions of | copyright license to reproduce, prepare Derivative Works of,","Retain licence, copyright and NOTICE text; state material modifications where required.",PASS_PERMISSIVE,True
npm,@eslint/plugin-kit,0.4.1,False,mobile/participant-app/package-lock.json#node_modules/@eslint/plugin-kit,Apache-2.0,Apache-2.0,mobile/participant-app/node_modules/@eslint/plugin-kit/LICENSE,"""Licensor"" shall mean the copyright owner or entity authorized by | the copyright owner that is granting the License. | copyright notice that is included in or attached to the work | submitted to Licensor for inclusion in the Work by the copyright owner | the copyright owner. For the purposes of this definition, ""submitted"" | designated in writing by the copyright owner as ""Not a Contribution."" | 2. Grant of Copyright License. Subject to the terms and conditions of | copyright license to reproduce, prepare Derivative Works of,","Retain licence, copyright and NOTICE text; state material modifications where required.",PASS_PERMISSIVE,True
npm,@expo/code-signing-certificates,0.0.6,False,mobile/participant-app/package-lock.json#node_modules/@expo/code-signing-certificates,MIT,MIT,mobile/participant-app/node_modules/@expo/code-signing-certificates/LICENSE,"Copyright (c) 2020-present 650 Industries, Inc. (aka Expo) | The above copyright notice and this permission notice shall be included in all | AUTHORS OR COPYRIGHT HOLDERS BE LIABLE FOR ANY CLAIM, DAMAGES OR OTHER",Retain copyright and permission notice in distributions.,PASS_PERMISSIVE,True
npm,@expo/config,57.0.6,False,mobile/participant-app/package-lock.json#node_modules/@expo/config,MIT,MIT,mobile/participant-app/node_modules/@expo/config/LICENSE,"Copyright (c) 2015-present 650 Industries, Inc. (aka Expo) | The above copyright notice and this permission notice shall be included in all | AUTHORS OR COPYRIGHT HOLDERS BE LIABLE FOR ANY CLAIM, DAMAGES OR OTHER",Retain copyright and permission notice in distributions.,PASS_PERMISSIVE,True
npm,@expo/config-plugins,57.0.6,False,mobile/participant-app/package-lock.json#node_modules/@expo/config-plugins,MIT,MIT,mobile/participant-app/node_modules/@expo/config-plugins/LICENSE,"Copyright (c) 2015-present 650 Industries, Inc. (aka Expo) | The above copyright notice and this permission notice shall be included in all | AUTHORS OR COPYRIGHT HOLDERS BE LIABLE FOR ANY CLAIM, DAMAGES OR OTHER",Retain copyright and permission notice in distributions.,PASS_PERMISSIVE,True
npm,@expo/config-types,57.0.2,False,mobile/participant-app/package-lock.json#node_modules/@expo/config-types,MIT,MIT,mobile/participant-app/node_modules/@expo/config-types/LICENSE,"Copyright (c) 2020-present 650 Industries, Inc. (aka Expo) | The above copyright notice and this permission notice shall be included in all | AUTHORS OR COPYRIGHT HOLDERS BE LIABLE FOR ANY CLAIM, DAMAGES OR OTHER",Retain copyright and permission notice in distributions.,PASS_PERMISSIVE,True
npm,@expo/devcert,1.2.1,False,mobile/participant-app/package-lock.json#node_modules/@expo/devcert,MIT,MIT,mobile/participant-app/node_modules/@expo/devcert/node_modules/debug/LICENSE,"Copyright (c) 2014 TJ Holowaychuk <tj@vision-media.ca> | The above copyright notice and this permission notice shall be included in all copies or substantial | IN NO EVENT SHALL THE AUTHORS OR COPYRIGHT HOLDERS BE LIABLE FOR ANY CLAIM, DAMAGES OR OTHER LIABILITY,",Retain copyright and permission notice in distributions.,PASS_PERMISSIVE,True
npm,debug,3.2.7,False,mobile/participant-app/package-lock.json#node_modules/@expo/devcert/node_modules/debug,MIT,MIT,mobile/participant-app/node_modules/@expo/devcert/node_modules/debug/LICENSE,"Copyright (c) 2014 TJ Holowaychuk <tj@vision-media.ca> | The above copyright notice and this permission notice shall be included in all copies or substantial | IN NO EVENT SHALL THE AUTHORS OR COPYRIGHT HOLDERS BE LIABLE FOR ANY CLAIM, DAMAGES OR OTHER LIABILITY,",Retain copyright and permission notice in distributions.,PASS_PERMISSIVE,True
npm,@expo/devtools,57.0.1,False,mobile/participant-app/package-lock.json#node_modules/@expo/devtools,MIT,MIT,mobile/participant-app/node_modules/@expo/devtools/LICENSE,"Copyright (c) 2015-present 650 Industries, Inc. (aka Expo) | The above copyright notice and this permission notice shall be included in all | AUTHORS OR COPYRIGHT HOLDERS BE LIABLE FOR ANY CLAIM, DAMAGES OR OTHER",Retain copyright and permission notice in distributions.,PASS_PERMISSIVE,True
npm,@expo/env,2.4.2,False,mobile/participant-app/package-lock.json#node_modules/@expo/env,MIT,MIT,mobile/participant-app/node_modules/@expo/env/LICENSE,"Copyright (c) 2023-present 650 Industries, Inc. (aka Expo) | The above copyright notice and this permission notice shall be included in all | AUTHORS OR COPYRIGHT HOLDERS BE LIABLE FOR ANY CLAIM, DAMAGES OR OTHER",Retain copyright and permission notice in distributions.,PASS_PERMISSIVE,True
npm,@expo/expo-modules-macros-plugin,0.6.1,False,mobile/participant-app/package-lock.json#node_modules/@expo/expo-modules-macros-plugin,MIT,MIT,mobile/participant-app/node_modules/@expo/expo-modules-macros-plugin/LICENSE,"Copyright (c) 2015-present 650 Industries, Inc. (aka Expo) | The above copyright notice and this permission notice shall be included in all | AUTHORS OR COPYRIGHT HOLDERS BE LIABLE FOR ANY CLAIM, DAMAGES OR OTHER",Retain copyright and permission notice in distributions.,PASS_PERMISSIVE,True
npm,@expo/fingerprint,0.20.6,False,mobile/participant-app/package-lock.json#node_modules/@expo/fingerprint,MIT,MIT,mobile/participant-app/node_modules/@expo/fingerprint/LICENSE,"Copyright (c) 2015-present 650 Industries, Inc. (aka Expo) | The above copyright notice and this permission notice shall be included in all | AUTHORS OR COPYRIGHT HOLDERS BE LIABLE FOR ANY CLAIM, DAMAGES OR OTHER",Retain copyright and permission notice in distributions.,PASS_PERMISSIVE,True
npm,@expo/image-utils,0.11.4,False,mobile/participant-app/package-lock.json#node_modules/@expo/image-utils,MIT,MIT,mobile/participant-app/node_modules/@expo/image-utils/LICENSE,"Copyright (c) 2015-present 650 Industries, Inc. (aka Expo) | The above copyright notice and this permission notice shall be included in all | AUTHORS OR COPYRIGHT HOLDERS BE LIABLE FOR ANY CLAIM, DAMAGES OR OTHER",Retain copyright and permission notice in distributions.,PASS_PERMISSIVE,True
npm,@expo/inline-modules,0.1.4,False,mobile/participant-app/package-lock.json#node_modules/@expo/inline-modules,MIT,MIT,mobile/participant-app/node_modules/@expo/inline-modules/LICENSE,"Copyright (c) 2015-present 650 Industries, Inc. (aka Expo) | The above copyright notice and this permission notice shall be included in all | AUTHORS OR COPYRIGHT HOLDERS BE LIABLE FOR ANY CLAIM, DAMAGES OR OTHER",Retain copyright and permission notice in distributions.,PASS_PERMISSIVE,True
npm,@expo/json-file,11.0.1,False,mobile/participant-app/package-lock.json#node_modules/@expo/json-file,MIT,MIT,mobile/participant-app/node_modules/@expo/json-file/LICENSE,"Copyright (c) 2015-present 650 Industries, Inc. (aka Expo) | The above copyright notice and this permission notice shall be included in all | AUTHORS OR COPYRIGHT HOLDERS BE LIABLE FOR ANY CLAIM, DAMAGES OR OTHER",Retain copyright and permission notice in distributions.,PASS_PERMISSIVE,True
npm,@expo/local-build-cache-provider,57.0.5,False,mobile/participant-app/package-lock.json#node_modules/@expo/local-build-cache-provider,MIT,MIT,mobile/participant-app/node_modules/@expo/local-build-cache-provider/LICENSE,"Copyright (c) 2015-present 650 Industries, Inc. (aka Expo) | The above copyright notice and this permission notice shall be included in all | AUTHORS OR COPYRIGHT HOLDERS BE LIABLE FOR ANY CLAIM, DAMAGES OR OTHER",Retain copyright and permission notice in distributions.,PASS_PERMISSIVE,True
npm,@expo/metro,56.0.0,False,mobile/participant-app/package-lock.json#node_modules/@expo/metro,MIT,MIT,mobile/participant-app/node_modules/@expo/metro/LICENSE,"Copyright (c) Meta Platforms, Inc. and affiliates. | Copyright (c) 2015-present 650 Industries, Inc. (aka Expo) | The above copyright notice and this permission notice shall be included in all | AUTHORS OR COPYRIGHT HOLDERS BE LIABLE FOR ANY CLAIM, DAMAGES OR OTHER",Retain copyright and permission notice in distributions.,PASS_PERMISSIVE,True
npm,@expo/metro-file-map,57.0.1,False,mobile/participant-app/package-lock.json#node_modules/@expo/metro-file-map,MIT,MIT,mobile/participant-app/node_modules/@expo/metro-file-map/LICENSE,"Copyright (c) 2015-present 650 Industries, Inc. (aka Expo) | The above copyright notice and this permission notice shall be included in all | AUTHORS OR COPYRIGHT HOLDERS BE LIABLE FOR ANY CLAIM, DAMAGES OR OTHER",Retain copyright and permission notice in distributions.,PASS_PERMISSIVE,True
npm,@expo/osascript,2.7.1,False,mobile/participant-app/package-lock.json#node_modules/@expo/osascript,MIT,MIT,mobile/participant-app/node_modules/@expo/osascript/LICENSE,"Copyright (c) 2015-present 650 Industries, Inc. (aka Expo) | The above copyright notice and this permission notice shall be included in all | AUTHORS OR COPYRIGHT HOLDERS BE LIABLE FOR ANY CLAIM, DAMAGES OR OTHER",Retain copyright and permission notice in distributions.,PASS_PERMISSIVE,True
npm,@expo/package-manager,1.13.1,False,mobile/participant-app/package-lock.json#node_modules/@expo/package-manager,MIT,MIT,mobile/participant-app/node_modules/@expo/package-manager/LICENSE,"Copyright (c) 2015-present 650 Industries, Inc. (aka Expo) | The above copyright notice and this permission notice shall be included in all | AUTHORS OR COPYRIGHT HOLDERS BE LIABLE FOR ANY CLAIM, DAMAGES OR OTHER",Retain copyright and permission notice in distributions.,PASS_PERMISSIVE,True
npm,@expo/plist,0.8.1,False,mobile/participant-app/package-lock.json#node_modules/@expo/plist,MIT,MIT,mobile/participant-app/node_modules/@expo/plist/LICENSE,"Copyright (c) 2015-present 650 Industries, Inc. (aka Expo) | The above copyright notice and this permission notice shall be included in all | AUTHORS OR COPYRIGHT HOLDERS BE LIABLE FOR ANY CLAIM, DAMAGES OR OTHER",Retain copyright and permission notice in distributions.,PASS_PERMISSIVE,True
npm,@expo/prebuild-config,57.0.10,False,mobile/participant-app/package-lock.json#node_modules/@expo/prebuild-config,MIT,MIT,mobile/participant-app/node_modules/@expo/prebuild-config/LICENSE,"Copyright (c) 2015-present 650 Industries, Inc. (aka Expo) | The above copyright notice and this permission notice shall be included in all | AUTHORS OR COPYRIGHT HOLDERS BE LIABLE FOR ANY CLAIM, DAMAGES OR OTHER",Retain copyright and permission notice in distributions.,PASS_PERMISSIVE,True
npm,@expo/require-utils,57.0.4,False,mobile/participant-app/package-lock.json#node_modules/@expo/require-utils,MIT,MIT,mobile/participant-app/node_modules/@expo/require-utils/LICENSE,"Copyright (c) 2025-present 650 Industries, Inc. (aka Expo) | The above copyright notice and this permission notice shall be included in all | AUTHORS OR COPYRIGHT HOLDERS BE LIABLE FOR ANY CLAIM, DAMAGES OR OTHER",Retain copyright and permission notice in distributions.,PASS_PERMISSIVE,True
npm,@expo/schema-utils,57.0.2,False,mobile/participant-app/package-lock.json#node_modules/@expo/schema-utils,MIT,MIT,mobile/participant-app/node_modules/@expo/schema-utils/LICENSE,"Copyright (c) 2025-present 650 Industries, Inc. (aka Expo) | The above copyright notice and this permission notice shall be included in all | AUTHORS OR COPYRIGHT HOLDERS BE LIABLE FOR ANY CLAIM, DAMAGES OR OTHER",Retain copyright and permission notice in distributions.,PASS_PERMISSIVE,True
npm,@expo/sdk-runtime-versions,1.0.0,False,mobile/participant-app/package-lock.json#node_modules/@expo/sdk-runtime-versions,MIT,MIT,metadata only,Not collected; preserve upstream package notice before distribution.,Retain copyright and permission notice in distributions.,PASS_PERMISSIVE,False
npm,@expo/spawn-async,1.8.0,False,mobile/participant-app/package-lock.json#node_modules/@expo/spawn-async,MIT,MIT,mobile/participant-app/node_modules/@expo/spawn-async/LICENSE,"Copyright (c) 2015 650 Industries | The above copyright notice and this permission notice shall be included in all | AUTHORS OR COPYRIGHT HOLDERS BE LIABLE FOR ANY CLAIM, DAMAGES OR OTHER",Retain copyright and permission notice in distributions.,PASS_PERMISSIVE,True
npm,@expo/sudo-prompt,9.3.2,False,mobile/participant-app/package-lock.json#node_modules/@expo/sudo-prompt,MIT,MIT,mobile/participant-app/node_modules/@expo/sudo-prompt/LICENSE,"Copyright (c) 2015 Joran Dirk Greef | The above copyright notice and this permission notice shall be included in all | AUTHORS OR COPYRIGHT HOLDERS BE LIABLE FOR ANY CLAIM, DAMAGES OR OTHER",Retain copyright and permission notice in distributions.,PASS_PERMISSIVE,True
npm,@expo/xcpretty,4.4.4,False,mobile/participant-app/package-lock.json#node_modules/@expo/xcpretty,BSD-3-Clause,BSD-3-Clause,metadata only,Not collected; preserve upstream package notice before distribution.,"Retain copyright, conditions and disclaimer in source/binary distributions.",PASS_PERMISSIVE,False
npm,@humanfs/core,0.19.2,False,mobile/participant-app/package-lock.json#node_modules/@humanfs/core,Apache-2.0,Apache-2.0,mobile/participant-app/node_modules/@humanfs/core/LICENSE,"""Licensor"" shall mean the copyright owner or entity authorized by | the copyright owner that is granting the License. | copyright notice that is included in or attached to the work | submitted to Licensor for inclusion in the Work by the copyright owner | the copyright owner. For the purposes of this definition, ""submitted"" | designated in writing by the copyright owner as ""Not a Contribution."" | 2. Grant of Copyright License. Subject to the terms and conditions of | copyright license to reproduce, prepare Derivative Works of,","Retain licence, copyright and NOTICE text; state material modifications where required.",PASS_PERMISSIVE,True
npm,@humanfs/node,0.16.8,False,mobile/participant-app/package-lock.json#node_modules/@humanfs/node,Apache-2.0,Apache-2.0,mobile/participant-app/node_modules/@humanfs/node/LICENSE,"""Licensor"" shall mean the copyright owner or entity authorized by | the copyright owner that is granting the License. | copyright notice that is included in or attached to the work | submitted to Licensor for inclusion in the Work by the copyright owner | the copyright owner. For the purposes of this definition, ""submitted"" | designated in writing by the copyright owner as ""Not a Contribution."" | 2. Grant of Copyright License. Subject to the terms and conditions of | copyright license to reproduce, prepare Derivative Works of,","Retain licence, copyright and NOTICE text; state material modifications where required.",PASS_PERMISSIVE,True
npm,@humanfs/types,0.15.0,False,mobile/participant-app/package-lock.json#node_modules/@humanfs/types,Apache-2.0,Apache-2.0,metadata only,Not collected; preserve upstream package notice before distribution.,"Retain licence, copyright and NOTICE text; state material modifications where required.",PASS_PERMISSIVE,False
npm,@humanwhocodes/module-importer,1.0.1,False,mobile/participant-app/package-lock.json#node_modules/@humanwhocodes/module-importer,Apache-2.0,Apache-2.0,mobile/participant-app/node_modules/@humanwhocodes/module-importer/LICENSE,"""Licensor"" shall mean the copyright owner or entity authorized by | the copyright owner that is granting the License. | copyright notice that is included in or attached to the work | submitted to Licensor for inclusion in the Work by the copyright owner | the copyright owner. For the purposes of this definition, ""submitted"" | designated in writing by the copyright owner as ""Not a Contribution."" | 2. Grant of Copyright License. Subject to the terms and conditions of | copyright license to reproduce, prepare Derivative Works of,","Retain licence, copyright and NOTICE text; state material modifications where required.",PASS_PERMISSIVE,True
npm,@humanwhocodes/retry,0.4.3,False,mobile/participant-app/package-lock.json#node_modules/@humanwhocodes/retry,Apache-2.0,Apache-2.0,mobile/participant-app/node_modules/@humanwhocodes/retry/LICENSE,"""Licensor"" shall mean the copyright owner or entity authorized by | the copyright owner that is granting the License. | copyright notice that is included in or attached to the work | submitted to Licensor for inclusion in the Work by the copyright owner | the copyright owner. For the purposes of this definition, ""submitted"" | designated in writing by the copyright owner as ""Not a Contribution."" | 2. Grant of Copyright License. Subject to the terms and conditions of | copyright license to reproduce, prepare Derivative Works of,","Retain licence, copyright and NOTICE text; state material modifications where required.",PASS_PERMISSIVE,True
npm,@isaacs/ttlcache,1.4.1,False,mobile/participant-app/package-lock.json#node_modules/@isaacs/ttlcache,ISC,ISC,mobile/participant-app/node_modules/@isaacs/ttlcache/LICENSE,Copyright (c) 2022-2023 - Isaac Z. Schlueter and Contributors | copyright notice and this permission notice appear in all copies.,Retain copyright and permission notice in distributions.,PASS_PERMISSIVE,True
npm,@istanbuljs/load-nyc-config,1.1.0,False,mobile/participant-app/package-lock.json#node_modules/@istanbuljs/load-nyc-config,ISC,ISC,mobile/participant-app/node_modules/@istanbuljs/load-nyc-config/LICENSE,"Copyright (c) 2019, Contributors | that the above copyright notice and this permission notice",Retain copyright and permission notice in distributions.,PASS_PERMISSIVE,True
npm,argparse,1.0.10,False,mobile/participant-app/package-lock.json#node_modules/@istanbuljs/load-nyc-config/node_modules/argparse,MIT,MIT,mobile/participant-app/node_modules/@istanbuljs/load-nyc-config/node_modules/argparse/LICENSE,"Copyright (C) 2012 by Vitaly Puzrin | The above copyright notice and this permission notice shall be included in | AUTHORS OR COPYRIGHT HOLDERS BE LIABLE FOR ANY CLAIM, DAMAGES OR OTHER",Retain copyright and permission notice in distributions.,PASS_PERMISSIVE,True
npm,camelcase,5.3.1,False,mobile/participant-app/package-lock.json#node_modules/@istanbuljs/load-nyc-config/node_modules/camelcase,MIT,MIT,mobile/participant-app/node_modules/@istanbuljs/load-nyc-config/node_modules/camelcase/license,"Copyright (c) Sindre Sorhus <sindresorhus@gmail.com> (sindresorhus.com) | The above copyright notice and this permission notice shall be included in all copies or substantial portions of the Software. | THE SOFTWARE IS PROVIDED ""AS IS"", WITHOUT WARRANTY OF ANY KIND, EXPRESS OR IMPLIED, INCLUDING BUT NOT LIMITED TO THE WARRANTIES OF MERCHANTABILITY, FITNESS FOR A PARTICULAR PURPOSE AND NONINFRINGEMENT. IN NO EVENT SHALL THE AUTHORS OR COPYRIGHT HOLDERS BE LIABLE FOR ANY CLAIM, DAMAGES OR OTHER LIABILITY, WHETHER IN AN ACTION OF CONTRACT, TORT OR OTHERWISE, ARISING FROM, OUT OF OR IN CONNECTION WITH THE SOFTWARE OR THE USE OR OTHER DEALINGS IN THE SOFTWARE.",Retain copyright and permission notice in distributions.,PASS_PERMISSIVE,True
npm,js-yaml,3.15.1,False,mobile/participant-app/package-lock.json#node_modules/@istanbuljs/load-nyc-config/node_modules/js-yaml,MIT,MIT,mobile/participant-app/node_modules/@istanbuljs/load-nyc-config/node_modules/js-yaml/LICENSE,"Copyright (C) 2011-2015 by Vitaly Puzrin | The above copyright notice and this permission notice shall be included in | AUTHORS OR COPYRIGHT HOLDERS BE LIABLE FOR ANY CLAIM, DAMAGES OR OTHER",Retain copyright and permission notice in distributions.,PASS_PERMISSIVE,True
npm,@istanbuljs/schema,0.1.6,False,mobile/participant-app/package-lock.json#node_modules/@istanbuljs/schema,MIT,MIT,mobile/participant-app/node_modules/@istanbuljs/schema/LICENSE,"Copyright (c) 2019 CFWare, LLC | The above copyright notice and this permission notice shall be included in all | AUTHORS OR COPYRIGHT HOLDERS BE LIABLE FOR ANY CLAIM, DAMAGES OR OTHER",Retain copyright and permission notice in distributions.,PASS_PERMISSIVE,True
npm,@jest/console,29.7.0,False,mobile/participant-app/package-lock.json#node_modules/@jest/console,MIT,MIT,mobile/participant-app/node_modules/@jest/console/LICENSE,"Copyright (c) Meta Platforms, Inc. and affiliates. | The above copyright notice and this permission notice shall be included in all | AUTHORS OR COPYRIGHT HOLDERS BE LIABLE FOR ANY CLAIM, DAMAGES OR OTHER",Retain copyright and permission notice in distributions.,PASS_PERMISSIVE,True
npm,@jest/core,29.7.0,False,mobile/participant-app/package-lock.json#node_modules/@jest/core,MIT,MIT,mobile/participant-app/node_modules/@jest/core/LICENSE,"Copyright (c) Meta Platforms, Inc. and affiliates. | The above copyright notice and this permission notice shall be included in all | AUTHORS OR COPYRIGHT HOLDERS BE LIABLE FOR ANY CLAIM, DAMAGES OR OTHER",Retain copyright and permission notice in distributions.,PASS_PERMISSIVE,True
npm,ci-info,3.9.0,False,mobile/participant-app/package-lock.json#node_modules/@jest/core/node_modules/ci-info,MIT,MIT,mobile/participant-app/node_modules/@jest/core/node_modules/ci-info/LICENSE,"Copyright (c) 2016 Thomas Watson Steen | The above copyright notice and this permission notice shall be included in all | AUTHORS OR COPYRIGHT HOLDERS BE LIABLE FOR ANY CLAIM, DAMAGES OR OTHER",Retain copyright and permission notice in distributions.,PASS_PERMISSIVE,True
npm,@jest/create-cache-key-function,29.7.0,False,mobile/participant-app/package-lock.json#node_modules/@jest/create-cache-key-function,MIT,MIT,mobile/participant-app/node_modules/@jest/create-cache-key-function/LICENSE,"Copyright (c) Meta Platforms, Inc. and affiliates. | The above copyright notice and this permission notice shall be included in all | AUTHORS OR COPYRIGHT HOLDERS BE LIABLE FOR ANY CLAIM, DAMAGES OR OTHER",Retain copyright and permission notice in distributions.,PASS_PERMISSIVE,True
npm,@jest/diff-sequences,30.4.0,False,mobile/participant-app/package-lock.json#node_modules/@jest/diff-sequences,MIT,MIT,mobile/participant-app/node_modules/@jest/diff-sequences/LICENSE,"Copyright (c) Meta Platforms, Inc. and affiliates. | Copyright Contributors to the Jest project. | The above copyright notice and this permission notice shall be included in all | AUTHORS OR COPYRIGHT HOLDERS BE LIABLE FOR ANY CLAIM, DAMAGES OR OTHER",Retain copyright and permission notice in distributions.,PASS_PERMISSIVE,True
npm,@jest/environment,29.7.0,False,mobile/participant-app/package-lock.json#node_modules/@jest/environment,MIT,MIT,mobile/participant-app/node_modules/@jest/environment/LICENSE,"Copyright (c) Meta Platforms, Inc. and affiliates. | The above copyright notice and this permission notice shall be included in all | AUTHORS OR COPYRIGHT HOLDERS BE LIABLE FOR ANY CLAIM, DAMAGES OR OTHER",Retain copyright and permission notice in distributions.,PASS_PERMISSIVE,True
npm,@jest/expect,29.7.0,False,mobile/participant-app/package-lock.json#node_modules/@jest/expect,MIT,MIT,mobile/participant-app/node_modules/@jest/expect/LICENSE,"Copyright (c) Meta Platforms, Inc. and affiliates. | The above copyright notice and this permission notice shall be included in all | AUTHORS OR COPYRIGHT HOLDERS BE LIABLE FOR ANY CLAIM, DAMAGES OR OTHER",Retain copyright and permission notice in distributions.,PASS_PERMISSIVE,True
npm,@jest/expect-utils,29.7.0,False,mobile/participant-app/package-lock.json#node_modules/@jest/expect-utils,MIT,MIT,mobile/participant-app/node_modules/@jest/expect-utils/LICENSE,"Copyright (c) Meta Platforms, Inc. and affiliates. | The above copyright notice and this permission notice shall be included in all | AUTHORS OR COPYRIGHT HOLDERS BE LIABLE FOR ANY CLAIM, DAMAGES OR OTHER",Retain copyright and permission notice in distributions.,PASS_PERMISSIVE,True
npm,@jest/fake-timers,29.7.0,False,mobile/participant-app/package-lock.json#node_modules/@jest/fake-timers,MIT,MIT,mobile/participant-app/node_modules/@jest/fake-timers/LICENSE,"Copyright (c) Meta Platforms, Inc. and affiliates. | The above copyright notice and this permission notice shall be included in all | AUTHORS OR COPYRIGHT HOLDERS BE LIABLE FOR ANY CLAIM, DAMAGES OR OTHER",Retain copyright and permission notice in distributions.,PASS_PERMISSIVE,True
npm,@jest/get-type,30.1.0,False,mobile/participant-app/package-lock.json#node_modules/@jest/get-type,MIT,MIT,mobile/participant-app/node_modules/@jest/get-type/LICENSE,"Copyright (c) Meta Platforms, Inc. and affiliates. | Copyright Contributors to the Jest project. | The above copyright notice and this permission notice shall be included in all | AUTHORS OR COPYRIGHT HOLDERS BE LIABLE FOR ANY CLAIM, DAMAGES OR OTHER",Retain copyright and permission notice in distributions.,PASS_PERMISSIVE,True
npm,@jest/globals,29.7.0,False,mobile/participant-app/package-lock.json#node_modules/@jest/globals,MIT,MIT,mobile/participant-app/node_modules/@jest/globals/LICENSE,"Copyright (c) Meta Platforms, Inc. and affiliates. | The above copyright notice and this permission notice shall be included in all | AUTHORS OR COPYRIGHT HOLDERS BE LIABLE FOR ANY CLAIM, DAMAGES OR OTHER",Retain copyright and permission notice in distributions.,PASS_PERMISSIVE,True
npm,@jest/reporters,29.7.0,False,mobile/participant-app/package-lock.json#node_modules/@jest/reporters,MIT,MIT,mobile/participant-app/node_modules/@jest/reporters/LICENSE,"Copyright (c) Meta Platforms, Inc. and affiliates. | The above copyright notice and this permission notice shall be included in all | AUTHORS OR COPYRIGHT HOLDERS BE LIABLE FOR ANY CLAIM, DAMAGES OR OTHER",Retain copyright and permission notice in distributions.,PASS_PERMISSIVE,True
npm,balanced-match,1.0.2,False,mobile/participant-app/package-lock.json#node_modules/@jest/reporters/node_modules/balanced-match,MIT,MIT,mobile/participant-app/node_modules/@jest/reporters/node_modules/balanced-match/LICENSE.md,"Copyright (c) 2013 Julian Gruber &lt;julian@juliangruber.com&gt; | The above copyright notice and this permission notice shall be included in all | AUTHORS OR COPYRIGHT HOLDERS BE LIABLE FOR ANY CLAIM, DAMAGES OR OTHER",Retain copyright and permission notice in distributions.,PASS_PERMISSIVE,True
npm,brace-expansion,1.1.18,False,mobile/participant-app/package-lock.json#node_modules/@jest/reporters/node_modules/brace-expansion,MIT,MIT,mobile/participant-app/node_modules/@jest/reporters/node_modules/brace-expansion/LICENSE,"Copyright (c) 2013 Julian Gruber <julian@juliangruber.com> | The above copyright notice and this permission notice shall be included in all | AUTHORS OR COPYRIGHT HOLDERS BE LIABLE FOR ANY CLAIM, DAMAGES OR OTHER",Retain copyright and permission notice in distributions.,PASS_PERMISSIVE,True
npm,glob,7.2.3,False,mobile/participant-app/package-lock.json#node_modules/@jest/reporters/node_modules/glob,ISC,ISC,mobile/participant-app/node_modules/@jest/reporters/node_modules/glob/LICENSE,Copyright (c) Isaac Z. Schlueter and Contributors | copyright notice and this permission notice appear in all copies.,Retain copyright and permission notice in distributions.,PASS_PERMISSIVE,True
npm,istanbul-lib-instrument,6.0.3,False,mobile/participant-app/package-lock.json#node_modules/@jest/reporters/node_modules/istanbul-lib-instrument,BSD-3-Clause,BSD-3-Clause,mobile/participant-app/node_modules/@jest/reporters/node_modules/istanbul-lib-instrument/LICENSE,"Copyright 2012-2015 Yahoo! Inc. | * Redistributions of source code must retain the above copyright | * Redistributions in binary form must reproduce the above copyright | THIS SOFTWARE IS PROVIDED BY THE COPYRIGHT HOLDERS AND CONTRIBUTORS ""AS IS"" AND","Retain copyright, conditions and disclaimer in source/binary distributions.",PASS_PERMISSIVE,True
npm,minimatch,3.1.5,False,mobile/participant-app/package-lock.json#node_modules/@jest/reporters/node_modules/minimatch,ISC,ISC,mobile/participant-app/node_modules/@jest/reporters/node_modules/minimatch/LICENSE,Copyright (c) Isaac Z. Schlueter and Contributors | copyright notice and this permission notice appear in all copies.,Retain copyright and permission notice in distributions.,PASS_PERMISSIVE,True
npm,@jest/schemas,29.6.3,False,mobile/participant-app/package-lock.json#node_modules/@jest/schemas,MIT,MIT,mobile/participant-app/node_modules/@jest/schemas/LICENSE,"Copyright (c) Meta Platforms, Inc. and affiliates. | The above copyright notice and this permission notice shall be included in all | AUTHORS OR COPYRIGHT HOLDERS BE LIABLE FOR ANY CLAIM, DAMAGES OR OTHER",Retain copyright and permission notice in distributions.,PASS_PERMISSIVE,True
npm,@jest/source-map,29.6.3,False,mobile/participant-app/package-lock.json#node_modules/@jest/source-map,MIT,MIT,mobile/participant-app/node_modules/@jest/source-map/LICENSE,"Copyright (c) Meta Platforms, Inc. and affiliates. | The above copyright notice and this permission notice shall be included in all | AUTHORS OR COPYRIGHT HOLDERS BE LIABLE FOR ANY CLAIM, DAMAGES OR OTHER",Retain copyright and permission notice in distributions.,PASS_PERMISSIVE,True
npm,@jest/test-result,29.7.0,False,mobile/participant-app/package-lock.json#node_modules/@jest/test-result,MIT,MIT,mobile/participant-app/node_modules/@jest/test-result/LICENSE,"Copyright (c) Meta Platforms, Inc. and affiliates. | The above copyright notice and this permission notice shall be included in all | AUTHORS OR COPYRIGHT HOLDERS BE LIABLE FOR ANY CLAIM, DAMAGES OR OTHER",Retain copyright and permission notice in distributions.,PASS_PERMISSIVE,True
npm,@jest/test-sequencer,29.7.0,False,mobile/participant-app/package-lock.json#node_modules/@jest/test-sequencer,MIT,MIT,mobile/participant-app/node_modules/@jest/test-sequencer/LICENSE,"Copyright (c) Meta Platforms, Inc. and affiliates. | The above copyright notice and this permission notice shall be included in all | AUTHORS OR COPYRIGHT HOLDERS BE LIABLE FOR ANY CLAIM, DAMAGES OR OTHER",Retain copyright and permission notice in distributions.,PASS_PERMISSIVE,True
npm,@jest/transform,29.7.0,False,mobile/participant-app/package-lock.json#node_modules/@jest/transform,MIT,MIT,mobile/participant-app/node_modules/@jest/transform/LICENSE,"Copyright (c) Meta Platforms, Inc. and affiliates. | The above copyright notice and this permission notice shall be included in all | AUTHORS OR COPYRIGHT HOLDERS BE LIABLE FOR ANY CLAIM, DAMAGES OR OTHER",Retain copyright and permission notice in distributions.,PASS_PERMISSIVE,True
npm,@jest/types,29.6.3,False,mobile/participant-app/package-lock.json#node_modules/@jest/types,MIT,MIT,mobile/participant-app/node_modules/@jest/types/LICENSE,"Copyright (c) Meta Platforms, Inc. and affiliates. | The above copyright notice and this permission notice shall be included in all | AUTHORS OR COPYRIGHT HOLDERS BE LIABLE FOR ANY CLAIM, DAMAGES OR OTHER",Retain copyright and permission notice in distributions.,PASS_PERMISSIVE,True
npm,@jridgewell/gen-mapping,0.3.13,False,mobile/participant-app/package-lock.json#node_modules/@jridgewell/gen-mapping,MIT,MIT,mobile/participant-app/node_modules/@jridgewell/gen-mapping/LICENSE,"Copyright 2024 Justin Ridgewell <justin@ridgewell.name> | The above copyright notice and this permission notice shall be included in | AUTHORS OR COPYRIGHT HOLDERS BE LIABLE FOR ANY CLAIM, DAMAGES OR OTHER",Retain copyright and permission notice in distributions.,PASS_PERMISSIVE,True
npm,@jridgewell/remapping,2.3.5,False,mobile/participant-app/package-lock.json#node_modules/@jridgewell/remapping,MIT,MIT,mobile/participant-app/node_modules/@jridgewell/remapping/LICENSE,"Copyright 2024 Justin Ridgewell <justin@ridgewell.name> | The above copyright notice and this permission notice shall be included in | AUTHORS OR COPYRIGHT HOLDERS BE LIABLE FOR ANY CLAIM, DAMAGES OR OTHER",Retain copyright and permission notice in distributions.,PASS_PERMISSIVE,True
npm,@jridgewell/resolve-uri,3.1.2,False,mobile/participant-app/package-lock.json#node_modules/@jridgewell/resolve-uri,MIT,MIT,mobile/participant-app/node_modules/@jridgewell/resolve-uri/LICENSE,"Copyright 2019 Justin Ridgewell <jridgewell@google.com> | The above copyright notice and this permission notice shall be included in | AUTHORS OR COPYRIGHT HOLDERS BE LIABLE FOR ANY CLAIM, DAMAGES OR OTHER",Retain copyright and permission notice in distributions.,PASS_PERMISSIVE,True
npm,@jridgewell/source-map,0.3.11,False,mobile/participant-app/package-lock.json#node_modules/@jridgewell/source-map,MIT,MIT,mobile/participant-app/node_modules/@jridgewell/source-map/LICENSE,"Copyright 2024 Justin Ridgewell <justin@ridgewell.name> | The above copyright notice and this permission notice shall be included in | AUTHORS OR COPYRIGHT HOLDERS BE LIABLE FOR ANY CLAIM, DAMAGES OR OTHER",Retain copyright and permission notice in distributions.,PASS_PERMISSIVE,True
npm,@jridgewell/sourcemap-codec,1.5.5,False,mobile/participant-app/package-lock.json#node_modules/@jridgewell/sourcemap-codec,MIT,MIT,mobile/participant-app/node_modules/@jridgewell/sourcemap-codec/LICENSE,"Copyright 2024 Justin Ridgewell <justin@ridgewell.name> | The above copyright notice and this permission notice shall be included in | AUTHORS OR COPYRIGHT HOLDERS BE LIABLE FOR ANY CLAIM, DAMAGES OR OTHER",Retain copyright and permission notice in distributions.,PASS_PERMISSIVE,True
npm,@jridgewell/trace-mapping,0.3.31,False,mobile/participant-app/package-lock.json#node_modules/@jridgewell/trace-mapping,MIT,MIT,mobile/participant-app/node_modules/@jridgewell/trace-mapping/LICENSE,"Copyright 2024 Justin Ridgewell <justin@ridgewell.name> | The above copyright notice and this permission notice shall be included in | AUTHORS OR COPYRIGHT HOLDERS BE LIABLE FOR ANY CLAIM, DAMAGES OR OTHER",Retain copyright and permission notice in distributions.,PASS_PERMISSIVE,True
npm,@napi-rs/wasm-runtime,1.2.2,False,mobile/participant-app/package-lock.json#node_modules/@napi-rs/wasm-runtime,MIT,MIT,metadata only,Not collected; preserve upstream package notice before distribution.,Retain copyright and permission notice in distributions.,PASS_PERMISSIVE,False
npm,@nolyfill/is-core-module,1.0.39,False,mobile/participant-app/package-lock.json#node_modules/@nolyfill/is-core-module,MIT,MIT,mobile/participant-app/node_modules/@nolyfill/is-core-module/LICENSE,"Copyright (c) 2023 Sukka | The above copyright notice and this permission notice shall be included in all | AUTHORS OR COPYRIGHT HOLDERS BE LIABLE FOR ANY CLAIM, DAMAGES OR OTHER",Retain copyright and permission notice in distributions.,PASS_PERMISSIVE,True
npm,@react-native/assets-registry,0.86.2,False,mobile/participant-app/package-lock.json#node_modules/@react-native/assets-registry,MIT,MIT,metadata only,Not collected; preserve upstream package notice before distribution.,Retain copyright and permission notice in distributions.,PASS_PERMISSIVE,False
npm,@react-native/babel-plugin-codegen,0.86.2,False,mobile/participant-app/package-lock.json#node_modules/@react-native/babel-plugin-codegen,MIT,MIT,metadata only,Not collected; preserve upstream package notice before distribution.,Retain copyright and permission notice in distributions.,PASS_PERMISSIVE,False
npm,@react-native/codegen,0.86.2,False,mobile/participant-app/package-lock.json#node_modules/@react-native/codegen,MIT,MIT,mobile/participant-app/node_modules/@react-native/codegen/node_modules/hermes-estree/LICENSE,"Copyright (c) Meta Platforms, Inc. and affiliates. | The above copyright notice and this permission notice shall be included in all | AUTHORS OR COPYRIGHT HOLDERS BE LIABLE FOR ANY CLAIM, DAMAGES OR OTHER",Retain copyright and permission notice in distributions.,PASS_PERMISSIVE,True
npm,hermes-estree,0.36.0,False,mobile/participant-app/package-lock.json#node_modules/@react-native/codegen/node_modules/hermes-estree,MIT,MIT,mobile/participant-app/node_modules/@react-native/codegen/node_modules/hermes-estree/LICENSE,"Copyright (c) Meta Platforms, Inc. and affiliates. | The above copyright notice and this permission notice shall be included in all | AUTHORS OR COPYRIGHT HOLDERS BE LIABLE FOR ANY CLAIM, DAMAGES OR OTHER",Retain copyright and permission notice in distributions.,PASS_PERMISSIVE,True
npm,hermes-parser,0.36.0,False,mobile/participant-app/package-lock.json#node_modules/@react-native/codegen/node_modules/hermes-parser,MIT,MIT,mobile/participant-app/node_modules/@react-native/codegen/node_modules/hermes-parser/LICENSE,"Copyright (c) Meta Platforms, Inc. and affiliates. | The above copyright notice and this permission notice shall be included in all | AUTHORS OR COPYRIGHT HOLDERS BE LIABLE FOR ANY CLAIM, DAMAGES OR OTHER",Retain copyright and permission notice in distributions.,PASS_PERMISSIVE,True
npm,@react-native/community-cli-plugin,0.86.2,False,mobile/participant-app/package-lock.json#node_modules/@react-native/community-cli-plugin,MIT,MIT,metadata only,Not collected; preserve upstream package notice before distribution.,Retain copyright and permission notice in distributions.,PASS_PERMISSIVE,False
npm,@react-native/debugger-frontend,0.86.2,False,mobile/participant-app/package-lock.json#node_modules/@react-native/debugger-frontend,BSD-3-Clause,BSD-3-Clause,mobile/participant-app/node_modules/@react-native/debugger-frontend/dist/third-party/LICENSE,"// Copyright (c) Meta Platforms, Inc. and affiliates. | // Copyright 2014 The Chromium Authors. All rights reserved. | //    * Redistributions of source code must retain the above copyright | // copyright notice, this list of conditions and the following disclaimer | // THIS SOFTWARE IS PROVIDED BY THE COPYRIGHT HOLDERS AND CONTRIBUTORS | // A PARTICULAR PURPOSE ARE DISCLAIMED. IN NO EVENT SHALL THE COPYRIGHT","Retain copyright, conditions and disclaimer in source/binary distributions.",PASS_PERMISSIVE,True
npm,@react-native/debugger-shell,0.86.2,False,mobile/participant-app/package-lock.json#node_modules/@react-native/debugger-shell,MIT,MIT,metadata only,Not collected; preserve upstream package notice before distribution.,Retain copyright and permission notice in distributions.,PASS_PERMISSIVE,False
npm,@react-native/dev-middleware,0.86.2,False,mobile/participant-app/package-lock.json#node_modules/@react-native/dev-middleware,MIT,MIT,metadata only,Not collected; preserve upstream package notice before distribution.,Retain copyright and permission notice in distributions.,PASS_PERMISSIVE,False
npm,@react-native/gradle-plugin,0.86.2,False,mobile/participant-app/package-lock.json#node_modules/@react-native/gradle-plugin,MIT,MIT,metadata only,Not collected; preserve upstream package notice before distribution.,Retain copyright and permission notice in distributions.,PASS_PERMISSIVE,False
npm,@react-native/jest-preset,0.86.2,False,mobile/participant-app/package-lock.json#node_modules/@react-native/jest-preset,MIT,MIT,metadata only,Not collected; preserve upstream package notice before distribution.,Retain copyright and permission notice in distributions.,PASS_PERMISSIVE,False
npm,@react-native/js-polyfills,0.86.2,False,mobile/participant-app/package-lock.json#node_modules/@react-native/js-polyfills,MIT,MIT,metadata only,Not collected; preserve upstream package notice before distribution.,Retain copyright and permission notice in distributions.,PASS_PERMISSIVE,False
npm,@react-native/normalize-colors,0.86.2,False,mobile/participant-app/package-lock.json#node_modules/@react-native/normalize-colors,MIT,MIT,metadata only,Not collected; preserve upstream package notice before distribution.,Retain copyright and permission notice in distributions.,PASS_PERMISSIVE,False
npm,@react-native/virtualized-lists,0.86.2,False,mobile/participant-app/package-lock.json#node_modules/@react-native/virtualized-lists,MIT,MIT,metadata only,Not collected; preserve upstream package notice before distribution.,Retain copyright and permission notice in distributions.,PASS_PERMISSIVE,False
npm,@react-navigation/core,7.21.11,False,mobile/participant-app/package-lock.json#node_modules/@react-navigation/core,MIT,MIT,mobile/participant-app/node_modules/@react-navigation/core/LICENSE,"Copyright (c) 2017 React Navigation Contributors | The above copyright notice and this permission notice shall be included in all | AUTHORS OR COPYRIGHT HOLDERS BE LIABLE FOR ANY CLAIM, DAMAGES OR OTHER",Retain copyright and permission notice in distributions.,PASS_PERMISSIVE,True
npm,react-is,19.2.8,False,mobile/participant-app/package-lock.json#node_modules/@react-navigation/core/node_modules/react-is,MIT,MIT,mobile/participant-app/node_modules/@react-navigation/core/node_modules/react-is/LICENSE,"Copyright (c) Meta Platforms, Inc. and affiliates. | The above copyright notice and this permission notice shall be included in all | AUTHORS OR COPYRIGHT HOLDERS BE LIABLE FOR ANY CLAIM, DAMAGES OR OTHER",Retain copyright and permission notice in distributions.,PASS_PERMISSIVE,True
npm,@react-navigation/elements,2.9.36,False,mobile/participant-app/package-lock.json#node_modules/@react-navigation/elements,MIT,MIT,mobile/participant-app/node_modules/@react-navigation/elements/LICENSE,"Copyright (c) 2017 React Navigation Contributors | The above copyright notice and this permission notice shall be included in all | AUTHORS OR COPYRIGHT HOLDERS BE LIABLE FOR ANY CLAIM, DAMAGES OR OTHER",Retain copyright and permission notice in distributions.,PASS_PERMISSIVE,True
npm,@react-navigation/native,7.3.14,True,mobile/participant-app/package-lock.json#node_modules/@react-navigation/native,MIT,MIT,mobile/participant-app/node_modules/@react-navigation/native/LICENSE,"Copyright (c) 2017 React Navigation Contributors | The above copyright notice and this permission notice shall be included in all | AUTHORS OR COPYRIGHT HOLDERS BE LIABLE FOR ANY CLAIM, DAMAGES OR OTHER",Retain copyright and permission notice in distributions.,PASS_PERMISSIVE,True
npm,@react-navigation/native-stack,7.18.6,True,mobile/participant-app/package-lock.json#node_modules/@react-navigation/native-stack,MIT,MIT,mobile/participant-app/node_modules/@react-navigation/native-stack/LICENSE,"Copyright (c) 2017 React Navigation Contributors | The above copyright notice and this permission notice shall be included in all | AUTHORS OR COPYRIGHT HOLDERS BE LIABLE FOR ANY CLAIM, DAMAGES OR OTHER",Retain copyright and permission notice in distributions.,PASS_PERMISSIVE,True
npm,@react-navigation/routers,7.6.4,False,mobile/participant-app/package-lock.json#node_modules/@react-navigation/routers,MIT,MIT,mobile/participant-app/node_modules/@react-navigation/routers/LICENSE,"Copyright (c) 2017 React Navigation Contributors | The above copyright notice and this permission notice shall be included in all | AUTHORS OR COPYRIGHT HOLDERS BE LIABLE FOR ANY CLAIM, DAMAGES OR OTHER",Retain copyright and permission notice in distributions.,PASS_PERMISSIVE,True
npm,@redocly/ajv,8.11.2,False,mobile/participant-app/package-lock.json#node_modules/@redocly/ajv,MIT,MIT,mobile/participant-app/node_modules/@redocly/ajv/LICENSE,"Copyright (c) 2015-2021 Evgeny Poberezkin | The above copyright notice and this permission notice shall be included in all | AUTHORS OR COPYRIGHT HOLDERS BE LIABLE FOR ANY CLAIM, DAMAGES OR OTHER",Retain copyright and permission notice in distributions.,PASS_PERMISSIVE,True
npm,json-schema-traverse,1.0.0,False,mobile/participant-app/package-lock.json#node_modules/@redocly/ajv/node_modules/json-schema-traverse,MIT,MIT,mobile/participant-app/node_modules/@redocly/ajv/node_modules/json-schema-traverse/LICENSE,"Copyright (c) 2017 Evgeny Poberezkin | The above copyright notice and this permission notice shall be included in all | AUTHORS OR COPYRIGHT HOLDERS BE LIABLE FOR ANY CLAIM, DAMAGES OR OTHER",Retain copyright and permission notice in distributions.,PASS_PERMISSIVE,True
npm,@redocly/config,0.22.0,False,mobile/participant-app/package-lock.json#node_modules/@redocly/config,MIT,MIT,mobile/participant-app/node_modules/@redocly/config/LICENSE,"Copyright 2024 Redocly Inc. | The above copyright notice and this permission notice shall be included in all copies or substantial portions of the Software. | THE SOFTWARE IS PROVIDED ""AS IS"", WITHOUT WARRANTY OF ANY KIND, EXPRESS OR IMPLIED, INCLUDING BUT NOT LIMITED TO THE WARRANTIES OF MERCHANTABILITY, FITNESS FOR A PARTICULAR PURPOSE AND NONINFRINGEMENT. IN NO EVENT SHALL THE AUTHORS OR COPYRIGHT HOLDERS BE LIABLE FOR ANY CLAIM, DAMAGES OR OTHER LIABILITY, WHETHER IN AN ACTION OF CONTRACT, TORT OR OTHERWISE, ARISING FROM, OUT OF OR IN CONNECTION WITH THE SOFTWARE OR THE USE OR OTHER DEALINGS IN THE SOFTWARE.",Retain copyright and permission notice in distributions.,PASS_PERMISSIVE,True
npm,@redocly/openapi-core,1.34.18,False,mobile/participant-app/package-lock.json#node_modules/@redocly/openapi-core,MIT,MIT,mobile/participant-app/node_modules/@redocly/openapi-core/node_modules/balanced-match/LICENSE.md,"Copyright (c) 2013 Julian Gruber &lt;julian@juliangruber.com&gt; | The above copyright notice and this permission notice shall be included in all | AUTHORS OR COPYRIGHT HOLDERS BE LIABLE FOR ANY CLAIM, DAMAGES OR OTHER",Retain copyright and permission notice in distributions.,PASS_PERMISSIVE,True
npm,balanced-match,1.0.2,False,mobile/participant-app/package-lock.json#node_modules/@redocly/openapi-core/node_modules/balanced-match,MIT,MIT,mobile/participant-app/node_modules/@redocly/openapi-core/node_modules/balanced-match/LICENSE.md,"Copyright (c) 2013 Julian Gruber &lt;julian@juliangruber.com&gt; | The above copyright notice and this permission notice shall be included in all | AUTHORS OR COPYRIGHT HOLDERS BE LIABLE FOR ANY CLAIM, DAMAGES OR OTHER",Retain copyright and permission notice in distributions.,PASS_PERMISSIVE,True
npm,brace-expansion,2.1.4,False,mobile/participant-app/package-lock.json#node_modules/@redocly/openapi-core/node_modules/brace-expansion,MIT,MIT,mobile/participant-app/node_modules/@redocly/openapi-core/node_modules/brace-expansion/LICENSE,"Copyright (c) 2013 Julian Gruber <julian@juliangruber.com> | The above copyright notice and this permission notice shall be included in all | AUTHORS OR COPYRIGHT HOLDERS BE LIABLE FOR ANY CLAIM, DAMAGES OR OTHER",Retain copyright and permission notice in distributions.,PASS_PERMISSIVE,True
npm,js-yaml,4.3.0,False,mobile/participant-app/package-lock.json#node_modules/@redocly/openapi-core/node_modules/js-yaml,MIT,MIT,mobile/participant-app/node_modules/@redocly/openapi-core/node_modules/js-yaml/LICENSE,"Copyright (C) 2011-2015 by Vitaly Puzrin | The above copyright notice and this permission notice shall be included in | AUTHORS OR COPYRIGHT HOLDERS BE LIABLE FOR ANY CLAIM, DAMAGES OR OTHER",Retain copyright and permission notice in distributions.,PASS_PERMISSIVE,True
npm,minimatch,5.1.9,False,mobile/participant-app/package-lock.json#node_modules/@redocly/openapi-core/node_modules/minimatch,ISC,ISC,mobile/participant-app/node_modules/@redocly/openapi-core/node_modules/minimatch/LICENSE,Copyright (c) 2011-2023 Isaac Z. Schlueter and Contributors | copyright notice and this permission notice appear in all copies.,Retain copyright and permission notice in distributions.,PASS_PERMISSIVE,True
npm,@rtsao/scc,1.1.0,False,mobile/participant-app/package-lock.json#node_modules/@rtsao/scc,MIT,MIT,mobile/participant-app/node_modules/@rtsao/scc/LICENSE,"Copyright (c) 2019 Ryan Tsao | The above copyright notice and this permission notice shall be included in all | AUTHORS OR COPYRIGHT HOLDERS BE LIABLE FOR ANY CLAIM, DAMAGES OR OTHER",Retain copyright and permission notice in distributions.,PASS_PERMISSIVE,True
npm,@sinclair/typebox,0.27.12,False,mobile/participant-app/package-lock.json#node_modules/@sinclair/typebox,MIT,MIT,mobile/participant-app/node_modules/@sinclair/typebox/license,"Copyright (c) 2017-2023 Haydn Paterson (sinclair) <haydn.developer@gmail.com> | The above copyright notice and this permission notice shall be included in | AUTHORS OR COPYRIGHT HOLDERS BE LIABLE FOR ANY CLAIM, DAMAGES OR OTHER",Retain copyright and permission notice in distributions.,PASS_PERMISSIVE,True
npm,@sinonjs/commons,3.0.1,False,mobile/participant-app/package-lock.json#node_modules/@sinonjs/commons,BSD-3-Clause,BSD-3-Clause,mobile/participant-app/node_modules/@sinonjs/commons/LICENSE,"Copyright (c) 2018, Sinon.JS | * Redistributions of source code must retain the above copyright notice, this | * Redistributions in binary form must reproduce the above copyright notice, | * Neither the name of the copyright holder nor the names of its | THIS SOFTWARE IS PROVIDED BY THE COPYRIGHT HOLDERS AND CONTRIBUTORS ""AS IS"" | DISCLAIMED. IN NO EVENT SHALL THE COPYRIGHT HOLDER OR CONTRIBUTORS BE LIABLE","Retain copyright, conditions and disclaimer in source/binary distributions.",PASS_PERMISSIVE,True
npm,@sinonjs/fake-timers,10.3.0,False,mobile/participant-app/package-lock.json#node_modules/@sinonjs/fake-timers,BSD-3-Clause,BSD-3-Clause,mobile/participant-app/node_modules/@sinonjs/fake-timers/LICENSE,"Copyright (c) 2010-2014, Christian Johansen, christian@cjohansen.no. All rights reserved. | 1. Redistributions of source code must retain the above copyright notice, this list of conditions and the following disclaimer. | 2. Redistributions in binary form must reproduce the above copyright notice, this list of conditions and the following disclaimer in the documentation and/or other materials provided with the distribution. | 3. Neither the name of the copyright holder nor the names of its contributors may be used to endorse or promote products derived from this software without specific prior written permission. | THIS SOFTWARE IS PROVIDED BY THE COPYRIGHT HOLDERS AND CONTRIBUTORS ""AS IS"" AND ANY EXPRESS OR IMPLIED WARRANTIES, INCLUDING, BUT NOT LIMITED TO, THE IMPLIED WARRANTIES OF MERCHANTABILITY AND FITNESS FOR A PARTICULAR PURPOSE ARE DISCLAIMED. IN NO EVENT SHALL THE COPYRIGHT HOLDER OR CONTRIBUTORS BE LIABLE FOR ANY DIRECT, INDIRECT, INCIDENTAL, SPECIAL, EXEMPLARY, OR CONSEQUENTIAL DAMAGES (INCLUDING, BUT NOT LIMITED TO, PROCUREMENT OF SUBSTITUTE GOODS OR SERVICES; LOSS OF USE, DATA, OR PROFITS; OR BUSINESS INTERRUPTION) HOWEVER CAUSED AND ON ANY THEORY OF LIABILITY, WHETHER IN CONTRACT, STRICT LIABILITY, OR TORT (INCLUDING NEGLIGENCE OR OTHERWISE) ARISING IN ANY WAY OUT OF THE USE OF THIS SOFTWARE, EVEN IF ADVISED OF THE POSSIBILITY OF SUCH DAMAGE.","Retain copyright, conditions and disclaimer in source/binary distributions.",PASS_PERMISSIVE,True
npm,@testing-library/react-native,13.3.3,True,mobile/participant-app/package-lock.json#node_modules/@testing-library/react-native,MIT,MIT,mobile/participant-app/node_modules/@testing-library/react-native/LICENSE,"Copyright (c) 2018 Callstack and Rally Health | The above copyright notice and this permission notice shall be included in all | AUTHORS OR COPYRIGHT HOLDERS BE LIABLE FOR ANY CLAIM, DAMAGES OR OTHER",Retain copyright and permission notice in distributions.,PASS_PERMISSIVE,True
npm,@jest/schemas,30.4.1,False,mobile/participant-app/package-lock.json#node_modules/@testing-library/react-native/node_modules/@jest/schemas,MIT,MIT,mobile/participant-app/node_modules/@testing-library/react-native/node_modules/@jest/schemas/LICENSE,"Copyright (c) Meta Platforms, Inc. and affiliates. | Copyright Contributors to the Jest project. | The above copyright notice and this permission notice shall be included in all | AUTHORS OR COPYRIGHT HOLDERS BE LIABLE FOR ANY CLAIM, DAMAGES OR OTHER",Retain copyright and permission notice in distributions.,PASS_PERMISSIVE,True
npm,@sinclair/typebox,0.34.52,False,mobile/participant-app/package-lock.json#node_modules/@testing-library/react-native/node_modules/@sinclair/typebox,MIT,MIT,mobile/participant-app/node_modules/@testing-library/react-native/node_modules/@sinclair/typebox/license,"Copyright (c) 2017-2026 Haydn Paterson | The above copyright notice and this permission notice shall be included in | AUTHORS OR COPYRIGHT HOLDERS BE LIABLE FOR ANY CLAIM, DAMAGES OR OTHER",Retain copyright and permission notice in distributions.,PASS_PERMISSIVE,True
npm,ansi-styles,5.2.0,False,mobile/participant-app/package-lock.json#node_modules/@testing-library/react-native/node_modules/ansi-styles,MIT,MIT,mobile/participant-app/node_modules/@testing-library/react-native/node_modules/ansi-styles/license,"Copyright (c) Sindre Sorhus <sindresorhus@gmail.com> (sindresorhus.com) | The above copyright notice and this permission notice shall be included in all copies or substantial portions of the Software. | THE SOFTWARE IS PROVIDED ""AS IS"", WITHOUT WARRANTY OF ANY KIND, EXPRESS OR IMPLIED, INCLUDING BUT NOT LIMITED TO THE WARRANTIES OF MERCHANTABILITY, FITNESS FOR A PARTICULAR PURPOSE AND NONINFRINGEMENT. IN NO EVENT SHALL THE AUTHORS OR COPYRIGHT HOLDERS BE LIABLE FOR ANY CLAIM, DAMAGES OR OTHER LIABILITY, WHETHER IN AN ACTION OF CONTRACT, TORT OR OTHERWISE, ARISING FROM, OUT OF OR IN CONNECTION WITH THE SOFTWARE OR THE USE OR OTHER DEALINGS IN THE SOFTWARE.",Retain copyright and permission notice in distributions.,PASS_PERMISSIVE,True
npm,pretty-format,30.4.1,False,mobile/participant-app/package-lock.json#node_modules/@testing-library/react-native/node_modules/pretty-format,MIT,MIT,mobile/participant-app/node_modules/@testing-library/react-native/node_modules/pretty-format/LICENSE,"Copyright (c) Meta Platforms, Inc. and affiliates. | Copyright Contributors to the Jest project. | The above copyright notice and this permission notice shall be included in all | AUTHORS OR COPYRIGHT HOLDERS BE LIABLE FOR ANY CLAIM, DAMAGES OR OTHER",Retain copyright and permission notice in distributions.,PASS_PERMISSIVE,True
npm,@tootallnate/once,2.0.1,False,mobile/participant-app/package-lock.json#node_modules/@tootallnate/once,MIT,MIT,mobile/participant-app/node_modules/@tootallnate/once/LICENSE,"Copyright (c) 2020 Nathan Rajlich | The above copyright notice and this permission notice shall be included in all | AUTHORS OR COPYRIGHT HOLDERS BE LIABLE FOR ANY CLAIM, DAMAGES OR OTHER",Retain copyright and permission notice in distributions.,PASS_PERMISSIVE,True
npm,@tybys/wasm-util,0.10.3,False,mobile/participant-app/package-lock.json#node_modules/@tybys/wasm-util,MIT,MIT,metadata only,Not collected; preserve upstream package notice before distribution.,Retain copyright and permission notice in distributions.,PASS_PERMISSIVE,False
npm,@types/babel__core,7.20.5,False,mobile/participant-app/package-lock.json#node_modules/@types/babel__core,MIT,MIT,mobile/participant-app/node_modules/@types/babel__core/LICENSE,"Copyright (c) Microsoft Corporation. | The above copyright notice and this permission notice shall be included in all | AUTHORS OR COPYRIGHT HOLDERS BE LIABLE FOR ANY CLAIM, DAMAGES OR OTHER",Retain copyright and permission notice in distributions.,PASS_PERMISSIVE,True
npm,@types/babel__generator,7.27.0,False,mobile/participant-app/package-lock.json#node_modules/@types/babel__generator,MIT,MIT,mobile/participant-app/node_modules/@types/babel__generator/LICENSE,"Copyright (c) Microsoft Corporation. | The above copyright notice and this permission notice shall be included in all | AUTHORS OR COPYRIGHT HOLDERS BE LIABLE FOR ANY CLAIM, DAMAGES OR OTHER",Retain copyright and permission notice in distributions.,PASS_PERMISSIVE,True
npm,@types/babel__template,7.4.4,False,mobile/participant-app/package-lock.json#node_modules/@types/babel__template,MIT,MIT,mobile/participant-app/node_modules/@types/babel__template/LICENSE,"Copyright (c) Microsoft Corporation. | The above copyright notice and this permission notice shall be included in all | AUTHORS OR COPYRIGHT HOLDERS BE LIABLE FOR ANY CLAIM, DAMAGES OR OTHER",Retain copyright and permission notice in distributions.,PASS_PERMISSIVE,True
npm,@types/babel__traverse,7.28.0,False,mobile/participant-app/package-lock.json#node_modules/@types/babel__traverse,MIT,MIT,mobile/participant-app/node_modules/@types/babel__traverse/LICENSE,"Copyright (c) Microsoft Corporation. | The above copyright notice and this permission notice shall be included in all | AUTHORS OR COPYRIGHT HOLDERS BE LIABLE FOR ANY CLAIM, DAMAGES OR OTHER",Retain copyright and permission notice in distributions.,PASS_PERMISSIVE,True
npm,@types/estree,1.0.9,False,mobile/participant-app/package-lock.json#node_modules/@types/estree,MIT,MIT,mobile/participant-app/node_modules/@types/estree/LICENSE,"Copyright (c) Microsoft Corporation. | The above copyright notice and this permission notice shall be included in all | AUTHORS OR COPYRIGHT HOLDERS BE LIABLE FOR ANY CLAIM, DAMAGES OR OTHER",Retain copyright and permission notice in distributions.,PASS_PERMISSIVE,True
npm,@types/graceful-fs,4.1.9,False,mobile/participant-app/package-lock.json#node_modules/@types/graceful-fs,MIT,MIT,mobile/participant-app/node_modules/@types/graceful-fs/LICENSE,"Copyright (c) Microsoft Corporation. | The above copyright notice and this permission notice shall be included in all | AUTHORS OR COPYRIGHT HOLDERS BE LIABLE FOR ANY CLAIM, DAMAGES OR OTHER",Retain copyright and permission notice in distributions.,PASS_PERMISSIVE,True
npm,@types/hammerjs,2.0.46,False,mobile/participant-app/package-lock.json#node_modules/@types/hammerjs,MIT,MIT,mobile/participant-app/node_modules/@types/hammerjs/LICENSE,"Copyright (c) Microsoft Corporation. | The above copyright notice and this permission notice shall be included in all | AUTHORS OR COPYRIGHT HOLDERS BE LIABLE FOR ANY CLAIM, DAMAGES OR OTHER",Retain copyright and permission notice in distributions.,PASS_PERMISSIVE,True
npm,@types/istanbul-lib-coverage,2.0.6,False,mobile/participant-app/package-lock.json#node_modules/@types/istanbul-lib-coverage,MIT,MIT,mobile/participant-app/node_modules/@types/istanbul-lib-coverage/LICENSE,"Copyright (c) Microsoft Corporation. | The above copyright notice and this permission notice shall be included in all | AUTHORS OR COPYRIGHT HOLDERS BE LIABLE FOR ANY CLAIM, DAMAGES OR OTHER",Retain copyright and permission notice in distributions.,PASS_PERMISSIVE,True
npm,@types/istanbul-lib-report,3.0.3,False,mobile/participant-app/package-lock.json#node_modules/@types/istanbul-lib-report,MIT,MIT,mobile/participant-app/node_modules/@types/istanbul-lib-report/LICENSE,"Copyright (c) Microsoft Corporation. | The above copyright notice and this permission notice shall be included in all | AUTHORS OR COPYRIGHT HOLDERS BE LIABLE FOR ANY CLAIM, DAMAGES OR OTHER",Retain copyright and permission notice in distributions.,PASS_PERMISSIVE,True
npm,@types/istanbul-reports,3.0.4,False,mobile/participant-app/package-lock.json#node_modules/@types/istanbul-reports,MIT,MIT,mobile/participant-app/node_modules/@types/istanbul-reports/LICENSE,"Copyright (c) Microsoft Corporation. | The above copyright notice and this permission notice shall be included in all | AUTHORS OR COPYRIGHT HOLDERS BE LIABLE FOR ANY CLAIM, DAMAGES OR OTHER",Retain copyright and permission notice in distributions.,PASS_PERMISSIVE,True
npm,@types/jest,29.5.14,True,mobile/participant-app/package-lock.json#node_modules/@types/jest,MIT,MIT,mobile/participant-app/node_modules/@types/jest/LICENSE,"Copyright (c) Microsoft Corporation. | The above copyright notice and this permission notice shall be included in all | AUTHORS OR COPYRIGHT HOLDERS BE LIABLE FOR ANY CLAIM, DAMAGES OR OTHER",Retain copyright and permission notice in distributions.,PASS_PERMISSIVE,True
npm,@types/jsdom,20.0.1,False,mobile/participant-app/package-lock.json#node_modules/@types/jsdom,MIT,MIT,mobile/participant-app/node_modules/@types/jsdom/LICENSE,"Copyright (c) Microsoft Corporation. | The above copyright notice and this permission notice shall be included in all | AUTHORS OR COPYRIGHT HOLDERS BE LIABLE FOR ANY CLAIM, DAMAGES OR OTHER",Retain copyright and permission notice in distributions.,PASS_PERMISSIVE,True
npm,@types/json-schema,7.0.15,False,mobile/participant-app/package-lock.json#node_modules/@types/json-schema,MIT,MIT,mobile/participant-app/node_modules/@types/json-schema/LICENSE,"Copyright (c) Microsoft Corporation. | The above copyright notice and this permission notice shall be included in all | AUTHORS OR COPYRIGHT HOLDERS BE LIABLE FOR ANY CLAIM, DAMAGES OR OTHER",Retain copyright and permission notice in distributions.,PASS_PERMISSIVE,True
npm,@types/json5,0.0.29,False,mobile/participant-app/package-lock.json#node_modules/@types/json5,MIT,MIT,metadata only,Not collected; preserve upstream package notice before distribution.,Retain copyright and permission notice in distributions.,PASS_PERMISSIVE,False
npm,@types/node,26.1.2,False,mobile/participant-app/package-lock.json#node_modules/@types/node,MIT,MIT,mobile/participant-app/node_modules/@types/node/LICENSE,"Copyright (c) Microsoft Corporation. | The above copyright notice and this permission notice shall be included in all | AUTHORS OR COPYRIGHT HOLDERS BE LIABLE FOR ANY CLAIM, DAMAGES OR OTHER",Retain copyright and permission notice in distributions.,PASS_PERMISSIVE,True
npm,@types/react,19.2.18,True,mobile/participant-app/package-lock.json#node_modules/@types/react,MIT,MIT,mobile/participant-app/node_modules/@types/react/LICENSE,"Copyright (c) Microsoft Corporation. | The above copyright notice and this permission notice shall be included in all | AUTHORS OR COPYRIGHT HOLDERS BE LIABLE FOR ANY CLAIM, DAMAGES OR OTHER",Retain copyright and permission notice in distributions.,PASS_PERMISSIVE,True
npm,@types/react-test-renderer,19.1.0,False,mobile/participant-app/package-lock.json#node_modules/@types/react-test-renderer,MIT,MIT,mobile/participant-app/node_modules/@types/react-test-renderer/LICENSE,"Copyright (c) Microsoft Corporation. | The above copyright notice and this permission notice shall be included in all | AUTHORS OR COPYRIGHT HOLDERS BE LIABLE FOR ANY CLAIM, DAMAGES OR OTHER",Retain copyright and permission notice in distributions.,PASS_PERMISSIVE,True
npm,@types/stack-utils,2.0.3,False,mobile/participant-app/package-lock.json#node_modules/@types/stack-utils,MIT,MIT,mobile/participant-app/node_modules/@types/stack-utils/LICENSE,"Copyright (c) Microsoft Corporation. | The above copyright notice and this permission notice shall be included in all | AUTHORS OR COPYRIGHT HOLDERS BE LIABLE FOR ANY CLAIM, DAMAGES OR OTHER",Retain copyright and permission notice in distributions.,PASS_PERMISSIVE,True
npm,@types/tough-cookie,4.0.5,False,mobile/participant-app/package-lock.json#node_modules/@types/tough-cookie,MIT,MIT,mobile/participant-app/node_modules/@types/tough-cookie/LICENSE,"Copyright (c) Microsoft Corporation. | The above copyright notice and this permission notice shall be included in all | AUTHORS OR COPYRIGHT HOLDERS BE LIABLE FOR ANY CLAIM, DAMAGES OR OTHER",Retain copyright and permission notice in distributions.,PASS_PERMISSIVE,True
npm,@types/yargs,17.0.35,False,mobile/participant-app/package-lock.json#node_modules/@types/yargs,MIT,MIT,mobile/participant-app/node_modules/@types/yargs/LICENSE,"Copyright (c) Microsoft Corporation. | The above copyright notice and this permission notice shall be included in all | AUTHORS OR COPYRIGHT HOLDERS BE LIABLE FOR ANY CLAIM, DAMAGES OR OTHER",Retain copyright and permission notice in distributions.,PASS_PERMISSIVE,True
npm,@types/yargs-parser,21.0.3,False,mobile/participant-app/package-lock.json#node_modules/@types/yargs-parser,MIT,MIT,mobile/participant-app/node_modules/@types/yargs-parser/LICENSE,"Copyright (c) Microsoft Corporation. | The above copyright notice and this permission notice shall be included in all | AUTHORS OR COPYRIGHT HOLDERS BE LIABLE FOR ANY CLAIM, DAMAGES OR OTHER",Retain copyright and permission notice in distributions.,PASS_PERMISSIVE,True
npm,@typescript-eslint/eslint-plugin,8.65.0,False,mobile/participant-app/package-lock.json#node_modules/@typescript-eslint/eslint-plugin,MIT,MIT,mobile/participant-app/node_modules/@typescript-eslint/eslint-plugin/LICENSE,"Copyright (c) 2019 typescript-eslint and other contributors | The above copyright notice and this permission notice shall be included in all | AUTHORS OR COPYRIGHT HOLDERS BE LIABLE FOR ANY CLAIM, DAMAGES OR OTHER",Retain copyright and permission notice in distributions.,PASS_PERMISSIVE,True
npm,ignore,7.0.6,False,mobile/participant-app/package-lock.json#node_modules/@typescript-eslint/eslint-plugin/node_modules/ignore,MIT,MIT,mobile/participant-app/node_modules/@typescript-eslint/eslint-plugin/node_modules/ignore/LICENSE-MIT,"Copyright (c) 2013 Kael Zhang <i@kael.me>, contributors | The above copyright notice and this permission notice shall be | NONINFRINGEMENT. IN NO EVENT SHALL THE AUTHORS OR COPYRIGHT HOLDERS BE",Retain copyright and permission notice in distributions.,PASS_PERMISSIVE,True
npm,@typescript-eslint/parser,8.65.0,False,mobile/participant-app/package-lock.json#node_modules/@typescript-eslint/parser,MIT,MIT,mobile/participant-app/node_modules/@typescript-eslint/parser/LICENSE,"Copyright (c) 2019 typescript-eslint and other contributors | The above copyright notice and this permission notice shall be included in all | AUTHORS OR COPYRIGHT HOLDERS BE LIABLE FOR ANY CLAIM, DAMAGES OR OTHER",Retain copyright and permission notice in distributions.,PASS_PERMISSIVE,True
npm,@typescript-eslint/project-service,8.65.0,False,mobile/participant-app/package-lock.json#node_modules/@typescript-eslint/project-service,MIT,MIT,mobile/participant-app/node_modules/@typescript-eslint/project-service/LICENSE,"Copyright (c) 2025 typescript-eslint and other contributors | The above copyright notice and this permission notice shall be included in all | AUTHORS OR COPYRIGHT HOLDERS BE LIABLE FOR ANY CLAIM, DAMAGES OR OTHER",Retain copyright and permission notice in distributions.,PASS_PERMISSIVE,True
npm,@typescript-eslint/scope-manager,8.65.0,False,mobile/participant-app/package-lock.json#node_modules/@typescript-eslint/scope-manager,MIT,MIT,mobile/participant-app/node_modules/@typescript-eslint/scope-manager/LICENSE,"Copyright (c) 2019 typescript-eslint and other contributors | The above copyright notice and this permission notice shall be included in all | AUTHORS OR COPYRIGHT HOLDERS BE LIABLE FOR ANY CLAIM, DAMAGES OR OTHER",Retain copyright and permission notice in distributions.,PASS_PERMISSIVE,True
npm,@typescript-eslint/tsconfig-utils,8.65.0,False,mobile/participant-app/package-lock.json#node_modules/@typescript-eslint/tsconfig-utils,MIT,MIT,mobile/participant-app/node_modules/@typescript-eslint/tsconfig-utils/LICENSE,"Copyright (c) 2025 typescript-eslint and other contributors | The above copyright notice and this permission notice shall be included in all | AUTHORS OR COPYRIGHT HOLDERS BE LIABLE FOR ANY CLAIM, DAMAGES OR OTHER",Retain copyright and permission notice in distributions.,PASS_PERMISSIVE,True
npm,@typescript-eslint/type-utils,8.65.0,False,mobile/participant-app/package-lock.json#node_modules/@typescript-eslint/type-utils,MIT,MIT,mobile/participant-app/node_modules/@typescript-eslint/type-utils/LICENSE,"Copyright (c) 2021 typescript-eslint and other contributors | The above copyright notice and this permission notice shall be included in all | AUTHORS OR COPYRIGHT HOLDERS BE LIABLE FOR ANY CLAIM, DAMAGES OR OTHER",Retain copyright and permission notice in distributions.,PASS_PERMISSIVE,True
npm,@typescript-eslint/types,8.65.0,False,mobile/participant-app/package-lock.json#node_modules/@typescript-eslint/types,MIT,MIT,mobile/participant-app/node_modules/@typescript-eslint/types/LICENSE,"Copyright (c) 2019 typescript-eslint and other contributors | The above copyright notice and this permission notice shall be included in all | AUTHORS OR COPYRIGHT HOLDERS BE LIABLE FOR ANY CLAIM, DAMAGES OR OTHER",Retain copyright and permission notice in distributions.,PASS_PERMISSIVE,True
npm,@typescript-eslint/typescript-estree,8.65.0,False,mobile/participant-app/package-lock.json#node_modules/@typescript-eslint/typescript-estree,MIT,MIT,mobile/participant-app/node_modules/@typescript-eslint/typescript-estree/LICENSE,"Copyright (c) 2019 typescript-eslint and other contributors | The above copyright notice and this permission notice shall be included in all | AUTHORS OR COPYRIGHT HOLDERS BE LIABLE FOR ANY CLAIM, DAMAGES OR OTHER",Retain copyright and permission notice in distributions.,PASS_PERMISSIVE,True
npm,@typescript-eslint/utils,8.65.0,False,mobile/participant-app/package-lock.json#node_modules/@typescript-eslint/utils,MIT,MIT,mobile/participant-app/node_modules/@typescript-eslint/utils/LICENSE,"Copyright (c) 2019 typescript-eslint and other contributors | The above copyright notice and this permission notice shall be included in all | AUTHORS OR COPYRIGHT HOLDERS BE LIABLE FOR ANY CLAIM, DAMAGES OR OTHER",Retain copyright and permission notice in distributions.,PASS_PERMISSIVE,True
npm,@typescript-eslint/visitor-keys,8.65.0,False,mobile/participant-app/package-lock.json#node_modules/@typescript-eslint/visitor-keys,MIT,MIT,mobile/participant-app/node_modules/@typescript-eslint/visitor-keys/LICENSE,"Copyright (c) 2019 typescript-eslint and other contributors | The above copyright notice and this permission notice shall be included in all | AUTHORS OR COPYRIGHT HOLDERS BE LIABLE FOR ANY CLAIM, DAMAGES OR OTHER",Retain copyright and permission notice in distributions.,PASS_PERMISSIVE,True
npm,eslint-visitor-keys,5.0.1,False,mobile/participant-app/package-lock.json#node_modules/@typescript-eslint/visitor-keys/node_modules/eslint-visitor-keys,Apache-2.0,Apache-2.0,mobile/participant-app/node_modules/@typescript-eslint/visitor-keys/node_modules/eslint-visitor-keys/LICENSE,"""Licensor"" shall mean the copyright owner or entity authorized by | the copyright owner that is granting the License. | copyright notice that is included in or attached to the work | submitted to Licensor for inclusion in the Work by the copyright owner | the copyright owner. For the purposes of this definition, ""submitted"" | designated in writing by the copyright owner as ""Not a Contribution."" | 2. Grant of Copyright License. Subject to the terms and conditions of | copyright license to reproduce, prepare Derivative Works of,","Retain licence, copyright and NOTICE text; state material modifications where required.",PASS_PERMISSIVE,True
npm,@ungap/structured-clone,1.3.3,False,mobile/participant-app/package-lock.json#node_modules/@ungap/structured-clone,ISC,ISC,mobile/participant-app/node_modules/@ungap/structured-clone/LICENSE,"Copyright (c) 2021, Andrea Giammarchi, @WebReflection | copyright notice and this permission notice appear in all copies.",Retain copyright and permission notice in distributions.,PASS_PERMISSIVE,True
npm,@unrs/resolver-binding-android-arm-eabi,1.12.2,False,mobile/participant-app/package-lock.json#node_modules/@unrs/resolver-binding-android-arm-eabi,MIT,MIT,metadata only,Not collected; preserve upstream package notice before distribution.,Retain copyright and permission notice in distributions.,PASS_PERMISSIVE,False
npm,@unrs/resolver-binding-android-arm64,1.12.2,False,mobile/participant-app/package-lock.json#node_modules/@unrs/resolver-binding-android-arm64,MIT,MIT,metadata only,Not collected; preserve upstream package notice before distribution.,Retain copyright and permission notice in distributions.,PASS_PERMISSIVE,False
npm,@unrs/resolver-binding-darwin-arm64,1.12.2,False,mobile/participant-app/package-lock.json#node_modules/@unrs/resolver-binding-darwin-arm64,MIT,MIT,metadata only,Not collected; preserve upstream package notice before distribution.,Retain copyright and permission notice in distributions.,PASS_PERMISSIVE,False
npm,@unrs/resolver-binding-darwin-x64,1.12.2,False,mobile/participant-app/package-lock.json#node_modules/@unrs/resolver-binding-darwin-x64,MIT,MIT,metadata only,Not collected; preserve upstream package notice before distribution.,Retain copyright and permission notice in distributions.,PASS_PERMISSIVE,False
npm,@unrs/resolver-binding-freebsd-x64,1.12.2,False,mobile/participant-app/package-lock.json#node_modules/@unrs/resolver-binding-freebsd-x64,MIT,MIT,metadata only,Not collected; preserve upstream package notice before distribution.,Retain copyright and permission notice in distributions.,PASS_PERMISSIVE,False
npm,@unrs/resolver-binding-linux-arm-gnueabihf,1.12.2,False,mobile/participant-app/package-lock.json#node_modules/@unrs/resolver-binding-linux-arm-gnueabihf,MIT,MIT,metadata only,Not collected; preserve upstream package notice before distribution.,Retain copyright and permission notice in distributions.,PASS_PERMISSIVE,False
npm,@unrs/resolver-binding-linux-arm-musleabihf,1.12.2,False,mobile/participant-app/package-lock.json#node_modules/@unrs/resolver-binding-linux-arm-musleabihf,MIT,MIT,metadata only,Not collected; preserve upstream package notice before distribution.,Retain copyright and permission notice in distributions.,PASS_PERMISSIVE,False
npm,@unrs/resolver-binding-linux-arm64-gnu,1.12.2,False,mobile/participant-app/package-lock.json#node_modules/@unrs/resolver-binding-linux-arm64-gnu,MIT,MIT,metadata only,Not collected; preserve upstream package notice before distribution.,Retain copyright and permission notice in distributions.,PASS_PERMISSIVE,False
npm,@unrs/resolver-binding-linux-arm64-musl,1.12.2,False,mobile/participant-app/package-lock.json#node_modules/@unrs/resolver-binding-linux-arm64-musl,MIT,MIT,metadata only,Not collected; preserve upstream package notice before distribution.,Retain copyright and permission notice in distributions.,PASS_PERMISSIVE,False
npm,@unrs/resolver-binding-linux-loong64-gnu,1.12.2,False,mobile/participant-app/package-lock.json#node_modules/@unrs/resolver-binding-linux-loong64-gnu,MIT,MIT,metadata only,Not collected; preserve upstream package notice before distribution.,Retain copyright and permission notice in distributions.,PASS_PERMISSIVE,False
npm,@unrs/resolver-binding-linux-loong64-musl,1.12.2,False,mobile/participant-app/package-lock.json#node_modules/@unrs/resolver-binding-linux-loong64-musl,MIT,MIT,metadata only,Not collected; preserve upstream package notice before distribution.,Retain copyright and permission notice in distributions.,PASS_PERMISSIVE,False
npm,@unrs/resolver-binding-linux-ppc64-gnu,1.12.2,False,mobile/participant-app/package-lock.json#node_modules/@unrs/resolver-binding-linux-ppc64-gnu,MIT,MIT,metadata only,Not collected; preserve upstream package notice before distribution.,Retain copyright and permission notice in distributions.,PASS_PERMISSIVE,False
npm,@unrs/resolver-binding-linux-riscv64-gnu,1.12.2,False,mobile/participant-app/package-lock.json#node_modules/@unrs/resolver-binding-linux-riscv64-gnu,MIT,MIT,metadata only,Not collected; preserve upstream package notice before distribution.,Retain copyright and permission notice in distributions.,PASS_PERMISSIVE,False
npm,@unrs/resolver-binding-linux-riscv64-musl,1.12.2,False,mobile/participant-app/package-lock.json#node_modules/@unrs/resolver-binding-linux-riscv64-musl,MIT,MIT,metadata only,Not collected; preserve upstream package notice before distribution.,Retain copyright and permission notice in distributions.,PASS_PERMISSIVE,False
npm,@unrs/resolver-binding-linux-s390x-gnu,1.12.2,False,mobile/participant-app/package-lock.json#node_modules/@unrs/resolver-binding-linux-s390x-gnu,MIT,MIT,metadata only,Not collected; preserve upstream package notice before distribution.,Retain copyright and permission notice in distributions.,PASS_PERMISSIVE,False
npm,@unrs/resolver-binding-linux-x64-gnu,1.12.2,False,mobile/participant-app/package-lock.json#node_modules/@unrs/resolver-binding-linux-x64-gnu,MIT,MIT,metadata only,Not collected; preserve upstream package notice before distribution.,Retain copyright and permission notice in distributions.,PASS_PERMISSIVE,False
npm,@unrs/resolver-binding-linux-x64-musl,1.12.2,False,mobile/participant-app/package-lock.json#node_modules/@unrs/resolver-binding-linux-x64-musl,MIT,MIT,metadata only,Not collected; preserve upstream package notice before distribution.,Retain copyright and permission notice in distributions.,PASS_PERMISSIVE,False
npm,@unrs/resolver-binding-openharmony-arm64,1.12.2,False,mobile/participant-app/package-lock.json#node_modules/@unrs/resolver-binding-openharmony-arm64,MIT,MIT,metadata only,Not collected; preserve upstream package notice before distribution.,Retain copyright and permission notice in distributions.,PASS_PERMISSIVE,False
npm,@unrs/resolver-binding-wasm32-wasi,1.12.2,False,mobile/participant-app/package-lock.json#node_modules/@unrs/resolver-binding-wasm32-wasi,MIT,MIT,metadata only,Not collected; preserve upstream package notice before distribution.,Retain copyright and permission notice in distributions.,PASS_PERMISSIVE,False
npm,@unrs/resolver-binding-win32-arm64-msvc,1.12.2,False,mobile/participant-app/package-lock.json#node_modules/@unrs/resolver-binding-win32-arm64-msvc,MIT,MIT,metadata only,Not collected; preserve upstream package notice before distribution.,Retain copyright and permission notice in distributions.,PASS_PERMISSIVE,False
npm,@unrs/resolver-binding-win32-ia32-msvc,1.12.2,False,mobile/participant-app/package-lock.json#node_modules/@unrs/resolver-binding-win32-ia32-msvc,MIT,MIT,metadata only,Not collected; preserve upstream package notice before distribution.,Retain copyright and permission notice in distributions.,PASS_PERMISSIVE,False
npm,@unrs/resolver-binding-win32-x64-msvc,1.12.2,False,mobile/participant-app/package-lock.json#node_modules/@unrs/resolver-binding-win32-x64-msvc,MIT,MIT,metadata only,Not collected; preserve upstream package notice before distribution.,Retain copyright and permission notice in distributions.,PASS_PERMISSIVE,False
npm,@xmldom/xmldom,0.8.13,False,mobile/participant-app/package-lock.json#node_modules/@xmldom/xmldom,MIT,MIT,mobile/participant-app/node_modules/@xmldom/xmldom/LICENSE,"Copyright 2019 - present Christopher J. Brody and other contributors, as listed in: https://github.com/xmldom/xmldom/graphs/contributors | Copyright 2012 - 2017 @jindw <jindw@xidea.org> and other contributors, as listed in: https://github.com/jindw/xmldom/graphs/contributors | The above copyright notice and this permission notice shall be included in all copies or substantial portions of the Software. | THE SOFTWARE IS PROVIDED ""AS IS"", WITHOUT WARRANTY OF ANY KIND, EXPRESS OR IMPLIED, INCLUDING BUT NOT LIMITED TO THE WARRANTIES OF MERCHANTABILITY, FITNESS FOR A PARTICULAR PURPOSE AND NONINFRINGEMENT. IN NO EVENT SHALL THE AUTHORS OR COPYRIGHT HOLDERS BE LIABLE FOR ANY CLAIM, DAMAGES OR OTHER LIABILITY, WHETHER IN AN ACTION OF CONTRACT, TORT OR OTHERWISE, ARISING FROM, OUT OF OR IN CONNECTION WITH THE SOFTWARE OR THE USE OR OTHER DEALINGS IN THE SOFTWARE.",Retain copyright and permission notice in distributions.,PASS_PERMISSIVE,True
npm,abab,2.0.6,False,mobile/participant-app/package-lock.json#node_modules/abab,BSD-3-Clause,BSD-3-Clause,mobile/participant-app/node_modules/abab/LICENSE.md,"Copyright © 2019 W3C and Jeff Carpenter \<jeffcarp@chromium.org\> | 1. Redistributions of source code must retain the above copyright notice, this list of conditions and the following disclaimer. | 2. Redistributions in binary form must reproduce the above copyright notice, this list of conditions and the following disclaimer in the documentation and/or other materials provided with the distribution. | 3. Neither the name of the copyright holder nor the names of its contributors may be used to endorse or promote products derived from this software without specific prior written permission. | THIS SOFTWARE IS PROVIDED BY THE COPYRIGHT HOLDERS AND CONTRIBUTORS ""AS IS"" AND ANY EXPRESS OR IMPLIED WARRANTIES, INCLUDING, BUT NOT LIMITED TO, THE IMPLIED WARRANTIES OF MERCHANTABILITY AND FITNESS FOR A PARTICULAR PURPOSE ARE DISCLAIMED. IN NO EVENT SHALL THE COPYRIGHT HOLDER OR CONTRIBUTORS BE LIABLE FOR ANY DIRECT, INDIRECT, INCIDENTAL, SPECIAL, EXEMPLARY, OR CONSEQUENTIAL DAMAGES (INCLUDING, BUT NOT LIMITED TO, PROCUREMENT OF SUBSTITUTE GOODS OR SERVICES; LOSS OF USE, DATA, OR PROFITS; OR BUSINESS INTERRUPTION) HOWEVER CAUSED AND ON ANY THEORY OF LIABILITY, WHETHER IN CONTRACT, STRICT LIABILITY, OR TORT (INCLUDING NEGLIGENCE OR OTHERWISE) ARISING IN ANY WAY OUT OF THE USE OF THIS SOFTWARE, EVEN IF ADVISED OF THE POSSIBILITY OF SUCH DAMAGE.","Retain copyright, conditions and disclaimer in source/binary distributions.",PASS_PERMISSIVE,True
npm,abort-controller,3.0.0,False,mobile/participant-app/package-lock.json#node_modules/abort-controller,MIT,MIT,mobile/participant-app/node_modules/abort-controller/LICENSE,"Copyright (c) 2017 Toru Nagashima | The above copyright notice and this permission notice shall be included in all | AUTHORS OR COPYRIGHT HOLDERS BE LIABLE FOR ANY CLAIM, DAMAGES OR OTHER",Retain copyright and permission notice in distributions.,PASS_PERMISSIVE,True
npm,accepts,2.0.0,False,mobile/participant-app/package-lock.json#node_modules/accepts,MIT,MIT,mobile/participant-app/node_modules/accepts/LICENSE,Copyright (c) 2014 Jonathan Ong <me@jongleberry.com> | Copyright (c) 2015 Douglas Christopher Wilson <doug@somethingdoug.com> | The above copyright notice and this permission notice shall be | IN NO EVENT SHALL THE AUTHORS OR COPYRIGHT HOLDERS BE LIABLE FOR ANY,Retain copyright and permission notice in distributions.,PASS_PERMISSIVE,True
npm,acorn,8.18.0,False,mobile/participant-app/package-lock.json#node_modules/acorn,MIT,MIT,mobile/participant-app/node_modules/acorn/LICENSE,"Copyright (C) 2012-2022 by various contributors (see AUTHORS) | The above copyright notice and this permission notice shall be included in | AUTHORS OR COPYRIGHT HOLDERS BE LIABLE FOR ANY CLAIM, DAMAGES OR OTHER",Retain copyright and permission notice in distributions.,PASS_PERMISSIVE,True
npm,acorn-globals,7.0.1,False,mobile/participant-app/package-lock.json#node_modules/acorn-globals,MIT,MIT,mobile/participant-app/node_modules/acorn-globals/LICENSE,"Copyright (c) 2014 Forbes Lindesay | The above copyright notice and this permission notice shall be included in | AUTHORS OR COPYRIGHT HOLDERS BE LIABLE FOR ANY CLAIM, DAMAGES OR OTHER",Retain copyright and permission notice in distributions.,PASS_PERMISSIVE,True
npm,acorn-jsx,5.3.2,False,mobile/participant-app/package-lock.json#node_modules/acorn-jsx,MIT,MIT,mobile/participant-app/node_modules/acorn-jsx/LICENSE,"Copyright (C) 2012-2017 by Ingvar Stepanyan | The above copyright notice and this permission notice shall be included in | AUTHORS OR COPYRIGHT HOLDERS BE LIABLE FOR ANY CLAIM, DAMAGES OR OTHER",Retain copyright and permission notice in distributions.,PASS_PERMISSIVE,True
npm,acorn-walk,8.3.5,False,mobile/participant-app/package-lock.json#node_modules/acorn-walk,MIT,MIT,mobile/participant-app/node_modules/acorn-walk/LICENSE,"Copyright (C) 2012-2020 by various contributors (see AUTHORS) | The above copyright notice and this permission notice shall be included in | AUTHORS OR COPYRIGHT HOLDERS BE LIABLE FOR ANY CLAIM, DAMAGES OR OTHER",Retain copyright and permission notice in distributions.,PASS_PERMISSIVE,True
npm,agent-base,7.1.4,False,mobile/participant-app/package-lock.json#node_modules/agent-base,MIT,MIT,mobile/participant-app/node_modules/agent-base/LICENSE,Copyright (c) 2013 Nathan Rajlich <nathan@tootallnate.net> | The above copyright notice and this permission notice shall be | IN NO EVENT SHALL THE AUTHORS OR COPYRIGHT HOLDERS BE LIABLE FOR ANY,Retain copyright and permission notice in distributions.,PASS_PERMISSIVE,True
npm,agent-cli-detector,0.1.4,False,mobile/participant-app/package-lock.json#node_modules/agent-cli-detector,MIT,MIT,mobile/participant-app/node_modules/agent-cli-detector/LICENSE,"Copyright (c) 2026 David Mokos | The above copyright notice and this permission notice shall be included in all | AUTHORS OR COPYRIGHT HOLDERS BE LIABLE FOR ANY CLAIM, DAMAGES OR OTHER",Retain copyright and permission notice in distributions.,PASS_PERMISSIVE,True
npm,ajv,6.15.0,False,mobile/participant-app/package-lock.json#node_modules/ajv,MIT,MIT,mobile/participant-app/node_modules/ajv/LICENSE,"Copyright (c) 2015-2017 Evgeny Poberezkin | The above copyright notice and this permission notice shall be included in all | AUTHORS OR COPYRIGHT HOLDERS BE LIABLE FOR ANY CLAIM, DAMAGES OR OTHER",Retain copyright and permission notice in distributions.,PASS_PERMISSIVE,True
npm,anser,1.4.10,False,mobile/participant-app/package-lock.json#node_modules/anser,MIT,MIT,mobile/participant-app/node_modules/anser/LICENSE,"Copyright (c) 2012-20 Ionică Bizău <bizauionica@gmail.com> (https://ionicabizau.net) | The above copyright notice and this permission notice shall be included in all | AUTHORS OR COPYRIGHT HOLDERS BE LIABLE FOR ANY CLAIM, DAMAGES OR OTHER",Retain copyright and permission notice in distributions.,PASS_PERMISSIVE,True
npm,ansi-colors,4.1.3,False,mobile/participant-app/package-lock.json#node_modules/ansi-colors,MIT,MIT,mobile/participant-app/node_modules/ansi-colors/LICENSE,"Copyright (c) 2015-present, Brian Woodward. | The above copyright notice and this permission notice shall be included in | AUTHORS OR COPYRIGHT HOLDERS BE LIABLE FOR ANY CLAIM, DAMAGES OR OTHER",Retain copyright and permission notice in distributions.,PASS_PERMISSIVE,True
npm,ansi-escapes,4.3.2,False,mobile/participant-app/package-lock.json#node_modules/ansi-escapes,MIT,MIT,mobile/participant-app/node_modules/ansi-escapes/license,"Copyright (c) Sindre Sorhus <sindresorhus@gmail.com> (https://sindresorhus.com) | The above copyright notice and this permission notice shall be included in all copies or substantial portions of the Software. | THE SOFTWARE IS PROVIDED ""AS IS"", WITHOUT WARRANTY OF ANY KIND, EXPRESS OR IMPLIED, INCLUDING BUT NOT LIMITED TO THE WARRANTIES OF MERCHANTABILITY, FITNESS FOR A PARTICULAR PURPOSE AND NONINFRINGEMENT. IN NO EVENT SHALL THE AUTHORS OR COPYRIGHT HOLDERS BE LIABLE FOR ANY CLAIM, DAMAGES OR OTHER LIABILITY, WHETHER IN AN ACTION OF CONTRACT, TORT OR OTHERWISE, ARISING FROM, OUT OF OR IN CONNECTION WITH THE SOFTWARE OR THE USE OR OTHER DEALINGS IN THE SOFTWARE.",Retain copyright and permission notice in distributions.,PASS_PERMISSIVE,True
npm,type-fest,0.21.3,False,mobile/participant-app/package-lock.json#node_modules/ansi-escapes/node_modules/type-fest,(MIT OR CC0-1.0),MIT OR CC0-1.0,mobile/participant-app/node_modules/ansi-escapes/node_modules/type-fest/license,"Copyright (c) Sindre Sorhus <sindresorhus@gmail.com> (https:/sindresorhus.com) | The above copyright notice and this permission notice shall be included in all copies or substantial portions of the Software. | THE SOFTWARE IS PROVIDED ""AS IS"", WITHOUT WARRANTY OF ANY KIND, EXPRESS OR IMPLIED, INCLUDING BUT NOT LIMITED TO THE WARRANTIES OF MERCHANTABILITY, FITNESS FOR A PARTICULAR PURPOSE AND NONINFRINGEMENT. IN NO EVENT SHALL THE AUTHORS OR COPYRIGHT HOLDERS BE LIABLE FOR ANY CLAIM, DAMAGES OR OTHER LIABILITY, WHETHER IN AN ACTION OF CONTRACT, TORT OR OTHERWISE, ARISING FROM, OUT OF OR IN CONNECTION WITH THE SOFTWARE OR THE USE OR OTHER DEALINGS IN THE SOFTWARE.",Retain the notices for the licence option selected for distribution.,PASS_PERMISSIVE,True
npm,ansi-regex,5.0.1,False,mobile/participant-app/package-lock.json#node_modules/ansi-regex,MIT,MIT,mobile/participant-app/node_modules/ansi-regex/license,"Copyright (c) Sindre Sorhus <sindresorhus@gmail.com> (sindresorhus.com) | The above copyright notice and this permission notice shall be included in all copies or substantial portions of the Software. | THE SOFTWARE IS PROVIDED ""AS IS"", WITHOUT WARRANTY OF ANY KIND, EXPRESS OR IMPLIED, INCLUDING BUT NOT LIMITED TO THE WARRANTIES OF MERCHANTABILITY, FITNESS FOR A PARTICULAR PURPOSE AND NONINFRINGEMENT. IN NO EVENT SHALL THE AUTHORS OR COPYRIGHT HOLDERS BE LIABLE FOR ANY CLAIM, DAMAGES OR OTHER LIABILITY, WHETHER IN AN ACTION OF CONTRACT, TORT OR OTHERWISE, ARISING FROM, OUT OF OR IN CONNECTION WITH THE SOFTWARE OR THE USE OR OTHER DEALINGS IN THE SOFTWARE.",Retain copyright and permission notice in distributions.,PASS_PERMISSIVE,True
npm,ansi-styles,4.3.0,False,mobile/participant-app/package-lock.json#node_modules/ansi-styles,MIT,MIT,mobile/participant-app/node_modules/ansi-styles/license,"Copyright (c) Sindre Sorhus <sindresorhus@gmail.com> (sindresorhus.com) | The above copyright notice and this permission notice shall be included in all copies or substantial portions of the Software. | THE SOFTWARE IS PROVIDED ""AS IS"", WITHOUT WARRANTY OF ANY KIND, EXPRESS OR IMPLIED, INCLUDING BUT NOT LIMITED TO THE WARRANTIES OF MERCHANTABILITY, FITNESS FOR A PARTICULAR PURPOSE AND NONINFRINGEMENT. IN NO EVENT SHALL THE AUTHORS OR COPYRIGHT HOLDERS BE LIABLE FOR ANY CLAIM, DAMAGES OR OTHER LIABILITY, WHETHER IN AN ACTION OF CONTRACT, TORT OR OTHERWISE, ARISING FROM, OUT OF OR IN CONNECTION WITH THE SOFTWARE OR THE USE OR OTHER DEALINGS IN THE SOFTWARE.",Retain copyright and permission notice in distributions.,PASS_PERMISSIVE,True
npm,anymatch,3.1.3,False,mobile/participant-app/package-lock.json#node_modules/anymatch,ISC,ISC,mobile/participant-app/node_modules/anymatch/LICENSE,"Copyright (c) 2019 Elan Shanker, Paul Miller (https://paulmillr.com) | copyright notice and this permission notice appear in all copies.",Retain copyright and permission notice in distributions.,PASS_PERMISSIVE,True
npm,arg,5.0.2,False,mobile/participant-app/package-lock.json#node_modules/arg,MIT,MIT,mobile/participant-app/node_modules/arg/LICENSE.md,"Copyright (c) 2021 Vercel, Inc. | The above copyright notice and this permission notice shall be included in all | AUTHORS OR COPYRIGHT HOLDERS BE LIABLE FOR ANY CLAIM, DAMAGES OR OTHER",Retain copyright and permission notice in distributions.,PASS_PERMISSIVE,True
npm,argparse,2.0.1,False,mobile/participant-app/package-lock.json#node_modules/argparse,Python-2.0,PSF-2.0,mobile/participant-app/node_modules/argparse/LICENSE,"provided, however, that PSF's License Agreement and PSF's notice of copyright, | i.e., ""Copyright (c) 2001, 2002, 2003, 2004, 2005, 2006, 2007, 2008, 2009, 2010, | License Agreement and CNRI's notice of copyright, i.e., ""Copyright (c) | limitation the federal copyright law, and, to the extent such | Copyright (c) 1991 - 1995, Stichting Mathematisch Centrum Amsterdam, | provided that the above copyright notice appear in all copies and that | both that copyright notice and this permission notice appear in",Retain licence and copyright notices.,PASS_PERMISSIVE,True
npm,array-buffer-byte-length,1.0.2,False,mobile/participant-app/package-lock.json#node_modules/array-buffer-byte-length,MIT,MIT,mobile/participant-app/node_modules/array-buffer-byte-length/LICENSE,"Copyright (c) 2023 Inspect JS | The above copyright notice and this permission notice shall be included in all | AUTHORS OR COPYRIGHT HOLDERS BE LIABLE FOR ANY CLAIM, DAMAGES OR OTHER",Retain copyright and permission notice in distributions.,PASS_PERMISSIVE,True
npm,array-includes,3.1.9,False,mobile/participant-app/package-lock.json#node_modules/array-includes,MIT,MIT,mobile/participant-app/node_modules/array-includes/LICENSE,"Copyright (C) 2015 Jordan Harband | The above copyright notice and this permission notice shall be included in | AUTHORS OR COPYRIGHT HOLDERS BE LIABLE FOR ANY CLAIM, DAMAGES OR OTHER",Retain copyright and permission notice in distributions.,PASS_PERMISSIVE,True
npm,array.prototype.findlast,1.2.5,False,mobile/participant-app/package-lock.json#node_modules/array.prototype.findlast,MIT,MIT,mobile/participant-app/node_modules/array.prototype.findlast/LICENSE,"Copyright (c) 2021 ECMAScript Shims | The above copyright notice and this permission notice shall be included in all | AUTHORS OR COPYRIGHT HOLDERS BE LIABLE FOR ANY CLAIM, DAMAGES OR OTHER",Retain copyright and permission notice in distributions.,PASS_PERMISSIVE,True
npm,array.prototype.findlastindex,1.2.6,False,mobile/participant-app/package-lock.json#node_modules/array.prototype.findlastindex,MIT,MIT,mobile/participant-app/node_modules/array.prototype.findlastindex/LICENSE,"Copyright (c) 2021 ECMAScript Shims | The above copyright notice and this permission notice shall be included in all | AUTHORS OR COPYRIGHT HOLDERS BE LIABLE FOR ANY CLAIM, DAMAGES OR OTHER",Retain copyright and permission notice in distributions.,PASS_PERMISSIVE,True
npm,array.prototype.flat,1.3.3,False,mobile/participant-app/package-lock.json#node_modules/array.prototype.flat,MIT,MIT,mobile/participant-app/node_modules/array.prototype.flat/LICENSE,"Copyright (c) 2017 ECMAScript Shims | The above copyright notice and this permission notice shall be included in all | AUTHORS OR COPYRIGHT HOLDERS BE LIABLE FOR ANY CLAIM, DAMAGES OR OTHER",Retain copyright and permission notice in distributions.,PASS_PERMISSIVE,True
npm,array.prototype.flatmap,1.3.3,False,mobile/participant-app/package-lock.json#node_modules/array.prototype.flatmap,MIT,MIT,mobile/participant-app/node_modules/array.prototype.flatmap/LICENSE,"Copyright (c) 2017 ECMAScript Shims | The above copyright notice and this permission notice shall be included in all | AUTHORS OR COPYRIGHT HOLDERS BE LIABLE FOR ANY CLAIM, DAMAGES OR OTHER",Retain copyright and permission notice in distributions.,PASS_PERMISSIVE,True
npm,array.prototype.tosorted,1.1.4,False,mobile/participant-app/package-lock.json#node_modules/array.prototype.tosorted,MIT,MIT,mobile/participant-app/node_modules/array.prototype.tosorted/LICENSE,"Copyright (c) 2021 ECMAScript Shims | The above copyright notice and this permission notice shall be included in all | AUTHORS OR COPYRIGHT HOLDERS BE LIABLE FOR ANY CLAIM, DAMAGES OR OTHER",Retain copyright and permission notice in distributions.,PASS_PERMISSIVE,True
npm,arraybuffer.prototype.slice,1.0.4,False,mobile/participant-app/package-lock.json#node_modules/arraybuffer.prototype.slice,MIT,MIT,mobile/participant-app/node_modules/arraybuffer.prototype.slice/LICENSE,"Copyright (c) 2023 ECMAScript Shims | The above copyright notice and this permission notice shall be included in all | AUTHORS OR COPYRIGHT HOLDERS BE LIABLE FOR ANY CLAIM, DAMAGES OR OTHER",Retain copyright and permission notice in distributions.,PASS_PERMISSIVE,True
npm,asap,2.0.6,False,mobile/participant-app/package-lock.json#node_modules/asap,MIT,MIT,mobile/participant-app/node_modules/asap/LICENSE.md,"Copyright 2009–2014 Contributors. All rights reserved. | The above copyright notice and this permission notice shall be included in | AUTHORS OR COPYRIGHT HOLDERS BE LIABLE FOR ANY CLAIM, DAMAGES OR OTHER",Retain copyright and permission notice in distributions.,PASS_PERMISSIVE,True
npm,async-function,1.0.0,False,mobile/participant-app/package-lock.json#node_modules/async-function,MIT,MIT,mobile/participant-app/node_modules/async-function/LICENSE,"Copyright (c) 2016 EduardoRFS | The above copyright notice and this permission notice shall be included in all | AUTHORS OR COPYRIGHT HOLDERS BE LIABLE FOR ANY CLAIM, DAMAGES OR OTHER",Retain copyright and permission notice in distributions.,PASS_PERMISSIVE,True
npm,asynckit,0.4.0,False,mobile/participant-app/package-lock.json#node_modules/asynckit,MIT,MIT,mobile/participant-app/node_modules/asynckit/LICENSE,"Copyright (c) 2016 Alex Indigo | The above copyright notice and this permission notice shall be included in all | AUTHORS OR COPYRIGHT HOLDERS BE LIABLE FOR ANY CLAIM, DAMAGES OR OTHER",Retain copyright and permission notice in distributions.,PASS_PERMISSIVE,True
npm,available-typed-arrays,1.0.7,False,mobile/participant-app/package-lock.json#node_modules/available-typed-arrays,MIT,MIT,mobile/participant-app/node_modules/available-typed-arrays/LICENSE,"Copyright (c) 2020 Inspect JS | The above copyright notice and this permission notice shall be included in all | AUTHORS OR COPYRIGHT HOLDERS BE LIABLE FOR ANY CLAIM, DAMAGES OR OTHER",Retain copyright and permission notice in distributions.,PASS_PERMISSIVE,True
npm,babel-jest,29.7.0,False,mobile/participant-app/package-lock.json#node_modules/babel-jest,MIT,MIT,mobile/participant-app/node_modules/babel-jest/LICENSE,"Copyright (c) Meta Platforms, Inc. and affiliates. | The above copyright notice and this permission notice shall be included in all | AUTHORS OR COPYRIGHT HOLDERS BE LIABLE FOR ANY CLAIM, DAMAGES OR OTHER",Retain copyright and permission notice in distributions.,PASS_PERMISSIVE,True
npm,babel-plugin-istanbul,6.1.1,False,mobile/participant-app/package-lock.json#node_modules/babel-plugin-istanbul,BSD-3-Clause,BSD-3-Clause,mobile/participant-app/node_modules/babel-plugin-istanbul/LICENSE,"Copyright (c) 2016, Istanbul Code Coverage | * Redistributions of source code must retain the above copyright notice, this | * Redistributions in binary form must reproduce the above copyright notice, | THIS SOFTWARE IS PROVIDED BY THE COPYRIGHT HOLDERS AND CONTRIBUTORS ""AS IS"" | DISCLAIMED. IN NO EVENT SHALL THE COPYRIGHT HOLDER OR CONTRIBUTORS BE LIABLE","Retain copyright, conditions and disclaimer in source/binary distributions.",PASS_PERMISSIVE,True
npm,babel-plugin-jest-hoist,29.6.3,False,mobile/participant-app/package-lock.json#node_modules/babel-plugin-jest-hoist,MIT,MIT,mobile/participant-app/node_modules/babel-plugin-jest-hoist/LICENSE,"Copyright (c) Meta Platforms, Inc. and affiliates. | The above copyright notice and this permission notice shall be included in all | AUTHORS OR COPYRIGHT HOLDERS BE LIABLE FOR ANY CLAIM, DAMAGES OR OTHER",Retain copyright and permission notice in distributions.,PASS_PERMISSIVE,True
npm,babel-plugin-polyfill-corejs2,0.4.17,False,mobile/participant-app/package-lock.json#node_modules/babel-plugin-polyfill-corejs2,MIT,MIT,mobile/participant-app/node_modules/babel-plugin-polyfill-corejs2/LICENSE,Copyright (c) 2014-present Nicolò Ribaudo and other contributors | The above copyright notice and this permission notice shall be | NONINFRINGEMENT. IN NO EVENT SHALL THE AUTHORS OR COPYRIGHT HOLDERS BE,Retain copyright and permission notice in distributions.,PASS_PERMISSIVE,True
npm,semver,6.3.1,False,mobile/participant-app/package-lock.json#node_modules/babel-plugin-polyfill-corejs2/node_modules/semver,ISC,ISC,mobile/participant-app/node_modules/babel-plugin-polyfill-corejs2/node_modules/semver/LICENSE,Copyright (c) Isaac Z. Schlueter and Contributors | copyright notice and this permission notice appear in all copies.,Retain copyright and permission notice in distributions.,PASS_PERMISSIVE,True
npm,babel-plugin-polyfill-corejs3,0.13.0,False,mobile/participant-app/package-lock.json#node_modules/babel-plugin-polyfill-corejs3,MIT,MIT,mobile/participant-app/node_modules/babel-plugin-polyfill-corejs3/LICENSE,Copyright (c) 2014-present Nicolò Ribaudo and other contributors | The above copyright notice and this permission notice shall be | NONINFRINGEMENT. IN NO EVENT SHALL THE AUTHORS OR COPYRIGHT HOLDERS BE,Retain copyright and permission notice in distributions.,PASS_PERMISSIVE,True
npm,babel-plugin-polyfill-regenerator,0.6.8,False,mobile/participant-app/package-lock.json#node_modules/babel-plugin-polyfill-regenerator,MIT,MIT,mobile/participant-app/node_modules/babel-plugin-polyfill-regenerator/LICENSE,Copyright (c) 2014-present Nicolò Ribaudo and other contributors | The above copyright notice and this permission notice shall be | NONINFRINGEMENT. IN NO EVENT SHALL THE AUTHORS OR COPYRIGHT HOLDERS BE,Retain copyright and permission notice in distributions.,PASS_PERMISSIVE,True
npm,babel-plugin-react-compiler,1.0.0,False,mobile/participant-app/package-lock.json#node_modules/babel-plugin-react-compiler,MIT,MIT,metadata only,Not collected; preserve upstream package notice before distribution.,Retain copyright and permission notice in distributions.,PASS_PERMISSIVE,False
npm,babel-plugin-react-native-web,0.21.2,False,mobile/participant-app/package-lock.json#node_modules/babel-plugin-react-native-web,MIT,MIT,mobile/participant-app/node_modules/babel-plugin-react-native-web/LICENSE,"Copyright (c) Nicolas Gallagher. | The above copyright notice and this permission notice shall be included in all | AUTHORS OR COPYRIGHT HOLDERS BE LIABLE FOR ANY CLAIM, DAMAGES OR OTHER",Retain copyright and permission notice in distributions.,PASS_PERMISSIVE,True
npm,babel-plugin-syntax-hermes-parser,0.36.0,False,mobile/participant-app/package-lock.json#node_modules/babel-plugin-syntax-hermes-parser,MIT,MIT,mobile/participant-app/node_modules/babel-plugin-syntax-hermes-parser/LICENSE,"Copyright (c) Meta Platforms, Inc. and affiliates. | The above copyright notice and this permission notice shall be included in all | AUTHORS OR COPYRIGHT HOLDERS BE LIABLE FOR ANY CLAIM, DAMAGES OR OTHER",Retain copyright and permission notice in distributions.,PASS_PERMISSIVE,True
npm,hermes-estree,0.36.0,False,mobile/participant-app/package-lock.json#node_modules/babel-plugin-syntax-hermes-parser/node_modules/hermes-estree,MIT,MIT,mobile/participant-app/node_modules/babel-plugin-syntax-hermes-parser/node_modules/hermes-estree/LICENSE,"Copyright (c) Meta Platforms, Inc. and affiliates. | The above copyright notice and this permission notice shall be included in all | AUTHORS OR COPYRIGHT HOLDERS BE LIABLE FOR ANY CLAIM, DAMAGES OR OTHER",Retain copyright and permission notice in distributions.,PASS_PERMISSIVE,True
npm,hermes-parser,0.36.0,False,mobile/participant-app/package-lock.json#node_modules/babel-plugin-syntax-hermes-parser/node_modules/hermes-parser,MIT,MIT,mobile/participant-app/node_modules/babel-plugin-syntax-hermes-parser/node_modules/hermes-parser/LICENSE,"Copyright (c) Meta Platforms, Inc. and affiliates. | The above copyright notice and this permission notice shall be included in all | AUTHORS OR COPYRIGHT HOLDERS BE LIABLE FOR ANY CLAIM, DAMAGES OR OTHER",Retain copyright and permission notice in distributions.,PASS_PERMISSIVE,True
npm,babel-plugin-transform-flow-enums,0.0.2,False,mobile/participant-app/package-lock.json#node_modules/babel-plugin-transform-flow-enums,MIT,MIT,mobile/participant-app/node_modules/babel-plugin-transform-flow-enums/LICENSE,"Copyright (c) Facebook, Inc. and its affiliates. | The above copyright notice and this permission notice shall be included in all | AUTHORS OR COPYRIGHT HOLDERS BE LIABLE FOR ANY CLAIM, DAMAGES OR OTHER",Retain copyright and permission notice in distributions.,PASS_PERMISSIVE,True
npm,babel-preset-current-node-syntax,1.2.0,False,mobile/participant-app/package-lock.json#node_modules/babel-preset-current-node-syntax,MIT,MIT,mobile/participant-app/node_modules/babel-preset-current-node-syntax/LICENSE,Copyright (c) 2020 Nicolò Ribaudo and other contributors | The above copyright notice and this permission notice shall be | NONINFRINGEMENT. IN NO EVENT SHALL THE AUTHORS OR COPYRIGHT HOLDERS BE,Retain copyright and permission notice in distributions.,PASS_PERMISSIVE,True
npm,babel-preset-expo,57.0.5,True,mobile/participant-app/package-lock.json#node_modules/babel-preset-expo,MIT,MIT,mobile/participant-app/node_modules/babel-preset-expo/LICENSE,"Copyright (c) 2015-present 650 Industries, Inc. (aka Expo) | The above copyright notice and this permission notice shall be included in all | AUTHORS OR COPYRIGHT HOLDERS BE LIABLE FOR ANY CLAIM, DAMAGES OR OTHER",Retain copyright and permission notice in distributions.,PASS_PERMISSIVE,True
npm,babel-preset-jest,29.6.3,False,mobile/participant-app/package-lock.json#node_modules/babel-preset-jest,MIT,MIT,mobile/participant-app/node_modules/babel-preset-jest/LICENSE,"Copyright (c) Meta Platforms, Inc. and affiliates. | The above copyright notice and this permission notice shall be included in all | AUTHORS OR COPYRIGHT HOLDERS BE LIABLE FOR ANY CLAIM, DAMAGES OR OTHER",Retain copyright and permission notice in distributions.,PASS_PERMISSIVE,True
npm,badgin,1.2.3,False,mobile/participant-app/package-lock.json#node_modules/badgin,MIT,MIT,metadata only,Not collected; preserve upstream package notice before distribution.,Retain copyright and permission notice in distributions.,PASS_PERMISSIVE,False
npm,balanced-match,4.0.4,False,mobile/participant-app/package-lock.json#node_modules/balanced-match,MIT,MIT,mobile/participant-app/node_modules/balanced-match/LICENSE.md,"Original code Copyright Julian Gruber <julian@juliangruber.com> | Port to TypeScript Copyright Isaac Z. Schlueter <i@izs.me> | The above copyright notice and this permission notice shall be included in all | AUTHORS OR COPYRIGHT HOLDERS BE LIABLE FOR ANY CLAIM, DAMAGES OR OTHER",Retain copyright and permission notice in distributions.,PASS_PERMISSIVE,True
npm,base64-js,1.5.1,False,mobile/participant-app/package-lock.json#node_modules/base64-js,MIT,MIT,mobile/participant-app/node_modules/base64-js/LICENSE,"Copyright (c) 2014 Jameson Little | The above copyright notice and this permission notice shall be included in | AUTHORS OR COPYRIGHT HOLDERS BE LIABLE FOR ANY CLAIM, DAMAGES OR OTHER",Retain copyright and permission notice in distributions.,PASS_PERMISSIVE,True
npm,baseline-browser-mapping,2.11.11,False,mobile/participant-app/package-lock.json#node_modules/baseline-browser-mapping,Apache-2.0,Apache-2.0,mobile/participant-app/node_modules/baseline-browser-mapping/LICENSE.txt,"""Licensor"" shall mean the copyright owner or entity authorized by | the copyright owner that is granting the License. | copyright notice that is included in or attached to the work | submitted to Licensor for inclusion in the Work by the copyright owner | the copyright owner. For the purposes of this definition, ""submitted"" | designated in writing by the copyright owner as ""Not a Contribution."" | 2. Grant of Copyright License. Subject to the terms and conditions of | copyright license to reproduce, prepare Derivative Works of,","Retain licence, copyright and NOTICE text; state material modifications where required.",PASS_PERMISSIVE,True
npm,big-integer,1.6.52,False,mobile/participant-app/package-lock.json#node_modules/big-integer,Unlicense,Unlicense,mobile/participant-app/node_modules/big-integer/LICENSE,"In jurisdictions that recognize copyright laws, the author or authors | of this software dedicate any and all copyright interest in the | software under copyright law.",Retain the public-domain dedication text where distributed.,PASS_PERMISSIVE,True
npm,bplist-creator,0.1.0,False,mobile/participant-app/package-lock.json#node_modules/bplist-creator,MIT,MIT,mobile/participant-app/node_modules/bplist-creator/LICENSE,"Copyright (c) 2012 Near Infinity Corporation | The above copyright notice and this permission notice shall be included in all copies or substantial | IN NO EVENT SHALL THE AUTHORS OR COPYRIGHT HOLDERS BE LIABLE FOR ANY CLAIM, DAMAGES OR OTHER LIABILITY,",Retain copyright and permission notice in distributions.,PASS_PERMISSIVE,True
npm,bplist-parser,0.3.1,False,mobile/participant-app/package-lock.json#node_modules/bplist-parser,MIT,MIT,metadata only,Not collected; preserve upstream package notice before distribution.,Retain copyright and permission notice in distributions.,PASS_PERMISSIVE,False
npm,brace-expansion,5.0.9,False,mobile/participant-app/package-lock.json#node_modules/brace-expansion,MIT,MIT,mobile/participant-app/node_modules/brace-expansion/LICENSE,"Copyright Julian Gruber <julian@juliangruber.com> | TypeScript port Copyright Isaac Z. Schlueter <i@izs.me> | The above copyright notice and this permission notice shall be included in all | AUTHORS OR COPYRIGHT HOLDERS BE LIABLE FOR ANY CLAIM, DAMAGES OR OTHER",Retain copyright and permission notice in distributions.,PASS_PERMISSIVE,True
npm,braces,3.0.3,False,mobile/participant-app/package-lock.json#node_modules/braces,MIT,MIT,mobile/participant-app/node_modules/braces/LICENSE,"Copyright (c) 2014-present, Jon Schlinkert. | The above copyright notice and this permission notice shall be included in | AUTHORS OR COPYRIGHT HOLDERS BE LIABLE FOR ANY CLAIM, DAMAGES OR OTHER",Retain copyright and permission notice in distributions.,PASS_PERMISSIVE,True
npm,browserslist,4.28.7,False,mobile/participant-app/package-lock.json#node_modules/browserslist,MIT,MIT,mobile/participant-app/node_modules/browserslist/LICENSE,"Copyright 2014 Andrey Sitnik <andrey@sitnik.es> and other contributors | The above copyright notice and this permission notice shall be included in all | COPYRIGHT HOLDERS BE LIABLE FOR ANY CLAIM, DAMAGES OR OTHER LIABILITY, WHETHER",Retain copyright and permission notice in distributions.,PASS_PERMISSIVE,True
npm,bser,2.1.1,False,mobile/participant-app/package-lock.json#node_modules/bser,Apache-2.0,Apache-2.0,metadata only,Not collected; preserve upstream package notice before distribution.,"Retain licence, copyright and NOTICE text; state material modifications where required.",PASS_PERMISSIVE,False
npm,buffer-from,1.1.2,False,mobile/participant-app/package-lock.json#node_modules/buffer-from,MIT,MIT,mobile/participant-app/node_modules/buffer-from/LICENSE,"Copyright (c) 2016, 2018 Linus Unnebäck | The above copyright notice and this permission notice shall be included in all | AUTHORS OR COPYRIGHT HOLDERS BE LIABLE FOR ANY CLAIM, DAMAGES OR OTHER",Retain copyright and permission notice in distributions.,PASS_PERMISSIVE,True
npm,bytes,3.1.2,False,mobile/participant-app/package-lock.json#node_modules/bytes,MIT,MIT,mobile/participant-app/node_modules/bytes/LICENSE,Copyright (c) 2012-2014 TJ Holowaychuk <tj@vision-media.ca> | Copyright (c) 2015 Jed Watson <jed.watson@me.com> | The above copyright notice and this permission notice shall be | IN NO EVENT SHALL THE AUTHORS OR COPYRIGHT HOLDERS BE LIABLE FOR ANY,Retain copyright and permission notice in distributions.,PASS_PERMISSIVE,True
npm,call-bind,1.0.9,False,mobile/participant-app/package-lock.json#node_modules/call-bind,MIT,MIT,mobile/participant-app/node_modules/call-bind/LICENSE,"Copyright (c) 2020 Jordan Harband | The above copyright notice and this permission notice shall be included in all | AUTHORS OR COPYRIGHT HOLDERS BE LIABLE FOR ANY CLAIM, DAMAGES OR OTHER",Retain copyright and permission notice in distributions.,PASS_PERMISSIVE,True
npm,call-bind-apply-helpers,1.0.2,False,mobile/participant-app/package-lock.json#node_modules/call-bind-apply-helpers,MIT,MIT,mobile/participant-app/node_modules/call-bind-apply-helpers/LICENSE,"Copyright (c) 2024 Jordan Harband | The above copyright notice and this permission notice shall be included in all | AUTHORS OR COPYRIGHT HOLDERS BE LIABLE FOR ANY CLAIM, DAMAGES OR OTHER",Retain copyright and permission notice in distributions.,PASS_PERMISSIVE,True
npm,call-bound,1.0.4,False,mobile/participant-app/package-lock.json#node_modules/call-bound,MIT,MIT,mobile/participant-app/node_modules/call-bound/LICENSE,"Copyright (c) 2024 Jordan Harband | The above copyright notice and this permission notice shall be included in all | AUTHORS OR COPYRIGHT HOLDERS BE LIABLE FOR ANY CLAIM, DAMAGES OR OTHER",Retain copyright and permission notice in distributions.,PASS_PERMISSIVE,True
npm,callsites,3.1.0,False,mobile/participant-app/package-lock.json#node_modules/callsites,MIT,MIT,mobile/participant-app/node_modules/callsites/license,"Copyright (c) Sindre Sorhus <sindresorhus@gmail.com> (sindresorhus.com) | The above copyright notice and this permission notice shall be included in all copies or substantial portions of the Software. | THE SOFTWARE IS PROVIDED ""AS IS"", WITHOUT WARRANTY OF ANY KIND, EXPRESS OR IMPLIED, INCLUDING BUT NOT LIMITED TO THE WARRANTIES OF MERCHANTABILITY, FITNESS FOR A PARTICULAR PURPOSE AND NONINFRINGEMENT. IN NO EVENT SHALL THE AUTHORS OR COPYRIGHT HOLDERS BE LIABLE FOR ANY CLAIM, DAMAGES OR OTHER LIABILITY, WHETHER IN AN ACTION OF CONTRACT, TORT OR OTHERWISE, ARISING FROM, OUT OF OR IN CONNECTION WITH THE SOFTWARE OR THE USE OR OTHER DEALINGS IN THE SOFTWARE.",Retain copyright and permission notice in distributions.,PASS_PERMISSIVE,True
npm,camelcase,6.3.0,False,mobile/participant-app/package-lock.json#node_modules/camelcase,MIT,MIT,mobile/participant-app/node_modules/camelcase/license,"Copyright (c) Sindre Sorhus <sindresorhus@gmail.com> (https://sindresorhus.com) | The above copyright notice and this permission notice shall be included in all copies or substantial portions of the Software. | THE SOFTWARE IS PROVIDED ""AS IS"", WITHOUT WARRANTY OF ANY KIND, EXPRESS OR IMPLIED, INCLUDING BUT NOT LIMITED TO THE WARRANTIES OF MERCHANTABILITY, FITNESS FOR A PARTICULAR PURPOSE AND NONINFRINGEMENT. IN NO EVENT SHALL THE AUTHORS OR COPYRIGHT HOLDERS BE LIABLE FOR ANY CLAIM, DAMAGES OR OTHER LIABILITY, WHETHER IN AN ACTION OF CONTRACT, TORT OR OTHERWISE, ARISING FROM, OUT OF OR IN CONNECTION WITH THE SOFTWARE OR THE USE OR OTHER DEALINGS IN THE SOFTWARE.",Retain copyright and permission notice in distributions.,PASS_PERMISSIVE,True
npm,caniuse-lite,1.0.30001806,False,mobile/participant-app/package-lock.json#node_modules/caniuse-lite,CC-BY-4.0,CC-BY-4.0,mobile/participant-app/node_modules/caniuse-lite/LICENSE,"original works of authorship and other material subject to copyright | copyright and certain other rights. Our licenses are | limitation to copyright. More considerations for licensors: | copyright--then that use is not regulated by the license. Our | licenses grant only permissions under copyright and certain | reasons, including because others have copyright or other | a. Adapted Material means material subject to Copyright and Similar | permission under the Copyright and Similar Rights held by the",Preserve attribution and licence terms; verify the distribution context.,HUMAN_LEGAL_REVIEW,True
npm,chalk,4.1.2,False,mobile/participant-app/package-lock.json#node_modules/chalk,MIT,MIT,mobile/participant-app/node_modules/chalk/license,"Copyright (c) Sindre Sorhus <sindresorhus@gmail.com> (sindresorhus.com) | The above copyright notice and this permission notice shall be included in all copies or substantial portions of the Software. | THE SOFTWARE IS PROVIDED ""AS IS"", WITHOUT WARRANTY OF ANY KIND, EXPRESS OR IMPLIED, INCLUDING BUT NOT LIMITED TO THE WARRANTIES OF MERCHANTABILITY, FITNESS FOR A PARTICULAR PURPOSE AND NONINFRINGEMENT. IN NO EVENT SHALL THE AUTHORS OR COPYRIGHT HOLDERS BE LIABLE FOR ANY CLAIM, DAMAGES OR OTHER LIABILITY, WHETHER IN AN ACTION OF CONTRACT, TORT OR OTHERWISE, ARISING FROM, OUT OF OR IN CONNECTION WITH THE SOFTWARE OR THE USE OR OTHER DEALINGS IN THE SOFTWARE.",Retain copyright and permission notice in distributions.,PASS_PERMISSIVE,True
npm,change-case,5.4.4,False,mobile/participant-app/package-lock.json#node_modules/change-case,MIT,MIT,metadata only,Not collected; preserve upstream package notice before distribution.,Retain copyright and permission notice in distributions.,PASS_PERMISSIVE,False
npm,char-regex,1.0.2,False,mobile/participant-app/package-lock.json#node_modules/char-regex,MIT,MIT,mobile/participant-app/node_modules/char-regex/LICENSE,"Copyright (c) 2019 Richie Bendall | The above copyright notice and this permission notice shall be included in all | AUTHORS OR COPYRIGHT HOLDERS BE LIABLE FOR ANY CLAIM, DAMAGES OR OTHER",Retain copyright and permission notice in distributions.,PASS_PERMISSIVE,True
npm,chrome-launcher,0.15.2,False,mobile/participant-app/package-lock.json#node_modules/chrome-launcher,Apache-2.0,Apache-2.0,mobile/participant-app/node_modules/chrome-launcher/LICENSE,"""Licensor"" shall mean the copyright owner or entity authorized by | the copyright owner that is granting the License. | copyright notice that is included in or attached to the work | submitted to Licensor for inclusion in the Work by the copyright owner | the copyright owner. For the purposes of this definition, ""submitted"" | designated in writing by the copyright owner as ""Not a Contribution."" | 2. Grant of Copyright License. Subject to the terms and conditions of | copyright license to reproduce, prepare Derivative Works of,","Retain licence, copyright and NOTICE text; state material modifications where required.",PASS_PERMISSIVE,True
npm,chromium-edge-launcher,0.3.0,False,mobile/participant-app/package-lock.json#node_modules/chromium-edge-launcher,Apache-2.0,Apache-2.0,mobile/participant-app/node_modules/chromium-edge-launcher/LICENSE,"""Licensor"" shall mean the copyright owner or entity authorized by | the copyright owner that is granting the License. | copyright notice that is included in or attached to the work | submitted to Licensor for inclusion in the Work by the copyright owner | the copyright owner. For the purposes of this definition, ""submitted"" | designated in writing by the copyright owner as ""Not a Contribution."" | 2. Grant of Copyright License. Subject to the terms and conditions of | copyright license to reproduce, prepare Derivative Works of,","Retain licence, copyright and NOTICE text; state material modifications where required.",PASS_PERMISSIVE,True
npm,ci-info,2.0.0,False,mobile/participant-app/package-lock.json#node_modules/ci-info,MIT,MIT,mobile/participant-app/node_modules/ci-info/LICENSE,"Copyright (c) 2016-2018 Thomas Watson Steen | The above copyright notice and this permission notice shall be included in all | AUTHORS OR COPYRIGHT HOLDERS BE LIABLE FOR ANY CLAIM, DAMAGES OR OTHER",Retain copyright and permission notice in distributions.,PASS_PERMISSIVE,True
npm,cjs-module-lexer,1.4.3,False,mobile/participant-app/package-lock.json#node_modules/cjs-module-lexer,MIT,MIT,mobile/participant-app/node_modules/cjs-module-lexer/LICENSE,"Copyright (C) 2018-2020 Guy Bedford | The above copyright notice and this permission notice shall be included in all copies or substantial portions of the Software. | THE SOFTWARE IS PROVIDED ""AS IS"", WITHOUT WARRANTY OF ANY KIND, EXPRESS OR IMPLIED, INCLUDING BUT NOT LIMITED TO THE WARRANTIES OF MERCHANTABILITY, FITNESS FOR A PARTICULAR PURPOSE AND NONINFRINGEMENT. IN NO EVENT SHALL THE AUTHORS OR COPYRIGHT HOLDERS BE LIABLE FOR ANY CLAIM, DAMAGES OR OTHER LIABILITY, WHETHER IN AN ACTION OF CONTRACT, TORT OR OTHERWISE, ARISING FROM, OUT OF OR IN CONNECTION WITH THE SOFTWARE OR THE USE OR OTHER DEALINGS IN THE SOFTWARE.",Retain copyright and permission notice in distributions.,PASS_PERMISSIVE,True
npm,cli-cursor,2.1.0,False,mobile/participant-app/package-lock.json#node_modules/cli-cursor,MIT,MIT,mobile/participant-app/node_modules/cli-cursor/license,"Copyright (c) Sindre Sorhus <sindresorhus@gmail.com> (sindresorhus.com) | The above copyright notice and this permission notice shall be included in | AUTHORS OR COPYRIGHT HOLDERS BE LIABLE FOR ANY CLAIM, DAMAGES OR OTHER",Retain copyright and permission notice in distributions.,PASS_PERMISSIVE,True
npm,cli-spinners,2.9.2,False,mobile/participant-app/package-lock.json#node_modules/cli-spinners,MIT,MIT,mobile/participant-app/node_modules/cli-spinners/license,"Copyright (c) Sindre Sorhus <sindresorhus@gmail.com> (https://sindresorhus.com) | The above copyright notice and this permission notice shall be included in all copies or substantial portions of the Software. | THE SOFTWARE IS PROVIDED ""AS IS"", WITHOUT WARRANTY OF ANY KIND, EXPRESS OR IMPLIED, INCLUDING BUT NOT LIMITED TO THE WARRANTIES OF MERCHANTABILITY, FITNESS FOR A PARTICULAR PURPOSE AND NONINFRINGEMENT. IN NO EVENT SHALL THE AUTHORS OR COPYRIGHT HOLDERS BE LIABLE FOR ANY CLAIM, DAMAGES OR OTHER LIABILITY, WHETHER IN AN ACTION OF CONTRACT, TORT OR OTHERWISE, ARISING FROM, OUT OF OR IN CONNECTION WITH THE SOFTWARE OR THE USE OR OTHER DEALINGS IN THE SOFTWARE.",Retain copyright and permission notice in distributions.,PASS_PERMISSIVE,True
npm,cliui,8.0.1,False,mobile/participant-app/package-lock.json#node_modules/cliui,ISC,ISC,mobile/participant-app/node_modules/cliui/LICENSE.txt,"Copyright (c) 2015, Contributors | that the above copyright notice and this permission notice",Retain copyright and permission notice in distributions.,PASS_PERMISSIVE,True
npm,clone,1.0.4,False,mobile/participant-app/package-lock.json#node_modules/clone,MIT,MIT,mobile/participant-app/node_modules/clone/LICENSE,"Copyright © 2011-2015 Paul Vorbach <paul@vorba.ch> | The above copyright notice and this permission notice shall be included in all | COPYRIGHT HOLDERS BE LIABLE FOR ANY CLAIM, DAMAGES OR OTHER LIABILITY, WHETHER",Retain copyright and permission notice in distributions.,PASS_PERMISSIVE,True
npm,co,4.6.0,False,mobile/participant-app/package-lock.json#node_modules/co,MIT,MIT,mobile/participant-app/node_modules/co/LICENSE,Copyright (c) 2014 TJ Holowaychuk &lt;tj@vision-media.ca&gt; | The above copyright notice and this permission notice shall be | IN NO EVENT SHALL THE AUTHORS OR COPYRIGHT HOLDERS BE LIABLE FOR ANY,Retain copyright and permission notice in distributions.,PASS_PERMISSIVE,True
npm,collect-v8-coverage,1.0.3,False,mobile/participant-app/package-lock.json#node_modules/collect-v8-coverage,MIT,MIT,mobile/participant-app/node_modules/collect-v8-coverage/LICENSE,Copyright (c) 2019 Simen Bekkhus | The above copyright notice and this permission notice shall be included | IN NO EVENT SHALL THE AUTHORS OR COPYRIGHT HOLDERS BE LIABLE FOR ANY,Retain copyright and permission notice in distributions.,PASS_PERMISSIVE,True
npm,color,4.2.3,False,mobile/participant-app/package-lock.json#node_modules/color,MIT,MIT,mobile/participant-app/node_modules/color/LICENSE,Copyright (c) 2012 Heather Arthur | The above copyright notice and this permission notice shall be | NONINFRINGEMENT. IN NO EVENT SHALL THE AUTHORS OR COPYRIGHT HOLDERS BE,Retain copyright and permission notice in distributions.,PASS_PERMISSIVE,True
npm,color-convert,2.0.1,False,mobile/participant-app/package-lock.json#node_modules/color-convert,MIT,MIT,mobile/participant-app/node_modules/color-convert/LICENSE,Copyright (c) 2011-2016 Heather Arthur <fayearthur@gmail.com> | The above copyright notice and this permission notice shall be | NONINFRINGEMENT. IN NO EVENT SHALL THE AUTHORS OR COPYRIGHT HOLDERS BE,Retain copyright and permission notice in distributions.,PASS_PERMISSIVE,True
npm,color-name,1.1.4,False,mobile/participant-app/package-lock.json#node_modules/color-name,MIT,MIT,mobile/participant-app/node_modules/color-name/LICENSE,"Copyright (c) 2015 Dmitry Ivanov | The above copyright notice and this permission notice shall be included in all copies or substantial portions of the Software. | THE SOFTWARE IS PROVIDED ""AS IS"", WITHOUT WARRANTY OF ANY KIND, EXPRESS OR IMPLIED, INCLUDING BUT NOT LIMITED TO THE WARRANTIES OF MERCHANTABILITY, FITNESS FOR A PARTICULAR PURPOSE AND NONINFRINGEMENT. IN NO EVENT SHALL THE AUTHORS OR COPYRIGHT HOLDERS BE LIABLE FOR ANY CLAIM, DAMAGES OR OTHER LIABILITY, WHETHER IN AN ACTION OF CONTRACT, TORT OR OTHERWISE, ARISING FROM, OUT OF OR IN CONNECTION WITH THE SOFTWARE OR THE USE OR OTHER DEALINGS IN THE SOFTWARE.",Retain copyright and permission notice in distributions.,PASS_PERMISSIVE,True
npm,color-string,1.9.1,False,mobile/participant-app/package-lock.json#node_modules/color-string,MIT,MIT,mobile/participant-app/node_modules/color-string/LICENSE,Copyright (c) 2011 Heather Arthur <fayearthur@gmail.com> | The above copyright notice and this permission notice shall be | NONINFRINGEMENT. IN NO EVENT SHALL THE AUTHORS OR COPYRIGHT HOLDERS BE,Retain copyright and permission notice in distributions.,PASS_PERMISSIVE,True
npm,colorette,1.4.0,False,mobile/participant-app/package-lock.json#node_modules/colorette,MIT,MIT,mobile/participant-app/node_modules/colorette/LICENSE.md,"Copyright © Jorge Bucaran <<https://jorgebucaran.com>> | The above copyright notice and this permission notice shall be included in all copies or substantial portions of the Software. | THE SOFTWARE IS PROVIDED 'AS IS', WITHOUT WARRANTY OF ANY KIND, EXPRESS OR IMPLIED, INCLUDING BUT NOT LIMITED TO THE WARRANTIES OF MERCHANTABILITY, FITNESS FOR A PARTICULAR PURPOSE AND NONINFRINGEMENT. IN NO EVENT SHALL THE AUTHORS OR COPYRIGHT HOLDERS BE LIABLE FOR ANY CLAIM, DAMAGES OR OTHER LIABILITY, WHETHER IN AN ACTION OF CONTRACT, TORT OR OTHERWISE, ARISING FROM, OUT OF OR IN CONNECTION WITH THE SOFTWARE OR THE USE OR OTHER DEALINGS IN THE SOFTWARE.",Retain copyright and permission notice in distributions.,PASS_PERMISSIVE,True
npm,combined-stream,1.0.8,False,mobile/participant-app/package-lock.json#node_modules/combined-stream,MIT,MIT,mobile/participant-app/node_modules/combined-stream/License,"Copyright (c) 2011 Debuggable Limited <felix@debuggable.com> | The above copyright notice and this permission notice shall be included in | AUTHORS OR COPYRIGHT HOLDERS BE LIABLE FOR ANY CLAIM, DAMAGES OR OTHER",Retain copyright and permission notice in distributions.,PASS_PERMISSIVE,True
npm,commander,7.2.0,False,mobile/participant-app/package-lock.json#node_modules/commander,MIT,MIT,mobile/participant-app/node_modules/commander/LICENSE,Copyright (c) 2011 TJ Holowaychuk <tj@vision-media.ca> | The above copyright notice and this permission notice shall be | IN NO EVENT SHALL THE AUTHORS OR COPYRIGHT HOLDERS BE LIABLE FOR ANY,Retain copyright and permission notice in distributions.,PASS_PERMISSIVE,True
npm,compressible,2.0.18,False,mobile/participant-app/package-lock.json#node_modules/compressible,MIT,MIT,mobile/participant-app/node_modules/compressible/LICENSE,Copyright (c) 2013 Jonathan Ong <me@jongleberry.com> | Copyright (c) 2014 Jeremiah Senkpiel <fishrock123@rocketmail.com> | Copyright (c) 2015 Douglas Christopher Wilson <doug@somethingdoug.com> | The above copyright notice and this permission notice shall be | IN NO EVENT SHALL THE AUTHORS OR COPYRIGHT HOLDERS BE LIABLE FOR ANY,Retain copyright and permission notice in distributions.,PASS_PERMISSIVE,True
npm,compression,1.8.1,False,mobile/participant-app/package-lock.json#node_modules/compression,MIT,MIT,mobile/participant-app/node_modules/compression/LICENSE,Copyright (c) 2014 Jonathan Ong <me@jongleberry.com> | Copyright (c) 2014-2015 Douglas Christopher Wilson <doug@somethingdoug.com> | The above copyright notice and this permission notice shall be | IN NO EVENT SHALL THE AUTHORS OR COPYRIGHT HOLDERS BE LIABLE FOR ANY,Retain copyright and permission notice in distributions.,PASS_PERMISSIVE,True
npm,debug,2.6.9,False,mobile/participant-app/package-lock.json#node_modules/compression/node_modules/debug,MIT,MIT,mobile/participant-app/node_modules/compression/node_modules/debug/LICENSE,"Copyright (c) 2014 TJ Holowaychuk <tj@vision-media.ca> | The above copyright notice and this permission notice shall be included in all copies or substantial | IN NO EVENT SHALL THE AUTHORS OR COPYRIGHT HOLDERS BE LIABLE FOR ANY CLAIM, DAMAGES OR OTHER LIABILITY,",Retain copyright and permission notice in distributions.,PASS_PERMISSIVE,True
npm,ms,2.0.0,False,mobile/participant-app/package-lock.json#node_modules/compression/node_modules/ms,MIT,MIT,mobile/participant-app/node_modules/compression/node_modules/ms/license.md,"Copyright (c) 2016 Zeit, Inc. | The above copyright notice and this permission notice shall be included in all | AUTHORS OR COPYRIGHT HOLDERS BE LIABLE FOR ANY CLAIM, DAMAGES OR OTHER",Retain copyright and permission notice in distributions.,PASS_PERMISSIVE,True
npm,negotiator,0.6.4,False,mobile/participant-app/package-lock.json#node_modules/compression/node_modules/negotiator,MIT,MIT,mobile/participant-app/node_modules/compression/node_modules/negotiator/LICENSE,Copyright (c) 2012-2014 Federico Romero | Copyright (c) 2012-2014 Isaac Z. Schlueter | Copyright (c) 2014-2015 Douglas Christopher Wilson | The above copyright notice and this permission notice shall be | IN NO EVENT SHALL THE AUTHORS OR COPYRIGHT HOLDERS BE LIABLE FOR ANY,Retain copyright and permission notice in distributions.,PASS_PERMISSIVE,True
npm,concat-map,0.0.1,False,mobile/participant-app/package-lock.json#node_modules/concat-map,MIT,MIT,mobile/participant-app/node_modules/concat-map/LICENSE,"The above copyright notice and this permission notice shall be included in all | COPYRIGHT HOLDERS BE LIABLE FOR ANY CLAIM, DAMAGES OR OTHER LIABILITY, WHETHER",Retain copyright and permission notice in distributions.,PASS_PERMISSIVE,True
npm,connect,3.7.0,False,mobile/participant-app/package-lock.json#node_modules/connect,MIT,MIT,mobile/participant-app/node_modules/connect/LICENSE,Copyright (c) 2010 Sencha Inc. | Copyright (c) 2011 LearnBoost | Copyright (c) 2011-2014 TJ Holowaychuk | Copyright (c) 2015 Douglas Christopher Wilson | The above copyright notice and this permission notice shall be | IN NO EVENT SHALL THE AUTHORS OR COPYRIGHT HOLDERS BE LIABLE FOR ANY,Retain copyright and permission notice in distributions.,PASS_PERMISSIVE,True
npm,debug,2.6.9,False,mobile/participant-app/package-lock.json#node_modules/connect/node_modules/debug,MIT,MIT,mobile/participant-app/node_modules/connect/node_modules/debug/LICENSE,"Copyright (c) 2014 TJ Holowaychuk <tj@vision-media.ca> | The above copyright notice and this permission notice shall be included in all copies or substantial | IN NO EVENT SHALL THE AUTHORS OR COPYRIGHT HOLDERS BE LIABLE FOR ANY CLAIM, DAMAGES OR OTHER LIABILITY,",Retain copyright and permission notice in distributions.,PASS_PERMISSIVE,True
npm,ms,2.0.0,False,mobile/participant-app/package-lock.json#node_modules/connect/node_modules/ms,MIT,MIT,mobile/participant-app/node_modules/connect/node_modules/ms/license.md,"Copyright (c) 2016 Zeit, Inc. | The above copyright notice and this permission notice shall be included in all | AUTHORS OR COPYRIGHT HOLDERS BE LIABLE FOR ANY CLAIM, DAMAGES OR OTHER",Retain copyright and permission notice in distributions.,PASS_PERMISSIVE,True
npm,convert-source-map,2.0.0,False,mobile/participant-app/package-lock.json#node_modules/convert-source-map,MIT,MIT,mobile/participant-app/node_modules/convert-source-map/LICENSE,Copyright 2013 Thorsten Lorenz. | The above copyright notice and this permission notice shall be | NONINFRINGEMENT. IN NO EVENT SHALL THE AUTHORS OR COPYRIGHT,Retain copyright and permission notice in distributions.,PASS_PERMISSIVE,True
npm,core-js-compat,3.49.0,False,mobile/participant-app/package-lock.json#node_modules/core-js-compat,MIT,MIT,mobile/participant-app/node_modules/core-js-compat/LICENSE,"Copyright (c) 2013–2025 Denis Pushkarev (zloirock.ru) | Copyright (c) 2025–2026 CoreJS Company (core-js.io) | The above copyright notice and this permission notice shall be included in | AUTHORS OR COPYRIGHT HOLDERS BE LIABLE FOR ANY CLAIM, DAMAGES OR OTHER",Retain copyright and permission notice in distributions.,PASS_PERMISSIVE,True
npm,create-jest,29.7.0,False,mobile/participant-app/package-lock.json#node_modules/create-jest,MIT,MIT,mobile/participant-app/node_modules/create-jest/LICENSE,"Copyright (c) Meta Platforms, Inc. and affiliates. | The above copyright notice and this permission notice shall be included in all | AUTHORS OR COPYRIGHT HOLDERS BE LIABLE FOR ANY CLAIM, DAMAGES OR OTHER",Retain copyright and permission notice in distributions.,PASS_PERMISSIVE,True
npm,cross-spawn,7.0.6,False,mobile/participant-app/package-lock.json#node_modules/cross-spawn,MIT,MIT,mobile/participant-app/node_modules/cross-spawn/LICENSE,"Copyright (c) 2018 Made With MOXY Lda <hello@moxy.studio> | The above copyright notice and this permission notice shall be included in | AUTHORS OR COPYRIGHT HOLDERS BE LIABLE FOR ANY CLAIM, DAMAGES OR OTHER",Retain copyright and permission notice in distributions.,PASS_PERMISSIVE,True
npm,cssom,0.5.0,False,mobile/participant-app/package-lock.json#node_modules/cssom,MIT,MIT,mobile/participant-app/node_modules/cssom/LICENSE.txt,Copyright (c) Nikita Vasilyev | The above copyright notice and this permission notice shall be | NONINFRINGEMENT. IN NO EVENT SHALL THE AUTHORS OR COPYRIGHT HOLDERS BE,Retain copyright and permission notice in distributions.,PASS_PERMISSIVE,True
npm,cssstyle,2.3.0,False,mobile/participant-app/package-lock.json#node_modules/cssstyle,MIT,MIT,mobile/participant-app/node_modules/cssstyle/LICENSE,Copyright (c) Chad Walker | The above copyright notice and this permission notice shall be | NONINFRINGEMENT. IN NO EVENT SHALL THE AUTHORS OR COPYRIGHT HOLDERS BE,Retain copyright and permission notice in distributions.,PASS_PERMISSIVE,True
npm,cssom,0.3.8,False,mobile/participant-app/package-lock.json#node_modules/cssstyle/node_modules/cssom,MIT,MIT,mobile/participant-app/node_modules/cssstyle/node_modules/cssom/LICENSE.txt,Copyright (c) Nikita Vasilyev | The above copyright notice and this permission notice shall be | NONINFRINGEMENT. IN NO EVENT SHALL THE AUTHORS OR COPYRIGHT HOLDERS BE,Retain copyright and permission notice in distributions.,PASS_PERMISSIVE,True
npm,csstype,3.2.3,False,mobile/participant-app/package-lock.json#node_modules/csstype,MIT,MIT,mobile/participant-app/node_modules/csstype/LICENSE,"Copyright (c) 2017-2018 Fredrik Nicol | The above copyright notice and this permission notice shall be included in all | AUTHORS OR COPYRIGHT HOLDERS BE LIABLE FOR ANY CLAIM, DAMAGES OR OTHER",Retain copyright and permission notice in distributions.,PASS_PERMISSIVE,True
npm,data-urls,3.0.2,False,mobile/participant-app/package-lock.json#node_modules/data-urls,MIT,MIT,mobile/participant-app/node_modules/data-urls/LICENSE.txt,"Copyright © Domenic Denicola <d@domenic.me> | The above copyright notice and this permission notice shall be included in all copies or substantial portions of the Software. | THE SOFTWARE IS PROVIDED ""AS IS"", WITHOUT WARRANTY OF ANY KIND, EXPRESS OR IMPLIED, INCLUDING BUT NOT LIMITED TO THE WARRANTIES OF MERCHANTABILITY, FITNESS FOR A PARTICULAR PURPOSE AND NONINFRINGEMENT. IN NO EVENT SHALL THE AUTHORS OR COPYRIGHT HOLDERS BE LIABLE FOR ANY CLAIM, DAMAGES OR OTHER LIABILITY, WHETHER IN AN ACTION OF CONTRACT, TORT OR OTHERWISE, ARISING FROM, OUT OF OR IN CONNECTION WITH THE SOFTWARE OR THE USE OR OTHER DEALINGS IN THE SOFTWARE.",Retain copyright and permission notice in distributions.,PASS_PERMISSIVE,True
npm,data-view-buffer,1.0.2,False,mobile/participant-app/package-lock.json#node_modules/data-view-buffer,MIT,MIT,mobile/participant-app/node_modules/data-view-buffer/LICENSE,"Copyright (c) 2023 Jordan Harband | The above copyright notice and this permission notice shall be included in all | AUTHORS OR COPYRIGHT HOLDERS BE LIABLE FOR ANY CLAIM, DAMAGES OR OTHER",Retain copyright and permission notice in distributions.,PASS_PERMISSIVE,True
npm,data-view-byte-length,1.0.2,False,mobile/participant-app/package-lock.json#node_modules/data-view-byte-length,MIT,MIT,mobile/participant-app/node_modules/data-view-byte-length/LICENSE,"Copyright (c) 2024 Jordan Harband | The above copyright notice and this permission notice shall be included in all | AUTHORS OR COPYRIGHT HOLDERS BE LIABLE FOR ANY CLAIM, DAMAGES OR OTHER",Retain copyright and permission notice in distributions.,PASS_PERMISSIVE,True
npm,data-view-byte-offset,1.0.1,False,mobile/participant-app/package-lock.json#node_modules/data-view-byte-offset,MIT,MIT,mobile/participant-app/node_modules/data-view-byte-offset/LICENSE,"Copyright (c) 2024 Jordan Harband | The above copyright notice and this permission notice shall be included in all | AUTHORS OR COPYRIGHT HOLDERS BE LIABLE FOR ANY CLAIM, DAMAGES OR OTHER",Retain copyright and permission notice in distributions.,PASS_PERMISSIVE,True
npm,debug,4.4.3,False,mobile/participant-app/package-lock.json#node_modules/debug,MIT,MIT,mobile/participant-app/node_modules/debug/LICENSE,"Copyright (c) 2014-2017 TJ Holowaychuk <tj@vision-media.ca> | Copyright (c) 2018-2021 Josh Junon | The above copyright notice and this permission notice shall be included in all copies or substantial | IN NO EVENT SHALL THE AUTHORS OR COPYRIGHT HOLDERS BE LIABLE FOR ANY CLAIM, DAMAGES OR OTHER LIABILITY,",Retain copyright and permission notice in distributions.,PASS_PERMISSIVE,True
npm,decimal.js,10.6.0,False,mobile/participant-app/package-lock.json#node_modules/decimal.js,MIT,MIT,mobile/participant-app/node_modules/decimal.js/LICENCE.md,Copyright (c) 2025 Michael Mclaughlin | The above copyright notice and this permission notice shall be | IN NO EVENT SHALL THE AUTHORS OR COPYRIGHT HOLDERS BE LIABLE FOR ANY,Retain copyright and permission notice in distributions.,PASS_PERMISSIVE,True
npm,decode-uri-component,0.2.2,False,mobile/participant-app/package-lock.json#node_modules/decode-uri-component,MIT,MIT,mobile/participant-app/node_modules/decode-uri-component/license,"Copyright (c) 2017, Sam Verschueren <sam.verschueren@gmail.com> (github.com/SamVerschueren) | The above copyright notice and this permission notice shall be included in all copies or substantial portions of the Software. | THE SOFTWARE IS PROVIDED ""AS IS"", WITHOUT WARRANTY OF ANY KIND, EXPRESS OR IMPLIED, INCLUDING BUT NOT LIMITED TO THE WARRANTIES OF MERCHANTABILITY, FITNESS FOR A PARTICULAR PURPOSE AND NONINFRINGEMENT. IN NO EVENT SHALL THE AUTHORS OR COPYRIGHT HOLDERS BE LIABLE FOR ANY CLAIM, DAMAGES OR OTHER LIABILITY, WHETHER IN AN ACTION OF CONTRACT, TORT OR OTHERWISE, ARISING FROM, OUT OF OR IN CONNECTION WITH THE SOFTWARE OR THE USE OR OTHER DEALINGS IN THE SOFTWARE.",Retain copyright and permission notice in distributions.,PASS_PERMISSIVE,True
npm,dedent,1.7.2,False,mobile/participant-app/package-lock.json#node_modules/dedent,MIT,MIT,mobile/participant-app/node_modules/dedent/LICENSE.md,The above copyright notice and this permission notice shall be | IN NO EVENT SHALL THE AUTHORS OR COPYRIGHT HOLDERS BE LIABLE FOR ANY,Retain copyright and permission notice in distributions.,PASS_PERMISSIVE,True
npm,deep-is,0.1.4,False,mobile/participant-app/package-lock.json#node_modules/deep-is,MIT,MIT,mobile/participant-app/node_modules/deep-is/LICENSE,"Copyright (c) 2012, 2013 Thorsten Lorenz <thlorenz@gmx.de> | Copyright (c) 2012 James Halliday <mail@substack.net> | Copyright (c) 2009 Thomas Robinson <280north.com> | The above copyright notice and this permission notice shall be included in all | COPYRIGHT HOLDERS BE LIABLE FOR ANY CLAIM, DAMAGES OR OTHER LIABILITY, WHETHER",Retain copyright and permission notice in distributions.,PASS_PERMISSIVE,True
npm,deepmerge,4.3.1,False,mobile/participant-app/package-lock.json#node_modules/deepmerge,MIT,MIT,mobile/participant-app/node_modules/deepmerge/license.txt,"Copyright (c) 2012 James Halliday, Josh Duff, and other contributors | The above copyright notice and this permission notice shall be included in | AUTHORS OR COPYRIGHT HOLDERS BE LIABLE FOR ANY CLAIM, DAMAGES OR OTHER",Retain copyright and permission notice in distributions.,PASS_PERMISSIVE,True
npm,defaults,1.0.4,False,mobile/participant-app/package-lock.json#node_modules/defaults,MIT,MIT,mobile/participant-app/node_modules/defaults/LICENSE,"Copyright (c) 2022 Sindre Sorhus | Copyright (c) 2015 Elijah Insua | The above copyright notice and this permission notice shall be included in | AUTHORS OR COPYRIGHT HOLDERS BE LIABLE FOR ANY CLAIM, DAMAGES OR OTHER",Retain copyright and permission notice in distributions.,PASS_PERMISSIVE,True
npm,define-data-property,1.1.4,False,mobile/participant-app/package-lock.json#node_modules/define-data-property,MIT,MIT,mobile/participant-app/node_modules/define-data-property/LICENSE,"Copyright (c) 2023 Jordan Harband | The above copyright notice and this permission notice shall be included in all | AUTHORS OR COPYRIGHT HOLDERS BE LIABLE FOR ANY CLAIM, DAMAGES OR OTHER",Retain copyright and permission notice in distributions.,PASS_PERMISSIVE,True
npm,define-properties,1.2.1,False,mobile/participant-app/package-lock.json#node_modules/define-properties,MIT,MIT,mobile/participant-app/node_modules/define-properties/LICENSE,"Copyright (C) 2015 Jordan Harband | The above copyright notice and this permission notice shall be included in | AUTHORS OR COPYRIGHT HOLDERS BE LIABLE FOR ANY CLAIM, DAMAGES OR OTHER",Retain copyright and permission notice in distributions.,PASS_PERMISSIVE,True
npm,delayed-stream,1.0.0,False,mobile/participant-app/package-lock.json#node_modules/delayed-stream,MIT,MIT,mobile/participant-app/node_modules/delayed-stream/License,"Copyright (c) 2011 Debuggable Limited <felix@debuggable.com> | The above copyright notice and this permission notice shall be included in | AUTHORS OR COPYRIGHT HOLDERS BE LIABLE FOR ANY CLAIM, DAMAGES OR OTHER",Retain copyright and permission notice in distributions.,PASS_PERMISSIVE,True
npm,depd,2.0.0,False,mobile/participant-app/package-lock.json#node_modules/depd,MIT,MIT,mobile/participant-app/node_modules/depd/LICENSE,Copyright (c) 2014-2018 Douglas Christopher Wilson | The above copyright notice and this permission notice shall be | IN NO EVENT SHALL THE AUTHORS OR COPYRIGHT HOLDERS BE LIABLE FOR ANY,Retain copyright and permission notice in distributions.,PASS_PERMISSIVE,True
npm,destroy,1.2.0,False,mobile/participant-app/package-lock.json#node_modules/destroy,MIT,MIT,mobile/participant-app/node_modules/destroy/LICENSE,"Copyright (c) 2014 Jonathan Ong me@jongleberry.com | Copyright (c) 2015-2022 Douglas Christopher Wilson doug@somethingdoug.com | The above copyright notice and this permission notice shall be included in | AUTHORS OR COPYRIGHT HOLDERS BE LIABLE FOR ANY CLAIM, DAMAGES OR OTHER",Retain copyright and permission notice in distributions.,PASS_PERMISSIVE,True
npm,detect-libc,2.1.2,False,mobile/participant-app/package-lock.json#node_modules/detect-libc,Apache-2.0,Apache-2.0,mobile/participant-app/node_modules/detect-libc/LICENSE,"""Licensor"" shall mean the copyright owner or entity authorized by | the copyright owner that is granting the License. | copyright notice that is included in or attached to the work | submitted to Licensor for inclusion in the Work by the copyright owner | the copyright owner. For the purposes of this definition, ""submitted"" | designated in writing by the copyright owner as ""Not a Contribution."" | 2. Grant of Copyright License. Subject to the terms and conditions of | copyright license to reproduce, prepare Derivative Works of,","Retain licence, copyright and NOTICE text; state material modifications where required.",PASS_PERMISSIVE,True
npm,detect-newline,3.1.0,False,mobile/participant-app/package-lock.json#node_modules/detect-newline,MIT,MIT,mobile/participant-app/node_modules/detect-newline/license,"Copyright (c) Sindre Sorhus <sindresorhus@gmail.com> (sindresorhus.com) | The above copyright notice and this permission notice shall be included in all copies or substantial portions of the Software. | THE SOFTWARE IS PROVIDED ""AS IS"", WITHOUT WARRANTY OF ANY KIND, EXPRESS OR IMPLIED, INCLUDING BUT NOT LIMITED TO THE WARRANTIES OF MERCHANTABILITY, FITNESS FOR A PARTICULAR PURPOSE AND NONINFRINGEMENT. IN NO EVENT SHALL THE AUTHORS OR COPYRIGHT HOLDERS BE LIABLE FOR ANY CLAIM, DAMAGES OR OTHER LIABILITY, WHETHER IN AN ACTION OF CONTRACT, TORT OR OTHERWISE, ARISING FROM, OUT OF OR IN CONNECTION WITH THE SOFTWARE OR THE USE OR OTHER DEALINGS IN THE SOFTWARE.",Retain copyright and permission notice in distributions.,PASS_PERMISSIVE,True
npm,diff-sequences,29.6.3,False,mobile/participant-app/package-lock.json#node_modules/diff-sequences,MIT,MIT,mobile/participant-app/node_modules/diff-sequences/LICENSE,"Copyright (c) Meta Platforms, Inc. and affiliates. | The above copyright notice and this permission notice shall be included in all | AUTHORS OR COPYRIGHT HOLDERS BE LIABLE FOR ANY CLAIM, DAMAGES OR OTHER",Retain copyright and permission notice in distributions.,PASS_PERMISSIVE,True
npm,dnssd-advertise,1.1.6,False,mobile/participant-app/package-lock.json#node_modules/dnssd-advertise,MIT,MIT,mobile/participant-app/node_modules/dnssd-advertise/LICENSE.md,"Copyright (c) Phil Pluckthun, | Copyright (c) 650 Industries, Inc. (aka Expo), | The above copyright notice and this permission notice shall be included in all | AUTHORS OR COPYRIGHT HOLDERS BE LIABLE FOR ANY CLAIM, DAMAGES OR OTHER",Retain copyright and permission notice in distributions.,PASS_PERMISSIVE,True
npm,doctrine,2.1.0,False,mobile/participant-app/package-lock.json#node_modules/doctrine,Apache-2.0,Apache-2.0,mobile/participant-app/node_modules/doctrine/LICENSE,"""Licensor"" shall mean the copyright owner or entity authorized by | the copyright owner that is granting the License. | copyright notice that is included in or attached to the work | submitted to Licensor for inclusion in the Work by the copyright owner | the copyright owner. For the purposes of this definition, ""submitted"" | designated in writing by the copyright owner as ""Not a Contribution."" | 2. Grant of Copyright License. Subject to the terms and conditions of | copyright license to reproduce, prepare Derivative Works of,","Retain licence, copyright and NOTICE text; state material modifications where required.",PASS_PERMISSIVE,True
npm,domexception,4.0.0,False,mobile/participant-app/package-lock.json#node_modules/domexception,MIT,MIT,mobile/participant-app/node_modules/domexception/LICENSE.txt,"Copyright © Domenic Denicola | The above copyright notice and this permission notice shall be included in all | AUTHORS OR COPYRIGHT HOLDERS BE LIABLE FOR ANY CLAIM, DAMAGES OR OTHER",Retain copyright and permission notice in distributions.,PASS_PERMISSIVE,True
npm,dunder-proto,1.0.1,False,mobile/participant-app/package-lock.json#node_modules/dunder-proto,MIT,MIT,mobile/participant-app/node_modules/dunder-proto/LICENSE,"Copyright (c) 2024 ECMAScript Shims | The above copyright notice and this permission notice shall be included in all | AUTHORS OR COPYRIGHT HOLDERS BE LIABLE FOR ANY CLAIM, DAMAGES OR OTHER",Retain copyright and permission notice in distributions.,PASS_PERMISSIVE,True
npm,ee-first,1.1.1,False,mobile/participant-app/package-lock.json#node_modules/ee-first,MIT,MIT,mobile/participant-app/node_modules/ee-first/LICENSE,"Copyright (c) 2014 Jonathan Ong me@jongleberry.com | The above copyright notice and this permission notice shall be included in | AUTHORS OR COPYRIGHT HOLDERS BE LIABLE FOR ANY CLAIM, DAMAGES OR OTHER",Retain copyright and permission notice in distributions.,PASS_PERMISSIVE,True
npm,electron-to-chromium,1.5.399,False,mobile/participant-app/package-lock.json#node_modules/electron-to-chromium,ISC,ISC,mobile/participant-app/node_modules/electron-to-chromium/LICENSE,"Copyright 2018 Kilian Valkhof | Permission to use, copy, modify, and/or distribute this software for any purpose with or without fee is hereby granted, provided that the above copyright notice and this permission notice appear in all copies.",Retain copyright and permission notice in distributions.,PASS_PERMISSIVE,True
npm,emittery,0.13.1,False,mobile/participant-app/package-lock.json#node_modules/emittery,MIT,MIT,mobile/participant-app/node_modules/emittery/license,"Copyright (c) Sindre Sorhus <sindresorhus@gmail.com> (https://sindresorhus.com) | The above copyright notice and this permission notice shall be included in all copies or substantial portions of the Software. | THE SOFTWARE IS PROVIDED ""AS IS"", WITHOUT WARRANTY OF ANY KIND, EXPRESS OR IMPLIED, INCLUDING BUT NOT LIMITED TO THE WARRANTIES OF MERCHANTABILITY, FITNESS FOR A PARTICULAR PURPOSE AND NONINFRINGEMENT. IN NO EVENT SHALL THE AUTHORS OR COPYRIGHT HOLDERS BE LIABLE FOR ANY CLAIM, DAMAGES OR OTHER LIABILITY, WHETHER IN AN ACTION OF CONTRACT, TORT OR OTHERWISE, ARISING FROM, OUT OF OR IN CONNECTION WITH THE SOFTWARE OR THE USE OR OTHER DEALINGS IN THE SOFTWARE.",Retain copyright and permission notice in distributions.,PASS_PERMISSIVE,True
npm,emoji-regex,8.0.0,False,mobile/participant-app/package-lock.json#node_modules/emoji-regex,MIT,MIT,mobile/participant-app/node_modules/emoji-regex/LICENSE-MIT.txt,Copyright Mathias Bynens <https://mathiasbynens.be/> | The above copyright notice and this permission notice shall be | NONINFRINGEMENT. IN NO EVENT SHALL THE AUTHORS OR COPYRIGHT HOLDERS BE,Retain copyright and permission notice in distributions.,PASS_PERMISSIVE,True
npm,encodeurl,1.0.2,False,mobile/participant-app/package-lock.json#node_modules/encodeurl,MIT,MIT,mobile/participant-app/node_modules/encodeurl/LICENSE,Copyright (c) 2016 Douglas Christopher Wilson | The above copyright notice and this permission notice shall be | IN NO EVENT SHALL THE AUTHORS OR COPYRIGHT HOLDERS BE LIABLE FOR ANY,Retain copyright and permission notice in distributions.,PASS_PERMISSIVE,True
npm,entities,6.0.1,False,mobile/participant-app/package-lock.json#node_modules/entities,BSD-2-Clause,BSD-2-Clause,mobile/participant-app/node_modules/entities/LICENSE,"Copyright (c) Felix Böhm | Redistributions of source code must retain the above copyright notice, this list of conditions and the following disclaimer. | Redistributions in binary form must reproduce the above copyright notice, this list of conditions and the following disclaimer in the documentation and/or other materials provided with the distribution. | THIS IS PROVIDED BY THE COPYRIGHT HOLDERS AND CONTRIBUTORS ""AS IS"" AND ANY EXPRESS OR IMPLIED WARRANTIES, INCLUDING, BUT NOT LIMITED TO, THE IMPLIED WARRANTIES OF MERCHANTABILITY AND FITNESS FOR A PARTICULAR PURPOSE ARE DISCLAIMED. IN NO EVENT SHALL THE COPYRIGHT HOLDER OR CONTRIBUTORS BE LIABLE FOR ANY DIRECT, INDIRECT, INCIDENTAL, SPECIAL, EXEMPLARY, OR CONSEQUENTIAL DAMAGES (INCLUDING, BUT NOT LIMITED TO, PROCUREMENT OF SUBSTITUTE GOODS OR SERVICES; LOSS OF USE, DATA, OR PROFITS; OR BUSINESS INTERRUPTION) HOWEVER CAUSED AND ON ANY THEORY OF LIABILITY, WHETHER IN CONTRACT, STRICT LIABILITY, OR TORT (INCLUDING NEGLIGENCE OR OTHERWISE) ARISING IN ANY WAY OUT OF THE USE OF THIS,","Retain copyright, conditions and disclaimer in source/binary distributions.",PASS_PERMISSIVE,True
npm,error-ex,1.3.4,False,mobile/participant-app/package-lock.json#node_modules/error-ex,MIT,MIT,mobile/participant-app/node_modules/error-ex/LICENSE,"Copyright (c) 2015 JD Ballard | The above copyright notice and this permission notice shall be included in | AUTHORS OR COPYRIGHT HOLDERS BE LIABLE FOR ANY CLAIM, DAMAGES OR OTHER",Retain copyright and permission notice in distributions.,PASS_PERMISSIVE,True
npm,error-stack-parser,2.1.4,False,mobile/participant-app/package-lock.json#node_modules/error-stack-parser,MIT,MIT,mobile/participant-app/node_modules/error-stack-parser/LICENSE,"Copyright (c) 2017 Eric Wendelin and other contributors | The above copyright notice and this permission notice shall be included in all | AUTHORS OR COPYRIGHT HOLDERS BE LIABLE FOR ANY CLAIM, DAMAGES OR OTHER",Retain copyright and permission notice in distributions.,PASS_PERMISSIVE,True
npm,es-abstract,1.24.2,False,mobile/participant-app/package-lock.json#node_modules/es-abstract,MIT,MIT,mobile/participant-app/node_modules/es-abstract/LICENSE,"Copyright (C) 2015 Jordan Harband | The above copyright notice and this permission notice shall be included in | AUTHORS OR COPYRIGHT HOLDERS BE LIABLE FOR ANY CLAIM, DAMAGES OR OTHER",Retain copyright and permission notice in distributions.,PASS_PERMISSIVE,True
npm,es-abstract-get,1.0.0,False,mobile/participant-app/package-lock.json#node_modules/es-abstract-get,MIT,MIT,mobile/participant-app/node_modules/es-abstract-get/LICENSE,"Copyright (c) 2026 Jordan Harband | The above copyright notice and this permission notice shall be included in all | AUTHORS OR COPYRIGHT HOLDERS BE LIABLE FOR ANY CLAIM, DAMAGES OR OTHER",Retain copyright and permission notice in distributions.,PASS_PERMISSIVE,True
npm,es-define-property,1.0.1,False,mobile/participant-app/package-lock.json#node_modules/es-define-property,MIT,MIT,mobile/participant-app/node_modules/es-define-property/LICENSE,"Copyright (c) 2024 Jordan Harband | The above copyright notice and this permission notice shall be included in all | AUTHORS OR COPYRIGHT HOLDERS BE LIABLE FOR ANY CLAIM, DAMAGES OR OTHER",Retain copyright and permission notice in distributions.,PASS_PERMISSIVE,True
npm,es-errors,1.3.0,False,mobile/participant-app/package-lock.json#node_modules/es-errors,MIT,MIT,mobile/participant-app/node_modules/es-errors/LICENSE,"Copyright (c) 2024 Jordan Harband | The above copyright notice and this permission notice shall be included in all | AUTHORS OR COPYRIGHT HOLDERS BE LIABLE FOR ANY CLAIM, DAMAGES OR OTHER",Retain copyright and permission notice in distributions.,PASS_PERMISSIVE,True
npm,es-iterator-helpers,1.4.0,False,mobile/participant-app/package-lock.json#node_modules/es-iterator-helpers,MIT,MIT,mobile/participant-app/node_modules/es-iterator-helpers/LICENSE,"Copyright (c) 2022 ECMAScript Shims | The above copyright notice and this permission notice shall be included in all | AUTHORS OR COPYRIGHT HOLDERS BE LIABLE FOR ANY CLAIM, DAMAGES OR OTHER",Retain copyright and permission notice in distributions.,PASS_PERMISSIVE,True
npm,es-object-atoms,1.1.2,False,mobile/participant-app/package-lock.json#node_modules/es-object-atoms,MIT,MIT,mobile/participant-app/node_modules/es-object-atoms/LICENSE,"Copyright (c) 2024 Jordan Harband | The above copyright notice and this permission notice shall be included in all | AUTHORS OR COPYRIGHT HOLDERS BE LIABLE FOR ANY CLAIM, DAMAGES OR OTHER",Retain copyright and permission notice in distributions.,PASS_PERMISSIVE,True
npm,es-set-tostringtag,2.1.0,False,mobile/participant-app/package-lock.json#node_modules/es-set-tostringtag,MIT,MIT,mobile/participant-app/node_modules/es-set-tostringtag/LICENSE,"Copyright (c) 2022 ECMAScript Shims | The above copyright notice and this permission notice shall be included in all | AUTHORS OR COPYRIGHT HOLDERS BE LIABLE FOR ANY CLAIM, DAMAGES OR OTHER",Retain copyright and permission notice in distributions.,PASS_PERMISSIVE,True
npm,es-shim-unscopables,1.1.0,False,mobile/participant-app/package-lock.json#node_modules/es-shim-unscopables,MIT,MIT,mobile/participant-app/node_modules/es-shim-unscopables/LICENSE,"Copyright (c) 2022 Jordan Harband | The above copyright notice and this permission notice shall be included in all | AUTHORS OR COPYRIGHT HOLDERS BE LIABLE FOR ANY CLAIM, DAMAGES OR OTHER",Retain copyright and permission notice in distributions.,PASS_PERMISSIVE,True
npm,es-to-primitive,1.3.4,False,mobile/participant-app/package-lock.json#node_modules/es-to-primitive,MIT,MIT,mobile/participant-app/node_modules/es-to-primitive/LICENSE,"Copyright (c) 2015 Jordan Harband | The above copyright notice and this permission notice shall be included in all | AUTHORS OR COPYRIGHT HOLDERS BE LIABLE FOR ANY CLAIM, DAMAGES OR OTHER",Retain copyright and permission notice in distributions.,PASS_PERMISSIVE,True
npm,escalade,3.2.0,False,mobile/participant-app/package-lock.json#node_modules/escalade,MIT,MIT,mobile/participant-app/node_modules/escalade/license,"Copyright (c) Luke Edwards <luke.edwards05@gmail.com> (lukeed.com) | The above copyright notice and this permission notice shall be included in all copies or substantial portions of the Software. | THE SOFTWARE IS PROVIDED ""AS IS"", WITHOUT WARRANTY OF ANY KIND, EXPRESS OR IMPLIED, INCLUDING BUT NOT LIMITED TO THE WARRANTIES OF MERCHANTABILITY, FITNESS FOR A PARTICULAR PURPOSE AND NONINFRINGEMENT. IN NO EVENT SHALL THE AUTHORS OR COPYRIGHT HOLDERS BE LIABLE FOR ANY CLAIM, DAMAGES OR OTHER LIABILITY, WHETHER IN AN ACTION OF CONTRACT, TORT OR OTHERWISE, ARISING FROM, OUT OF OR IN CONNECTION WITH THE SOFTWARE OR THE USE OR OTHER DEALINGS IN THE SOFTWARE.",Retain copyright and permission notice in distributions.,PASS_PERMISSIVE,True
npm,escape-html,1.0.3,False,mobile/participant-app/package-lock.json#node_modules/escape-html,MIT,MIT,mobile/participant-app/node_modules/escape-html/LICENSE,"Copyright (c) 2012-2013 TJ Holowaychuk | Copyright (c) 2015 Andreas Lubbe | Copyright (c) 2015 Tiancheng ""Timothy"" Gu | The above copyright notice and this permission notice shall be | IN NO EVENT SHALL THE AUTHORS OR COPYRIGHT HOLDERS BE LIABLE FOR ANY",Retain copyright and permission notice in distributions.,PASS_PERMISSIVE,True
npm,escape-string-regexp,4.0.0,False,mobile/participant-app/package-lock.json#node_modules/escape-string-regexp,MIT,MIT,mobile/participant-app/node_modules/escape-string-regexp/license,"Copyright (c) Sindre Sorhus <sindresorhus@gmail.com> (https://sindresorhus.com) | The above copyright notice and this permission notice shall be included in all copies or substantial portions of the Software. | THE SOFTWARE IS PROVIDED ""AS IS"", WITHOUT WARRANTY OF ANY KIND, EXPRESS OR IMPLIED, INCLUDING BUT NOT LIMITED TO THE WARRANTIES OF MERCHANTABILITY, FITNESS FOR A PARTICULAR PURPOSE AND NONINFRINGEMENT. IN NO EVENT SHALL THE AUTHORS OR COPYRIGHT HOLDERS BE LIABLE FOR ANY CLAIM, DAMAGES OR OTHER LIABILITY, WHETHER IN AN ACTION OF CONTRACT, TORT OR OTHERWISE, ARISING FROM, OUT OF OR IN CONNECTION WITH THE SOFTWARE OR THE USE OR OTHER DEALINGS IN THE SOFTWARE.",Retain copyright and permission notice in distributions.,PASS_PERMISSIVE,True
npm,escodegen,2.1.0,False,mobile/participant-app/package-lock.json#node_modules/escodegen,BSD-2-Clause,BSD-2-Clause,mobile/participant-app/node_modules/escodegen/LICENSE.BSD,"Copyright (C) 2012 Yusuke Suzuki (twitter: @Constellation) and other contributors. | * Redistributions of source code must retain the above copyright | * Redistributions in binary form must reproduce the above copyright | THIS SOFTWARE IS PROVIDED BY THE COPYRIGHT HOLDERS AND CONTRIBUTORS ""AS IS"" | ARE DISCLAIMED. IN NO EVENT SHALL <COPYRIGHT HOLDER> BE LIABLE FOR ANY","Retain copyright, conditions and disclaimer in source/binary distributions.",PASS_PERMISSIVE,True
npm,source-map,0.6.1,False,mobile/participant-app/package-lock.json#node_modules/escodegen/node_modules/source-map,BSD-3-Clause,BSD-3-Clause,mobile/participant-app/node_modules/escodegen/node_modules/source-map/LICENSE,"Copyright (c) 2009-2011, Mozilla Foundation and contributors | * Redistributions of source code must retain the above copyright notice, this | * Redistributions in binary form must reproduce the above copyright notice, | THIS SOFTWARE IS PROVIDED BY THE COPYRIGHT HOLDERS AND CONTRIBUTORS ""AS IS"" AND | DISCLAIMED. IN NO EVENT SHALL THE COPYRIGHT HOLDER OR CONTRIBUTORS BE LIABLE","Retain copyright, conditions and disclaimer in source/binary distributions.",PASS_PERMISSIVE,True
npm,eslint,9.39.5,True,mobile/participant-app/package-lock.json#node_modules/eslint,MIT,MIT,mobile/participant-app/node_modules/eslint/LICENSE,"Copyright OpenJS Foundation and other contributors, <www.openjsf.org> | The above copyright notice and this permission notice shall be included in | AUTHORS OR COPYRIGHT HOLDERS BE LIABLE FOR ANY CLAIM, DAMAGES OR OTHER",Retain copyright and permission notice in distributions.,PASS_PERMISSIVE,True
npm,eslint-config-expo,57.0.1,True,mobile/participant-app/package-lock.json#node_modules/eslint-config-expo,MIT,MIT,mobile/participant-app/node_modules/eslint-config-expo/LICENSE,"Copyright (c) 2016-present Expo | The above copyright notice and this permission notice shall be included in all | AUTHORS OR COPYRIGHT HOLDERS BE LIABLE FOR ANY CLAIM, DAMAGES OR OTHER",Retain copyright and permission notice in distributions.,PASS_PERMISSIVE,True
npm,globals,16.5.0,False,mobile/participant-app/package-lock.json#node_modules/eslint-config-expo/node_modules/globals,MIT,MIT,mobile/participant-app/node_modules/eslint-config-expo/node_modules/globals/license,"Copyright (c) Sindre Sorhus <sindresorhus@gmail.com> (https://sindresorhus.com) | The above copyright notice and this permission notice shall be included in all copies or substantial portions of the Software. | THE SOFTWARE IS PROVIDED ""AS IS"", WITHOUT WARRANTY OF ANY KIND, EXPRESS OR IMPLIED, INCLUDING BUT NOT LIMITED TO THE WARRANTIES OF MERCHANTABILITY, FITNESS FOR A PARTICULAR PURPOSE AND NONINFRINGEMENT. IN NO EVENT SHALL THE AUTHORS OR COPYRIGHT HOLDERS BE LIABLE FOR ANY CLAIM, DAMAGES OR OTHER LIABILITY, WHETHER IN AN ACTION OF CONTRACT, TORT OR OTHERWISE, ARISING FROM, OUT OF OR IN CONNECTION WITH THE SOFTWARE OR THE USE OR OTHER DEALINGS IN THE SOFTWARE.",Retain copyright and permission notice in distributions.,PASS_PERMISSIVE,True
npm,eslint-import-resolver-node,0.3.10,False,mobile/participant-app/package-lock.json#node_modules/eslint-import-resolver-node,MIT,MIT,mobile/participant-app/node_modules/eslint-import-resolver-node/LICENSE,"Copyright (c) 2015 Ben Mosher | The above copyright notice and this permission notice shall be included in all | AUTHORS OR COPYRIGHT HOLDERS BE LIABLE FOR ANY CLAIM, DAMAGES OR OTHER",Retain copyright and permission notice in distributions.,PASS_PERMISSIVE,True
npm,debug,3.2.7,False,mobile/participant-app/package-lock.json#node_modules/eslint-import-resolver-node/node_modules/debug,MIT,MIT,mobile/participant-app/node_modules/eslint-import-resolver-node/node_modules/debug/LICENSE,"Copyright (c) 2014 TJ Holowaychuk <tj@vision-media.ca> | The above copyright notice and this permission notice shall be included in all copies or substantial | IN NO EVENT SHALL THE AUTHORS OR COPYRIGHT HOLDERS BE LIABLE FOR ANY CLAIM, DAMAGES OR OTHER LIABILITY,",Retain copyright and permission notice in distributions.,PASS_PERMISSIVE,True
npm,resolve,2.0.0-next.7,False,mobile/participant-app/package-lock.json#node_modules/eslint-import-resolver-node/node_modules/resolve,MIT,MIT,mobile/participant-app/node_modules/eslint-import-resolver-node/node_modules/resolve/LICENSE,"Copyright (c) 2012 James Halliday | The above copyright notice and this permission notice shall be included in all | AUTHORS OR COPYRIGHT HOLDERS BE LIABLE FOR ANY CLAIM, DAMAGES OR OTHER",Retain copyright and permission notice in distributions.,PASS_PERMISSIVE,True
npm,eslint-import-resolver-typescript,3.10.1,False,mobile/participant-app/package-lock.json#node_modules/eslint-import-resolver-typescript,ISC,ISC,mobile/participant-app/node_modules/eslint-import-resolver-typescript/LICENSE,"Copyright 2021 Alex Gorbatchev <alex.gorbatchev@gmail.com> | Permission to use, copy, modify, and/or distribute this software for any purpose with or without fee is hereby granted, provided that the above copyright notice and this permission notice appear in all copies.",Retain copyright and permission notice in distributions.,PASS_PERMISSIVE,True
npm,eslint-module-utils,2.14.0,False,mobile/participant-app/package-lock.json#node_modules/eslint-module-utils,MIT,MIT,mobile/participant-app/node_modules/eslint-module-utils/LICENSE,"Copyright (c) 2015 Ben Mosher | The above copyright notice and this permission notice shall be included in all | AUTHORS OR COPYRIGHT HOLDERS BE LIABLE FOR ANY CLAIM, DAMAGES OR OTHER",Retain copyright and permission notice in distributions.,PASS_PERMISSIVE,True
npm,debug,3.2.7,False,mobile/participant-app/package-lock.json#node_modules/eslint-module-utils/node_modules/debug,MIT,MIT,mobile/participant-app/node_modules/eslint-module-utils/node_modules/debug/LICENSE,"Copyright (c) 2014 TJ Holowaychuk <tj@vision-media.ca> | The above copyright notice and this permission notice shall be included in all copies or substantial | IN NO EVENT SHALL THE AUTHORS OR COPYRIGHT HOLDERS BE LIABLE FOR ANY CLAIM, DAMAGES OR OTHER LIABILITY,",Retain copyright and permission notice in distributions.,PASS_PERMISSIVE,True
npm,eslint-plugin-expo,1.1.0,False,mobile/participant-app/package-lock.json#node_modules/eslint-plugin-expo,MIT,MIT,mobile/participant-app/node_modules/eslint-plugin-expo/LICENSE,"Copyright (c) 2016-present Expo | The above copyright notice and this permission notice shall be included in all | AUTHORS OR COPYRIGHT HOLDERS BE LIABLE FOR ANY CLAIM, DAMAGES OR OTHER",Retain copyright and permission notice in distributions.,PASS_PERMISSIVE,True
npm,eslint-plugin-import,2.32.0,False,mobile/participant-app/package-lock.json#node_modules/eslint-plugin-import,MIT,MIT,mobile/participant-app/node_modules/eslint-plugin-import/LICENSE,"Copyright (c) 2015 Ben Mosher | The above copyright notice and this permission notice shall be included in all | AUTHORS OR COPYRIGHT HOLDERS BE LIABLE FOR ANY CLAIM, DAMAGES OR OTHER",Retain copyright and permission notice in distributions.,PASS_PERMISSIVE,True
npm,balanced-match,1.0.2,False,mobile/participant-app/package-lock.json#node_modules/eslint-plugin-import/node_modules/balanced-match,MIT,MIT,mobile/participant-app/node_modules/eslint-plugin-import/node_modules/balanced-match/LICENSE.md,"Copyright (c) 2013 Julian Gruber &lt;julian@juliangruber.com&gt; | The above copyright notice and this permission notice shall be included in all | AUTHORS OR COPYRIGHT HOLDERS BE LIABLE FOR ANY CLAIM, DAMAGES OR OTHER",Retain copyright and permission notice in distributions.,PASS_PERMISSIVE,True
npm,brace-expansion,1.1.18,False,mobile/participant-app/package-lock.json#node_modules/eslint-plugin-import/node_modules/brace-expansion,MIT,MIT,mobile/participant-app/node_modules/eslint-plugin-import/node_modules/brace-expansion/LICENSE,"Copyright (c) 2013 Julian Gruber <julian@juliangruber.com> | The above copyright notice and this permission notice shall be included in all | AUTHORS OR COPYRIGHT HOLDERS BE LIABLE FOR ANY CLAIM, DAMAGES OR OTHER",Retain copyright and permission notice in distributions.,PASS_PERMISSIVE,True
npm,debug,3.2.7,False,mobile/participant-app/package-lock.json#node_modules/eslint-plugin-import/node_modules/debug,MIT,MIT,mobile/participant-app/node_modules/eslint-plugin-import/node_modules/debug/LICENSE,"Copyright (c) 2014 TJ Holowaychuk <tj@vision-media.ca> | The above copyright notice and this permission notice shall be included in all copies or substantial | IN NO EVENT SHALL THE AUTHORS OR COPYRIGHT HOLDERS BE LIABLE FOR ANY CLAIM, DAMAGES OR OTHER LIABILITY,",Retain copyright and permission notice in distributions.,PASS_PERMISSIVE,True
npm,minimatch,3.1.5,False,mobile/participant-app/package-lock.json#node_modules/eslint-plugin-import/node_modules/minimatch,ISC,ISC,mobile/participant-app/node_modules/eslint-plugin-import/node_modules/minimatch/LICENSE,Copyright (c) Isaac Z. Schlueter and Contributors | copyright notice and this permission notice appear in all copies.,Retain copyright and permission notice in distributions.,PASS_PERMISSIVE,True
npm,semver,6.3.1,False,mobile/participant-app/package-lock.json#node_modules/eslint-plugin-import/node_modules/semver,ISC,ISC,mobile/participant-app/node_modules/eslint-plugin-import/node_modules/semver/LICENSE,Copyright (c) Isaac Z. Schlueter and Contributors | copyright notice and this permission notice appear in all copies.,Retain copyright and permission notice in distributions.,PASS_PERMISSIVE,True
npm,eslint-plugin-react,7.37.5,False,mobile/participant-app/package-lock.json#node_modules/eslint-plugin-react,MIT,MIT,mobile/participant-app/node_modules/eslint-plugin-react/LICENSE,"Copyright (c) 2014 Yannick Croissant | The above copyright notice and this permission notice shall be included in all | AUTHORS OR COPYRIGHT HOLDERS BE LIABLE FOR ANY CLAIM, DAMAGES OR OTHER",Retain copyright and permission notice in distributions.,PASS_PERMISSIVE,True
npm,eslint-plugin-react-hooks,7.1.1,False,mobile/participant-app/package-lock.json#node_modules/eslint-plugin-react-hooks,MIT,MIT,mobile/participant-app/node_modules/eslint-plugin-react-hooks/LICENSE,"Copyright (c) Meta Platforms, Inc. and affiliates. | The above copyright notice and this permission notice shall be included in all | AUTHORS OR COPYRIGHT HOLDERS BE LIABLE FOR ANY CLAIM, DAMAGES OR OTHER",Retain copyright and permission notice in distributions.,PASS_PERMISSIVE,True
npm,hermes-estree,0.25.1,False,mobile/participant-app/package-lock.json#node_modules/eslint-plugin-react-hooks/node_modules/hermes-estree,MIT,MIT,mobile/participant-app/node_modules/eslint-plugin-react-hooks/node_modules/hermes-estree/LICENSE,"Copyright (c) Meta Platforms, Inc. and affiliates. | The above copyright notice and this permission notice shall be included in all | AUTHORS OR COPYRIGHT HOLDERS BE LIABLE FOR ANY CLAIM, DAMAGES OR OTHER",Retain copyright and permission notice in distributions.,PASS_PERMISSIVE,True
npm,hermes-parser,0.25.1,False,mobile/participant-app/package-lock.json#node_modules/eslint-plugin-react-hooks/node_modules/hermes-parser,MIT,MIT,mobile/participant-app/node_modules/eslint-plugin-react-hooks/node_modules/hermes-parser/LICENSE,"Copyright (c) Meta Platforms, Inc. and affiliates. | The above copyright notice and this permission notice shall be included in all | AUTHORS OR COPYRIGHT HOLDERS BE LIABLE FOR ANY CLAIM, DAMAGES OR OTHER",Retain copyright and permission notice in distributions.,PASS_PERMISSIVE,True
npm,balanced-match,1.0.2,False,mobile/participant-app/package-lock.json#node_modules/eslint-plugin-react/node_modules/balanced-match,MIT,MIT,mobile/participant-app/node_modules/eslint-plugin-react/node_modules/balanced-match/LICENSE.md,"Copyright (c) 2013 Julian Gruber &lt;julian@juliangruber.com&gt; | The above copyright notice and this permission notice shall be included in all | AUTHORS OR COPYRIGHT HOLDERS BE LIABLE FOR ANY CLAIM, DAMAGES OR OTHER",Retain copyright and permission notice in distributions.,PASS_PERMISSIVE,True
npm,brace-expansion,1.1.18,False,mobile/participant-app/package-lock.json#node_modules/eslint-plugin-react/node_modules/brace-expansion,MIT,MIT,mobile/participant-app/node_modules/eslint-plugin-react/node_modules/brace-expansion/LICENSE,"Copyright (c) 2013 Julian Gruber <julian@juliangruber.com> | The above copyright notice and this permission notice shall be included in all | AUTHORS OR COPYRIGHT HOLDERS BE LIABLE FOR ANY CLAIM, DAMAGES OR OTHER",Retain copyright and permission notice in distributions.,PASS_PERMISSIVE,True
npm,minimatch,3.1.5,False,mobile/participant-app/package-lock.json#node_modules/eslint-plugin-react/node_modules/minimatch,ISC,ISC,mobile/participant-app/node_modules/eslint-plugin-react/node_modules/minimatch/LICENSE,Copyright (c) Isaac Z. Schlueter and Contributors | copyright notice and this permission notice appear in all copies.,Retain copyright and permission notice in distributions.,PASS_PERMISSIVE,True
npm,resolve,2.0.0-next.7,False,mobile/participant-app/package-lock.json#node_modules/eslint-plugin-react/node_modules/resolve,MIT,MIT,mobile/participant-app/node_modules/eslint-plugin-react/node_modules/resolve/LICENSE,"Copyright (c) 2012 James Halliday | The above copyright notice and this permission notice shall be included in all | AUTHORS OR COPYRIGHT HOLDERS BE LIABLE FOR ANY CLAIM, DAMAGES OR OTHER",Retain copyright and permission notice in distributions.,PASS_PERMISSIVE,True
npm,semver,6.3.1,False,mobile/participant-app/package-lock.json#node_modules/eslint-plugin-react/node_modules/semver,ISC,ISC,mobile/participant-app/node_modules/eslint-plugin-react/node_modules/semver/LICENSE,Copyright (c) Isaac Z. Schlueter and Contributors | copyright notice and this permission notice appear in all copies.,Retain copyright and permission notice in distributions.,PASS_PERMISSIVE,True
npm,eslint-scope,8.4.0,False,mobile/participant-app/package-lock.json#node_modules/eslint-scope,BSD-2-Clause,BSD-2-Clause,mobile/participant-app/node_modules/eslint-scope/LICENSE,"Copyright JS Foundation and other contributors, https://js.foundation | Copyright (C) 2012-2013 Yusuke Suzuki (twitter: @Constellation) and other contributors. | * Redistributions of source code must retain the above copyright | * Redistributions in binary form must reproduce the above copyright | THIS SOFTWARE IS PROVIDED BY THE COPYRIGHT HOLDERS AND CONTRIBUTORS ""AS IS"" | ARE DISCLAIMED. IN NO EVENT SHALL <COPYRIGHT HOLDER> BE LIABLE FOR ANY","Retain copyright, conditions and disclaimer in source/binary distributions.",PASS_PERMISSIVE,True
npm,eslint-visitor-keys,4.2.1,False,mobile/participant-app/package-lock.json#node_modules/eslint-visitor-keys,Apache-2.0,Apache-2.0,mobile/participant-app/node_modules/eslint-visitor-keys/LICENSE,"""Licensor"" shall mean the copyright owner or entity authorized by | the copyright owner that is granting the License. | copyright notice that is included in or attached to the work | submitted to Licensor for inclusion in the Work by the copyright owner | the copyright owner. For the purposes of this definition, ""submitted"" | designated in writing by the copyright owner as ""Not a Contribution."" | 2. Grant of Copyright License. Subject to the terms and conditions of | copyright license to reproduce, prepare Derivative Works of,","Retain licence, copyright and NOTICE text; state material modifications where required.",PASS_PERMISSIVE,True
npm,balanced-match,1.0.2,False,mobile/participant-app/package-lock.json#node_modules/eslint/node_modules/balanced-match,MIT,MIT,mobile/participant-app/node_modules/eslint/node_modules/balanced-match/LICENSE.md,"Copyright (c) 2013 Julian Gruber &lt;julian@juliangruber.com&gt; | The above copyright notice and this permission notice shall be included in all | AUTHORS OR COPYRIGHT HOLDERS BE LIABLE FOR ANY CLAIM, DAMAGES OR OTHER",Retain copyright and permission notice in distributions.,PASS_PERMISSIVE,True
npm,brace-expansion,1.1.18,False,mobile/participant-app/package-lock.json#node_modules/eslint/node_modules/brace-expansion,MIT,MIT,mobile/participant-app/node_modules/eslint/node_modules/brace-expansion/LICENSE,"Copyright (c) 2013 Julian Gruber <julian@juliangruber.com> | The above copyright notice and this permission notice shall be included in all | AUTHORS OR COPYRIGHT HOLDERS BE LIABLE FOR ANY CLAIM, DAMAGES OR OTHER",Retain copyright and permission notice in distributions.,PASS_PERMISSIVE,True
npm,find-up,5.0.0,False,mobile/participant-app/package-lock.json#node_modules/eslint/node_modules/find-up,MIT,MIT,mobile/participant-app/node_modules/eslint/node_modules/find-up/license,"Copyright (c) Sindre Sorhus <sindresorhus@gmail.com> (https://sindresorhus.com) | The above copyright notice and this permission notice shall be included in all copies or substantial portions of the Software. | THE SOFTWARE IS PROVIDED ""AS IS"", WITHOUT WARRANTY OF ANY KIND, EXPRESS OR IMPLIED, INCLUDING BUT NOT LIMITED TO THE WARRANTIES OF MERCHANTABILITY, FITNESS FOR A PARTICULAR PURPOSE AND NONINFRINGEMENT. IN NO EVENT SHALL THE AUTHORS OR COPYRIGHT HOLDERS BE LIABLE FOR ANY CLAIM, DAMAGES OR OTHER LIABILITY, WHETHER IN AN ACTION OF CONTRACT, TORT OR OTHERWISE, ARISING FROM, OUT OF OR IN CONNECTION WITH THE SOFTWARE OR THE USE OR OTHER DEALINGS IN THE SOFTWARE.",Retain copyright and permission notice in distributions.,PASS_PERMISSIVE,True
npm,locate-path,6.0.0,False,mobile/participant-app/package-lock.json#node_modules/eslint/node_modules/locate-path,MIT,MIT,mobile/participant-app/node_modules/eslint/node_modules/locate-path/license,"Copyright (c) Sindre Sorhus <sindresorhus@gmail.com> (https://sindresorhus.com) | The above copyright notice and this permission notice shall be included in all copies or substantial portions of the Software. | THE SOFTWARE IS PROVIDED ""AS IS"", WITHOUT WARRANTY OF ANY KIND, EXPRESS OR IMPLIED, INCLUDING BUT NOT LIMITED TO THE WARRANTIES OF MERCHANTABILITY, FITNESS FOR A PARTICULAR PURPOSE AND NONINFRINGEMENT. IN NO EVENT SHALL THE AUTHORS OR COPYRIGHT HOLDERS BE LIABLE FOR ANY CLAIM, DAMAGES OR OTHER LIABILITY, WHETHER IN AN ACTION OF CONTRACT, TORT OR OTHERWISE, ARISING FROM, OUT OF OR IN CONNECTION WITH THE SOFTWARE OR THE USE OR OTHER DEALINGS IN THE SOFTWARE.",Retain copyright and permission notice in distributions.,PASS_PERMISSIVE,True
npm,minimatch,3.1.5,False,mobile/participant-app/package-lock.json#node_modules/eslint/node_modules/minimatch,ISC,ISC,mobile/participant-app/node_modules/eslint/node_modules/minimatch/LICENSE,Copyright (c) Isaac Z. Schlueter and Contributors | copyright notice and this permission notice appear in all copies.,Retain copyright and permission notice in distributions.,PASS_PERMISSIVE,True
npm,p-locate,5.0.0,False,mobile/participant-app/package-lock.json#node_modules/eslint/node_modules/p-locate,MIT,MIT,mobile/participant-app/node_modules/eslint/node_modules/p-locate/license,"Copyright (c) Sindre Sorhus <sindresorhus@gmail.com> (https://sindresorhus.com) | The above copyright notice and this permission notice shall be included in all copies or substantial portions of the Software. | THE SOFTWARE IS PROVIDED ""AS IS"", WITHOUT WARRANTY OF ANY KIND, EXPRESS OR IMPLIED, INCLUDING BUT NOT LIMITED TO THE WARRANTIES OF MERCHANTABILITY, FITNESS FOR A PARTICULAR PURPOSE AND NONINFRINGEMENT. IN NO EVENT SHALL THE AUTHORS OR COPYRIGHT HOLDERS BE LIABLE FOR ANY CLAIM, DAMAGES OR OTHER LIABILITY, WHETHER IN AN ACTION OF CONTRACT, TORT OR OTHERWISE, ARISING FROM, OUT OF OR IN CONNECTION WITH THE SOFTWARE OR THE USE OR OTHER DEALINGS IN THE SOFTWARE.",Retain copyright and permission notice in distributions.,PASS_PERMISSIVE,True
npm,espree,10.4.0,False,mobile/participant-app/package-lock.json#node_modules/espree,BSD-2-Clause,BSD-2-Clause,mobile/participant-app/node_modules/espree/LICENSE,"Copyright (c) Open JS Foundation | 1. Redistributions of source code must retain the above copyright notice, this | 2. Redistributions in binary form must reproduce the above copyright notice, | THIS SOFTWARE IS PROVIDED BY THE COPYRIGHT HOLDERS AND CONTRIBUTORS ""AS IS"" | DISCLAIMED. IN NO EVENT SHALL THE COPYRIGHT HOLDER OR CONTRIBUTORS BE LIABLE","Retain copyright, conditions and disclaimer in source/binary distributions.",PASS_PERMISSIVE,True
npm,esprima,4.0.1,False,mobile/participant-app/package-lock.json#node_modules/esprima,BSD-2-Clause,BSD-2-Clause,mobile/participant-app/node_modules/esprima/LICENSE.BSD,"Copyright JS Foundation and other contributors, https://js.foundation/ | * Redistributions of source code must retain the above copyright | * Redistributions in binary form must reproduce the above copyright | THIS SOFTWARE IS PROVIDED BY THE COPYRIGHT HOLDERS AND CONTRIBUTORS ""AS IS"" | ARE DISCLAIMED. IN NO EVENT SHALL <COPYRIGHT HOLDER> BE LIABLE FOR ANY","Retain copyright, conditions and disclaimer in source/binary distributions.",PASS_PERMISSIVE,True
npm,esquery,1.7.0,False,mobile/participant-app/package-lock.json#node_modules/esquery,BSD-3-Clause,BSD-3-Clause,mobile/participant-app/node_modules/esquery/license.txt,"Copyright (c) 2013, Joel Feenstra | * Redistributions of source code must retain the above copyright | * Redistributions in binary form must reproduce the above copyright | THIS SOFTWARE IS PROVIDED BY THE COPYRIGHT HOLDERS AND CONTRIBUTORS ""AS IS"" AND","Retain copyright, conditions and disclaimer in source/binary distributions.",PASS_PERMISSIVE,True
npm,esrecurse,4.3.0,False,mobile/participant-app/package-lock.json#node_modules/esrecurse,BSD-2-Clause,BSD-2-Clause,metadata only,Not collected; preserve upstream package notice before distribution.,"Retain copyright, conditions and disclaimer in source/binary distributions.",PASS_PERMISSIVE,False
npm,estraverse,5.3.0,False,mobile/participant-app/package-lock.json#node_modules/estraverse,BSD-2-Clause,BSD-2-Clause,mobile/participant-app/node_modules/estraverse/LICENSE.BSD,"* Redistributions of source code must retain the above copyright | * Redistributions in binary form must reproduce the above copyright | THIS SOFTWARE IS PROVIDED BY THE COPYRIGHT HOLDERS AND CONTRIBUTORS ""AS IS"" | ARE DISCLAIMED. IN NO EVENT SHALL <COPYRIGHT HOLDER> BE LIABLE FOR ANY","Retain copyright, conditions and disclaimer in source/binary distributions.",PASS_PERMISSIVE,True
npm,esutils,2.0.3,False,mobile/participant-app/package-lock.json#node_modules/esutils,BSD-2-Clause,BSD-2-Clause,mobile/participant-app/node_modules/esutils/LICENSE.BSD,"* Redistributions of source code must retain the above copyright | * Redistributions in binary form must reproduce the above copyright | THIS SOFTWARE IS PROVIDED BY THE COPYRIGHT HOLDERS AND CONTRIBUTORS ""AS IS"" | ARE DISCLAIMED. IN NO EVENT SHALL <COPYRIGHT HOLDER> BE LIABLE FOR ANY","Retain copyright, conditions and disclaimer in source/binary distributions.",PASS_PERMISSIVE,True
npm,etag,1.8.1,False,mobile/participant-app/package-lock.json#node_modules/etag,MIT,MIT,mobile/participant-app/node_modules/etag/LICENSE,Copyright (c) 2014-2016 Douglas Christopher Wilson | The above copyright notice and this permission notice shall be | IN NO EVENT SHALL THE AUTHORS OR COPYRIGHT HOLDERS BE LIABLE FOR ANY,Retain copyright and permission notice in distributions.,PASS_PERMISSIVE,True
npm,event-target-shim,5.0.1,False,mobile/participant-app/package-lock.json#node_modules/event-target-shim,MIT,MIT,mobile/participant-app/node_modules/event-target-shim/LICENSE,"Copyright (c) 2015 Toru Nagashima | The above copyright notice and this permission notice shall be included in all | AUTHORS OR COPYRIGHT HOLDERS BE LIABLE FOR ANY CLAIM, DAMAGES OR OTHER",Retain copyright and permission notice in distributions.,PASS_PERMISSIVE,True
npm,execa,5.1.1,False,mobile/participant-app/package-lock.json#node_modules/execa,MIT,MIT,mobile/participant-app/node_modules/execa/license,"Copyright (c) Sindre Sorhus <sindresorhus@gmail.com> (https://sindresorhus.com) | The above copyright notice and this permission notice shall be included in all copies or substantial portions of the Software. | THE SOFTWARE IS PROVIDED ""AS IS"", WITHOUT WARRANTY OF ANY KIND, EXPRESS OR IMPLIED, INCLUDING BUT NOT LIMITED TO THE WARRANTIES OF MERCHANTABILITY, FITNESS FOR A PARTICULAR PURPOSE AND NONINFRINGEMENT. IN NO EVENT SHALL THE AUTHORS OR COPYRIGHT HOLDERS BE LIABLE FOR ANY CLAIM, DAMAGES OR OTHER LIABILITY, WHETHER IN AN ACTION OF CONTRACT, TORT OR OTHERWISE, ARISING FROM, OUT OF OR IN CONNECTION WITH THE SOFTWARE OR THE USE OR OTHER DEALINGS IN THE SOFTWARE.",Retain copyright and permission notice in distributions.,PASS_PERMISSIVE,True
npm,mimic-fn,2.1.0,False,mobile/participant-app/package-lock.json#node_modules/execa/node_modules/mimic-fn,MIT,MIT,mobile/participant-app/node_modules/execa/node_modules/mimic-fn/license,"Copyright (c) Sindre Sorhus <sindresorhus@gmail.com> (sindresorhus.com) | The above copyright notice and this permission notice shall be included in all copies or substantial portions of the Software. | THE SOFTWARE IS PROVIDED ""AS IS"", WITHOUT WARRANTY OF ANY KIND, EXPRESS OR IMPLIED, INCLUDING BUT NOT LIMITED TO THE WARRANTIES OF MERCHANTABILITY, FITNESS FOR A PARTICULAR PURPOSE AND NONINFRINGEMENT. IN NO EVENT SHALL THE AUTHORS OR COPYRIGHT HOLDERS BE LIABLE FOR ANY CLAIM, DAMAGES OR OTHER LIABILITY, WHETHER IN AN ACTION OF CONTRACT, TORT OR OTHERWISE, ARISING FROM, OUT OF OR IN CONNECTION WITH THE SOFTWARE OR THE USE OR OTHER DEALINGS IN THE SOFTWARE.",Retain copyright and permission notice in distributions.,PASS_PERMISSIVE,True
npm,onetime,5.1.2,False,mobile/participant-app/package-lock.json#node_modules/execa/node_modules/onetime,MIT,MIT,mobile/participant-app/node_modules/execa/node_modules/onetime/license,"Copyright (c) Sindre Sorhus <sindresorhus@gmail.com> (https://sindresorhus.com) | The above copyright notice and this permission notice shall be included in all copies or substantial portions of the Software. | THE SOFTWARE IS PROVIDED ""AS IS"", WITHOUT WARRANTY OF ANY KIND, EXPRESS OR IMPLIED, INCLUDING BUT NOT LIMITED TO THE WARRANTIES OF MERCHANTABILITY, FITNESS FOR A PARTICULAR PURPOSE AND NONINFRINGEMENT. IN NO EVENT SHALL THE AUTHORS OR COPYRIGHT HOLDERS BE LIABLE FOR ANY CLAIM, DAMAGES OR OTHER LIABILITY, WHETHER IN AN ACTION OF CONTRACT, TORT OR OTHERWISE, ARISING FROM, OUT OF OR IN CONNECTION WITH THE SOFTWARE OR THE USE OR OTHER DEALINGS IN THE SOFTWARE.",Retain copyright and permission notice in distributions.,PASS_PERMISSIVE,True
npm,exit,0.1.2,False,mobile/participant-app/package-lock.json#node_modules/exit,UNKNOWN,MIT,mobile/participant-app/node_modules/exit/LICENSE-MIT,"Copyright (c) 2013 ""Cowboy"" Ben Alman | The above copyright notice and this permission notice shall be | NONINFRINGEMENT. IN NO EVENT SHALL THE AUTHORS OR COPYRIGHT",Retain copyright and permission notice in distributions.,PASS_PERMISSIVE,True
npm,expect,29.7.0,False,mobile/participant-app/package-lock.json#node_modules/expect,MIT,MIT,mobile/participant-app/node_modules/expect/LICENSE,"Copyright (c) Meta Platforms, Inc. and affiliates. | The above copyright notice and this permission notice shall be included in all | AUTHORS OR COPYRIGHT HOLDERS BE LIABLE FOR ANY CLAIM, DAMAGES OR OTHER",Retain copyright and permission notice in distributions.,PASS_PERMISSIVE,True
npm,jest-diff,29.7.0,False,mobile/participant-app/package-lock.json#node_modules/expect/node_modules/jest-diff,MIT,MIT,mobile/participant-app/node_modules/expect/node_modules/jest-diff/LICENSE,"Copyright (c) Meta Platforms, Inc. and affiliates. | The above copyright notice and this permission notice shall be included in all | AUTHORS OR COPYRIGHT HOLDERS BE LIABLE FOR ANY CLAIM, DAMAGES OR OTHER",Retain copyright and permission notice in distributions.,PASS_PERMISSIVE,True
npm,jest-matcher-utils,29.7.0,False,mobile/participant-app/package-lock.json#node_modules/expect/node_modules/jest-matcher-utils,MIT,MIT,mobile/participant-app/node_modules/expect/node_modules/jest-matcher-utils/LICENSE,"Copyright (c) Meta Platforms, Inc. and affiliates. | The above copyright notice and this permission notice shall be included in all | AUTHORS OR COPYRIGHT HOLDERS BE LIABLE FOR ANY CLAIM, DAMAGES OR OTHER",Retain copyright and permission notice in distributions.,PASS_PERMISSIVE,True
npm,expo,57.0.9,True,mobile/participant-app/package-lock.json#node_modules/expo,MIT,MIT,mobile/participant-app/node_modules/expo/LICENSE,"Copyright (c) 2015-present 650 Industries, Inc. (aka Expo) | The above copyright notice and this permission notice shall be included in all | AUTHORS OR COPYRIGHT HOLDERS BE LIABLE FOR ANY CLAIM, DAMAGES OR OTHER",Retain copyright and permission notice in distributions.,PASS_PERMISSIVE,True
npm,expo-application,57.0.2,False,mobile/participant-app/package-lock.json#node_modules/expo-application,MIT,MIT,mobile/participant-app/node_modules/expo-application/LICENSE,"Copyright (c) 2015-present 650 Industries, Inc. (aka Expo) | The above copyright notice and this permission notice shall be included in all | AUTHORS OR COPYRIGHT HOLDERS BE LIABLE FOR ANY CLAIM, DAMAGES OR OTHER",Retain copyright and permission notice in distributions.,PASS_PERMISSIVE,True
npm,expo-constants,57.0.8,False,mobile/participant-app/package-lock.json#node_modules/expo-constants,MIT,MIT,mobile/participant-app/node_modules/expo-constants/LICENSE,"Copyright (c) 2015-present 650 Industries, Inc. (aka Expo) | The above copyright notice and this permission notice shall be included in all | AUTHORS OR COPYRIGHT HOLDERS BE LIABLE FOR ANY CLAIM, DAMAGES OR OTHER",Retain copyright and permission notice in distributions.,PASS_PERMISSIVE,True
npm,expo-device,57.0.1,True,mobile/participant-app/package-lock.json#node_modules/expo-device,MIT,MIT,mobile/participant-app/node_modules/expo-device/LICENSE,"Copyright (c) 2015-present 650 Industries, Inc. (aka Expo) | The above copyright notice and this permission notice shall be included in all | AUTHORS OR COPYRIGHT HOLDERS BE LIABLE FOR ANY CLAIM, DAMAGES OR OTHER",Retain copyright and permission notice in distributions.,PASS_PERMISSIVE,True
npm,expo-document-picker,57.0.1,True,mobile/participant-app/package-lock.json#node_modules/expo-document-picker,MIT,MIT,mobile/participant-app/node_modules/expo-document-picker/LICENSE,"Copyright (c) 2015-present 650 Industries, Inc. (aka Expo) | The above copyright notice and this permission notice shall be included in all | AUTHORS OR COPYRIGHT HOLDERS BE LIABLE FOR ANY CLAIM, DAMAGES OR OTHER",Retain copyright and permission notice in distributions.,PASS_PERMISSIVE,True
npm,expo-image-loader,57.0.1,False,mobile/participant-app/package-lock.json#node_modules/expo-image-loader,MIT,MIT,mobile/participant-app/node_modules/expo-image-loader/LICENSE,"Copyright (c) 2015-present 650 Industries, Inc. (aka Expo) | The above copyright notice and this permission notice shall be included in all | AUTHORS OR COPYRIGHT HOLDERS BE LIABLE FOR ANY CLAIM, DAMAGES OR OTHER",Retain copyright and permission notice in distributions.,PASS_PERMISSIVE,True
npm,expo-image-picker,57.0.7,True,mobile/participant-app/package-lock.json#node_modules/expo-image-picker,MIT,MIT,mobile/participant-app/node_modules/expo-image-picker/LICENSE,"Copyright (c) 2015-present 650 Industries, Inc. (aka Expo) | The above copyright notice and this permission notice shall be included in all | AUTHORS OR COPYRIGHT HOLDERS BE LIABLE FOR ANY CLAIM, DAMAGES OR OTHER",Retain copyright and permission notice in distributions.,PASS_PERMISSIVE,True
npm,expo-linking,57.0.4,True,mobile/participant-app/package-lock.json#node_modules/expo-linking,MIT,MIT,mobile/participant-app/node_modules/expo-linking/LICENSE,"Copyright (c) 2015-present 650 Industries, Inc. (aka Expo) | The above copyright notice and this permission notice shall be included in all | AUTHORS OR COPYRIGHT HOLDERS BE LIABLE FOR ANY CLAIM, DAMAGES OR OTHER",Retain copyright and permission notice in distributions.,PASS_PERMISSIVE,True
npm,expo-modules-autolinking,57.0.9,False,mobile/participant-app/package-lock.json#node_modules/expo-modules-autolinking,MIT,MIT,mobile/participant-app/node_modules/expo-modules-autolinking/LICENSE,"Copyright (c) 2015-present 650 Industries, Inc. (aka Expo) | The above copyright notice and this permission notice shall be included in all | AUTHORS OR COPYRIGHT HOLDERS BE LIABLE FOR ANY CLAIM, DAMAGES OR OTHER",Retain copyright and permission notice in distributions.,PASS_PERMISSIVE,True
npm,expo-modules-core,57.0.8,False,mobile/participant-app/package-lock.json#node_modules/expo-modules-core,MIT,MIT,mobile/participant-app/node_modules/expo-modules-core/LICENSE,"Copyright (c) 2015-present 650 Industries, Inc. (aka Expo) | The above copyright notice and this permission notice shall be included in all | AUTHORS OR COPYRIGHT HOLDERS BE LIABLE FOR ANY CLAIM, DAMAGES OR OTHER",Retain copyright and permission notice in distributions.,PASS_PERMISSIVE,True
npm,expo-modules-jsi,57.0.4,False,mobile/participant-app/package-lock.json#node_modules/expo-modules-jsi,MIT,MIT,mobile/participant-app/node_modules/expo-modules-jsi/LICENSE,"Copyright (c) 2015-present 650 Industries, Inc. (aka Expo) | The above copyright notice and this permission notice shall be included in all | AUTHORS OR COPYRIGHT HOLDERS BE LIABLE FOR ANY CLAIM, DAMAGES OR OTHER",Retain copyright and permission notice in distributions.,PASS_PERMISSIVE,True
npm,expo-notifications,57.0.8,True,mobile/participant-app/package-lock.json#node_modules/expo-notifications,MIT,MIT,mobile/participant-app/node_modules/expo-notifications/LICENSE,"Copyright (c) 2015-present 650 Industries, Inc. (aka Expo) | The above copyright notice and this permission notice shall be included in all | AUTHORS OR COPYRIGHT HOLDERS BE LIABLE FOR ANY CLAIM, DAMAGES OR OTHER",Retain copyright and permission notice in distributions.,PASS_PERMISSIVE,True
npm,expo-secure-store,57.0.1,True,mobile/participant-app/package-lock.json#node_modules/expo-secure-store,MIT,MIT,mobile/participant-app/node_modules/expo-secure-store/LICENSE,"Copyright (c) 2015-present 650 Industries, Inc. (aka Expo) | The above copyright notice and this permission notice shall be included in all | AUTHORS OR COPYRIGHT HOLDERS BE LIABLE FOR ANY CLAIM, DAMAGES OR OTHER",Retain copyright and permission notice in distributions.,PASS_PERMISSIVE,True
npm,expo-server,57.0.1,False,mobile/participant-app/package-lock.json#node_modules/expo-server,MIT,MIT,mobile/participant-app/node_modules/expo-server/LICENSE,"Copyright (c) 2015-present 650 Industries, Inc. (aka Expo) | The above copyright notice and this permission notice shall be included in all | AUTHORS OR COPYRIGHT HOLDERS BE LIABLE FOR ANY CLAIM, DAMAGES OR OTHER",Retain copyright and permission notice in distributions.,PASS_PERMISSIVE,True
npm,expo-status-bar,57.0.1,True,mobile/participant-app/package-lock.json#node_modules/expo-status-bar,MIT,MIT,mobile/participant-app/node_modules/expo-status-bar/LICENSE,"Copyright (c) 2015-present 650 Industries, Inc. (aka Expo) | The above copyright notice and this permission notice shall be included in all | AUTHORS OR COPYRIGHT HOLDERS BE LIABLE FOR ANY CLAIM, DAMAGES OR OTHER",Retain copyright and permission notice in distributions.,PASS_PERMISSIVE,True
npm,@expo/cli,57.0.11,False,mobile/participant-app/package-lock.json#node_modules/expo/node_modules/@expo/cli,MIT,MIT,mobile/participant-app/node_modules/expo/node_modules/@expo/cli/LICENSE,"Copyright (c) 2015-present 650 Industries, Inc. (aka Expo) | The above copyright notice and this permission notice shall be included in all | AUTHORS OR COPYRIGHT HOLDERS BE LIABLE FOR ANY CLAIM, DAMAGES OR OTHER",Retain copyright and permission notice in distributions.,PASS_PERMISSIVE,True
npm,@expo/router-server,57.0.4,False,mobile/participant-app/package-lock.json#node_modules/expo/node_modules/@expo/cli/node_modules/@expo/router-server,MIT,MIT,mobile/participant-app/node_modules/expo/node_modules/@expo/cli/node_modules/@expo/router-server/LICENSE,"Copyright (c) 2015-present 650 Industries, Inc. (aka Expo) | The above copyright notice and this permission notice shall be included in all | AUTHORS OR COPYRIGHT HOLDERS BE LIABLE FOR ANY CLAIM, DAMAGES OR OTHER",Retain copyright and permission notice in distributions.,PASS_PERMISSIVE,True
npm,@expo/dom-webview,57.0.1,False,mobile/participant-app/package-lock.json#node_modules/expo/node_modules/@expo/dom-webview,MIT,MIT,mobile/participant-app/node_modules/expo/node_modules/@expo/dom-webview/LICENSE,"Copyright (c) 2015-present 650 Industries, Inc. (aka Expo) | The above copyright notice and this permission notice shall be included in all | AUTHORS OR COPYRIGHT HOLDERS BE LIABLE FOR ANY CLAIM, DAMAGES OR OTHER",Retain copyright and permission notice in distributions.,PASS_PERMISSIVE,True
npm,@expo/log-box,57.0.2,False,mobile/participant-app/package-lock.json#node_modules/expo/node_modules/@expo/log-box,MIT,MIT,mobile/participant-app/node_modules/expo/node_modules/@expo/log-box/LICENSE,"Copyright (c) 2015-present 650 Industries, Inc. (aka Expo) | The above copyright notice and this permission notice shall be included in all | AUTHORS OR COPYRIGHT HOLDERS BE LIABLE FOR ANY CLAIM, DAMAGES OR OTHER",Retain copyright and permission notice in distributions.,PASS_PERMISSIVE,True
npm,@expo/metro-config,57.0.7,False,mobile/participant-app/package-lock.json#node_modules/expo/node_modules/@expo/metro-config,MIT,MIT,mobile/participant-app/node_modules/expo/node_modules/@expo/metro-config/LICENSE,"Copyright (c) 2015-present 650 Industries, Inc. (aka Expo) | The above copyright notice and this permission notice shall be included in all | AUTHORS OR COPYRIGHT HOLDERS BE LIABLE FOR ANY CLAIM, DAMAGES OR OTHER",Retain copyright and permission notice in distributions.,PASS_PERMISSIVE,True
npm,@expo/ws-tunnel,2.0.0,False,mobile/participant-app/package-lock.json#node_modules/expo/node_modules/@expo/ws-tunnel,MIT,MIT,metadata only,Not collected; preserve upstream package notice before distribution.,Retain copyright and permission notice in distributions.,PASS_PERMISSIVE,False
npm,accepts,1.3.8,False,mobile/participant-app/package-lock.json#node_modules/expo/node_modules/accepts,MIT,MIT,mobile/participant-app/node_modules/expo/node_modules/accepts/LICENSE,Copyright (c) 2014 Jonathan Ong <me@jongleberry.com> | Copyright (c) 2015 Douglas Christopher Wilson <doug@somethingdoug.com> | The above copyright notice and this permission notice shall be | IN NO EVENT SHALL THE AUTHORS OR COPYRIGHT HOLDERS BE LIABLE FOR ANY,Retain copyright and permission notice in distributions.,PASS_PERMISSIVE,True
npm,ci-info,3.9.0,False,mobile/participant-app/package-lock.json#node_modules/expo/node_modules/ci-info,MIT,MIT,mobile/participant-app/node_modules/expo/node_modules/ci-info/LICENSE,"Copyright (c) 2016 Thomas Watson Steen | The above copyright notice and this permission notice shall be included in all | AUTHORS OR COPYRIGHT HOLDERS BE LIABLE FOR ANY CLAIM, DAMAGES OR OTHER",Retain copyright and permission notice in distributions.,PASS_PERMISSIVE,True
npm,expo-asset,57.0.8,False,mobile/participant-app/package-lock.json#node_modules/expo/node_modules/expo-asset,MIT,MIT,mobile/participant-app/node_modules/expo/node_modules/expo-asset/LICENSE,"Copyright (c) 2015-present 650 Industries, Inc. (aka Expo) | The above copyright notice and this permission notice shall be included in all | AUTHORS OR COPYRIGHT HOLDERS BE LIABLE FOR ANY CLAIM, DAMAGES OR OTHER",Retain copyright and permission notice in distributions.,PASS_PERMISSIVE,True
npm,expo-file-system,57.0.1,False,mobile/participant-app/package-lock.json#node_modules/expo/node_modules/expo-file-system,MIT,MIT,mobile/participant-app/node_modules/expo/node_modules/expo-file-system/LICENSE,"Copyright (c) 2015-present 650 Industries, Inc. (aka Expo) | The above copyright notice and this permission notice shall be included in all | AUTHORS OR COPYRIGHT HOLDERS BE LIABLE FOR ANY CLAIM, DAMAGES OR OTHER",Retain copyright and permission notice in distributions.,PASS_PERMISSIVE,True
npm,expo-font,57.0.1,False,mobile/participant-app/package-lock.json#node_modules/expo/node_modules/expo-font,MIT,MIT,mobile/participant-app/node_modules/expo/node_modules/expo-font/LICENSE,"Copyright (c) 2015-present 650 Industries, Inc. (aka Expo) | The above copyright notice and this permission notice shall be included in all | AUTHORS OR COPYRIGHT HOLDERS BE LIABLE FOR ANY CLAIM, DAMAGES OR OTHER",Retain copyright and permission notice in distributions.,PASS_PERMISSIVE,True
npm,expo-keep-awake,57.0.1,False,mobile/participant-app/package-lock.json#node_modules/expo/node_modules/expo-keep-awake,MIT,MIT,mobile/participant-app/node_modules/expo/node_modules/expo-keep-awake/LICENSE,"Copyright (c) 2015-present 650 Industries, Inc. (aka Expo) | The above copyright notice and this permission notice shall be included in all | AUTHORS OR COPYRIGHT HOLDERS BE LIABLE FOR ANY CLAIM, DAMAGES OR OTHER",Retain copyright and permission notice in distributions.,PASS_PERMISSIVE,True
npm,hermes-estree,0.36.1,False,mobile/participant-app/package-lock.json#node_modules/expo/node_modules/hermes-estree,MIT,MIT,mobile/participant-app/node_modules/expo/node_modules/hermes-estree/LICENSE,"Copyright (c) Meta Platforms, Inc. and affiliates. | The above copyright notice and this permission notice shall be included in all | AUTHORS OR COPYRIGHT HOLDERS BE LIABLE FOR ANY CLAIM, DAMAGES OR OTHER",Retain copyright and permission notice in distributions.,PASS_PERMISSIVE,True
npm,hermes-parser,0.36.1,False,mobile/participant-app/package-lock.json#node_modules/expo/node_modules/hermes-parser,MIT,MIT,mobile/participant-app/node_modules/expo/node_modules/hermes-parser/LICENSE,"Copyright (c) Meta Platforms, Inc. and affiliates. | The above copyright notice and this permission notice shall be included in all | AUTHORS OR COPYRIGHT HOLDERS BE LIABLE FOR ANY CLAIM, DAMAGES OR OTHER",Retain copyright and permission notice in distributions.,PASS_PERMISSIVE,True
npm,mime-db,1.52.0,False,mobile/participant-app/package-lock.json#node_modules/expo/node_modules/mime-db,MIT,MIT,mobile/participant-app/node_modules/expo/node_modules/mime-db/LICENSE,Copyright (c) 2014 Jonathan Ong <me@jongleberry.com> | Copyright (c) 2015-2022 Douglas Christopher Wilson <doug@somethingdoug.com> | The above copyright notice and this permission notice shall be | IN NO EVENT SHALL THE AUTHORS OR COPYRIGHT HOLDERS BE LIABLE FOR ANY,Retain copyright and permission notice in distributions.,PASS_PERMISSIVE,True
npm,mime-types,2.1.35,False,mobile/participant-app/package-lock.json#node_modules/expo/node_modules/mime-types,MIT,MIT,mobile/participant-app/node_modules/expo/node_modules/mime-types/LICENSE,Copyright (c) 2014 Jonathan Ong <me@jongleberry.com> | Copyright (c) 2015 Douglas Christopher Wilson <doug@somethingdoug.com> | The above copyright notice and this permission notice shall be | IN NO EVENT SHALL THE AUTHORS OR COPYRIGHT HOLDERS BE LIABLE FOR ANY,Retain copyright and permission notice in distributions.,PASS_PERMISSIVE,True
npm,negotiator,0.6.3,False,mobile/participant-app/package-lock.json#node_modules/expo/node_modules/negotiator,MIT,MIT,mobile/participant-app/node_modules/expo/node_modules/negotiator/LICENSE,Copyright (c) 2012-2014 Federico Romero | Copyright (c) 2012-2014 Isaac Z. Schlueter | Copyright (c) 2014-2015 Douglas Christopher Wilson | The above copyright notice and this permission notice shall be | IN NO EVENT SHALL THE AUTHORS OR COPYRIGHT HOLDERS BE LIABLE FOR ANY,Retain copyright and permission notice in distributions.,PASS_PERMISSIVE,True
npm,picomatch,4.0.5,False,mobile/participant-app/package-lock.json#node_modules/expo/node_modules/picomatch,MIT,MIT,mobile/participant-app/node_modules/expo/node_modules/picomatch/LICENSE,"Copyright (c) 2017-present, Jon Schlinkert. | The above copyright notice and this permission notice shall be included in | AUTHORS OR COPYRIGHT HOLDERS BE LIABLE FOR ANY CLAIM, DAMAGES OR OTHER",Retain copyright and permission notice in distributions.,PASS_PERMISSIVE,True
npm,ws,8.21.1,False,mobile/participant-app/package-lock.json#node_modules/expo/node_modules/ws,MIT,MIT,mobile/participant-app/node_modules/expo/node_modules/ws/LICENSE,"Copyright (c) 2011 Einar Otto Stangvik <einaros@gmail.com> | Copyright (c) 2013 Arnout Kazemier and contributors | Copyright (c) 2016 Luigi Pinca and contributors | The above copyright notice and this permission notice shall be included in all | COPYRIGHT HOLDERS BE LIABLE FOR ANY CLAIM, DAMAGES OR OTHER LIABILITY, WHETHER",Retain copyright and permission notice in distributions.,PASS_PERMISSIVE,True
npm,exponential-backoff,3.1.3,False,mobile/participant-app/package-lock.json#node_modules/exponential-backoff,Apache-2.0,Apache-2.0,mobile/participant-app/node_modules/exponential-backoff/LICENSE,"""Licensor"" shall mean the copyright owner or entity authorized by | the copyright owner that is granting the License. | copyright notice that is included in or attached to the work | submitted to Licensor for inclusion in the Work by the copyright owner | the copyright owner. For the purposes of this definition, ""submitted"" | designated in writing by the copyright owner as ""Not a Contribution."" | 2. Grant of Copyright License. Subject to the terms and conditions of | copyright license to reproduce, prepare Derivative Works of,","Retain licence, copyright and NOTICE text; state material modifications where required.",PASS_PERMISSIVE,True
npm,fast-deep-equal,3.1.3,False,mobile/participant-app/package-lock.json#node_modules/fast-deep-equal,MIT,MIT,mobile/participant-app/node_modules/fast-deep-equal/LICENSE,"Copyright (c) 2017 Evgeny Poberezkin | The above copyright notice and this permission notice shall be included in all | AUTHORS OR COPYRIGHT HOLDERS BE LIABLE FOR ANY CLAIM, DAMAGES OR OTHER",Retain copyright and permission notice in distributions.,PASS_PERMISSIVE,True
npm,fast-json-stable-stringify,2.1.0,False,mobile/participant-app/package-lock.json#node_modules/fast-json-stable-stringify,MIT,MIT,mobile/participant-app/node_modules/fast-json-stable-stringify/LICENSE,"Copyright (c) 2017 Evgeny Poberezkin | Copyright (c) 2013 James Halliday | The above copyright notice and this permission notice shall be included in all | COPYRIGHT HOLDERS BE LIABLE FOR ANY CLAIM, DAMAGES OR OTHER LIABILITY, WHETHER",Retain copyright and permission notice in distributions.,PASS_PERMISSIVE,True
npm,fast-levenshtein,2.0.6,False,mobile/participant-app/package-lock.json#node_modules/fast-levenshtein,MIT,MIT,mobile/participant-app/node_modules/fast-levenshtein/LICENSE.md,Copyright (c) 2013 [Ramesh Nair](http://www.hiddentao.com/) | The above copyright notice and this permission notice shall be | NONINFRINGEMENT. IN NO EVENT SHALL THE AUTHORS OR COPYRIGHT,Retain copyright and permission notice in distributions.,PASS_PERMISSIVE,True
npm,fb-dotslash,0.5.8,False,mobile/participant-app/package-lock.json#node_modules/fb-dotslash,(MIT OR Apache-2.0),MIT OR Apache-2.0,metadata only,Not collected; preserve upstream package notice before distribution.,Retain the notices for the licence option selected for distribution.,PASS_PERMISSIVE,False
npm,fb-watchman,2.0.2,False,mobile/participant-app/package-lock.json#node_modules/fb-watchman,Apache-2.0,Apache-2.0,metadata only,Not collected; preserve upstream package notice before distribution.,"Retain licence, copyright and NOTICE text; state material modifications where required.",PASS_PERMISSIVE,False
npm,fetch-nodeshim,0.4.10,False,mobile/participant-app/package-lock.json#node_modules/fetch-nodeshim,MIT,MIT,mobile/participant-app/node_modules/fetch-nodeshim/LICENSE.md,"Copyright (c) Phil Pluckthun, | Copyright (c) 650 Industries, Inc. (aka Expo), | Copyright (c) 2016 - 2020 Node Fetch Team, | Copyright (c) Remix Software Inc. 2020-2021, | Copyright (c) Shopify Inc. 2022-2024 | The above copyright notice and this permission notice shall be included in all | AUTHORS OR COPYRIGHT HOLDERS BE LIABLE FOR ANY CLAIM, DAMAGES OR OTHER",Retain copyright and permission notice in distributions.,PASS_PERMISSIVE,True
npm,file-entry-cache,8.0.0,False,mobile/participant-app/package-lock.json#node_modules/file-entry-cache,MIT,MIT,mobile/participant-app/node_modules/file-entry-cache/LICENSE,"Copyright (c) Roy Riojas & Jared Wray | The above copyright notice and this permission notice shall be included in all | AUTHORS OR COPYRIGHT HOLDERS BE LIABLE FOR ANY CLAIM, DAMAGES OR OTHER",Retain copyright and permission notice in distributions.,PASS_PERMISSIVE,True
npm,fill-range,7.1.1,False,mobile/participant-app/package-lock.json#node_modules/fill-range,MIT,MIT,mobile/participant-app/node_modules/fill-range/LICENSE,"Copyright (c) 2014-present, Jon Schlinkert. | The above copyright notice and this permission notice shall be included in | AUTHORS OR COPYRIGHT HOLDERS BE LIABLE FOR ANY CLAIM, DAMAGES OR OTHER",Retain copyright and permission notice in distributions.,PASS_PERMISSIVE,True
npm,filter-obj,1.1.0,False,mobile/participant-app/package-lock.json#node_modules/filter-obj,MIT,MIT,mobile/participant-app/node_modules/filter-obj/license,"Copyright (c) Sindre Sorhus <sindresorhus@gmail.com> (sindresorhus.com) | The above copyright notice and this permission notice shall be included in | AUTHORS OR COPYRIGHT HOLDERS BE LIABLE FOR ANY CLAIM, DAMAGES OR OTHER",Retain copyright and permission notice in distributions.,PASS_PERMISSIVE,True
npm,finalhandler,1.1.2,False,mobile/participant-app/package-lock.json#node_modules/finalhandler,MIT,MIT,mobile/participant-app/node_modules/finalhandler/LICENSE,Copyright (c) 2014-2017 Douglas Christopher Wilson <doug@somethingdoug.com> | The above copyright notice and this permission notice shall be | IN NO EVENT SHALL THE AUTHORS OR COPYRIGHT HOLDERS BE LIABLE FOR ANY,Retain copyright and permission notice in distributions.,PASS_PERMISSIVE,True
npm,debug,2.6.9,False,mobile/participant-app/package-lock.json#node_modules/finalhandler/node_modules/debug,MIT,MIT,mobile/participant-app/node_modules/finalhandler/node_modules/debug/LICENSE,"Copyright (c) 2014 TJ Holowaychuk <tj@vision-media.ca> | The above copyright notice and this permission notice shall be included in all copies or substantial | IN NO EVENT SHALL THE AUTHORS OR COPYRIGHT HOLDERS BE LIABLE FOR ANY CLAIM, DAMAGES OR OTHER LIABILITY,",Retain copyright and permission notice in distributions.,PASS_PERMISSIVE,True
npm,ms,2.0.0,False,mobile/participant-app/package-lock.json#node_modules/finalhandler/node_modules/ms,MIT,MIT,mobile/participant-app/node_modules/finalhandler/node_modules/ms/license.md,"Copyright (c) 2016 Zeit, Inc. | The above copyright notice and this permission notice shall be included in all | AUTHORS OR COPYRIGHT HOLDERS BE LIABLE FOR ANY CLAIM, DAMAGES OR OTHER",Retain copyright and permission notice in distributions.,PASS_PERMISSIVE,True
npm,find-up,4.1.0,False,mobile/participant-app/package-lock.json#node_modules/find-up,MIT,MIT,mobile/participant-app/node_modules/find-up/license,"Copyright (c) Sindre Sorhus <sindresorhus@gmail.com> (sindresorhus.com) | The above copyright notice and this permission notice shall be included in all copies or substantial portions of the Software. | THE SOFTWARE IS PROVIDED ""AS IS"", WITHOUT WARRANTY OF ANY KIND, EXPRESS OR IMPLIED, INCLUDING BUT NOT LIMITED TO THE WARRANTIES OF MERCHANTABILITY, FITNESS FOR A PARTICULAR PURPOSE AND NONINFRINGEMENT. IN NO EVENT SHALL THE AUTHORS OR COPYRIGHT HOLDERS BE LIABLE FOR ANY CLAIM, DAMAGES OR OTHER LIABILITY, WHETHER IN AN ACTION OF CONTRACT, TORT OR OTHERWISE, ARISING FROM, OUT OF OR IN CONNECTION WITH THE SOFTWARE OR THE USE OR OTHER DEALINGS IN THE SOFTWARE.",Retain copyright and permission notice in distributions.,PASS_PERMISSIVE,True
npm,flat-cache,4.0.1,False,mobile/participant-app/package-lock.json#node_modules/flat-cache,MIT,MIT,mobile/participant-app/node_modules/flat-cache/LICENSE,"Copyright (c) Roy Riojas and Jared Wray | The above copyright notice and this permission notice shall be included in all | AUTHORS OR COPYRIGHT HOLDERS BE LIABLE FOR ANY CLAIM, DAMAGES OR OTHER",Retain copyright and permission notice in distributions.,PASS_PERMISSIVE,True
npm,flatted,3.4.4,False,mobile/participant-app/package-lock.json#node_modules/flatted,ISC,ISC,mobile/participant-app/node_modules/flatted/LICENSE,"Copyright (c) 2018-2020, Andrea Giammarchi, @WebReflection | copyright notice and this permission notice appear in all copies.",Retain copyright and permission notice in distributions.,PASS_PERMISSIVE,True
npm,flow-enums-runtime,0.0.6,False,mobile/participant-app/package-lock.json#node_modules/flow-enums-runtime,MIT,MIT,mobile/participant-app/node_modules/flow-enums-runtime/LICENSE,"Copyright (c) Facebook, Inc. and its affiliates. | The above copyright notice and this permission notice shall be included in all | AUTHORS OR COPYRIGHT HOLDERS BE LIABLE FOR ANY CLAIM, DAMAGES OR OTHER",Retain copyright and permission notice in distributions.,PASS_PERMISSIVE,True
npm,fontfaceobserver,2.3.0,False,mobile/participant-app/package-lock.json#node_modules/fontfaceobserver,BSD-2-Clause,BSD-2-Clause,mobile/participant-app/node_modules/fontfaceobserver/LICENSE,"Copyright (c) 2014 - Bram Stein | 1. Redistributions of source code must retain the above copyright notice, this | 2. Redistributions in binary form must reproduce the above copyright notice, | THIS SOFTWARE IS PROVIDED BY THE COPYRIGHT HOLDERS AND CONTRIBUTORS ""AS IS"" AND | DISCLAIMED. IN NO EVENT SHALL THE COPYRIGHT HOLDER OR CONTRIBUTORS BE LIABLE FOR","Retain copyright, conditions and disclaimer in source/binary distributions.",PASS_PERMISSIVE,True
npm,for-each,0.3.5,False,mobile/participant-app/package-lock.json#node_modules/for-each,MIT,MIT,mobile/participant-app/node_modules/for-each/LICENSE,"Copyright (c) 2012 Raynos. | The above copyright notice and this permission notice shall be included in all | AUTHORS OR COPYRIGHT HOLDERS BE LIABLE FOR ANY CLAIM, DAMAGES OR OTHER",Retain copyright and permission notice in distributions.,PASS_PERMISSIVE,True
npm,form-data,4.0.6,False,mobile/participant-app/package-lock.json#node_modules/form-data,MIT,MIT,mobile/participant-app/node_modules/form-data/License,"Copyright (c) 2012 Felix Geisendörfer (felix@debuggable.com) and contributors | The above copyright notice and this permission notice shall be included in | AUTHORS OR COPYRIGHT HOLDERS BE LIABLE FOR ANY CLAIM, DAMAGES OR OTHER",Retain copyright and permission notice in distributions.,PASS_PERMISSIVE,True
npm,mime-db,1.52.0,False,mobile/participant-app/package-lock.json#node_modules/form-data/node_modules/mime-db,MIT,MIT,mobile/participant-app/node_modules/form-data/node_modules/mime-db/LICENSE,Copyright (c) 2014 Jonathan Ong <me@jongleberry.com> | Copyright (c) 2015-2022 Douglas Christopher Wilson <doug@somethingdoug.com> | The above copyright notice and this permission notice shall be | IN NO EVENT SHALL THE AUTHORS OR COPYRIGHT HOLDERS BE LIABLE FOR ANY,Retain copyright and permission notice in distributions.,PASS_PERMISSIVE,True
npm,mime-types,2.1.35,False,mobile/participant-app/package-lock.json#node_modules/form-data/node_modules/mime-types,MIT,MIT,mobile/participant-app/node_modules/form-data/node_modules/mime-types/LICENSE,Copyright (c) 2014 Jonathan Ong <me@jongleberry.com> | Copyright (c) 2015 Douglas Christopher Wilson <doug@somethingdoug.com> | The above copyright notice and this permission notice shall be | IN NO EVENT SHALL THE AUTHORS OR COPYRIGHT HOLDERS BE LIABLE FOR ANY,Retain copyright and permission notice in distributions.,PASS_PERMISSIVE,True
npm,fresh,0.5.2,False,mobile/participant-app/package-lock.json#node_modules/fresh,MIT,MIT,mobile/participant-app/node_modules/fresh/LICENSE,Copyright (c) 2012 TJ Holowaychuk <tj@vision-media.ca> | Copyright (c) 2016-2017 Douglas Christopher Wilson <doug@somethingdoug.com> | The above copyright notice and this permission notice shall be | IN NO EVENT SHALL THE AUTHORS OR COPYRIGHT HOLDERS BE LIABLE FOR ANY,Retain copyright and permission notice in distributions.,PASS_PERMISSIVE,True
npm,fs.realpath,1.0.0,False,mobile/participant-app/package-lock.json#node_modules/fs.realpath,ISC,ISC,mobile/participant-app/node_modules/fs.realpath/LICENSE,"Copyright (c) Isaac Z. Schlueter and Contributors | copyright notice and this permission notice appear in all copies. | Copyright Joyent, Inc. and other Node contributors. | The above copyright notice and this permission notice shall be included in | AUTHORS OR COPYRIGHT HOLDERS BE LIABLE FOR ANY CLAIM, DAMAGES OR OTHER",Retain copyright and permission notice in distributions.,PASS_PERMISSIVE,True
npm,fsevents,2.3.3,False,mobile/participant-app/package-lock.json#node_modules/fsevents,MIT,MIT,mobile/participant-app/node_modules/fsevents/LICENSE,"Copyright (C) 2010-2020 by Philipp Dunkel, Ben Noordhuis, Elan Shankar, Paul Miller | The above copyright notice and this permission notice shall be included in | AUTHORS OR COPYRIGHT HOLDERS BE LIABLE FOR ANY CLAIM, DAMAGES OR OTHER",Retain copyright and permission notice in distributions.,PASS_PERMISSIVE,True
npm,function-bind,1.1.2,False,mobile/participant-app/package-lock.json#node_modules/function-bind,MIT,MIT,mobile/participant-app/node_modules/function-bind/LICENSE,"Copyright (c) 2013 Raynos. | The above copyright notice and this permission notice shall be included in | AUTHORS OR COPYRIGHT HOLDERS BE LIABLE FOR ANY CLAIM, DAMAGES OR OTHER",Retain copyright and permission notice in distributions.,PASS_PERMISSIVE,True
npm,function.prototype.name,1.2.0,False,mobile/participant-app/package-lock.json#node_modules/function.prototype.name,MIT,MIT,mobile/participant-app/node_modules/function.prototype.name/LICENSE,"Copyright (c) 2016 Jordan Harband | The above copyright notice and this permission notice shall be included in all | AUTHORS OR COPYRIGHT HOLDERS BE LIABLE FOR ANY CLAIM, DAMAGES OR OTHER",Retain copyright and permission notice in distributions.,PASS_PERMISSIVE,True
npm,functions-have-names,1.2.3,False,mobile/participant-app/package-lock.json#node_modules/functions-have-names,MIT,MIT,mobile/participant-app/node_modules/functions-have-names/LICENSE,"Copyright (c) 2019 Jordan Harband | The above copyright notice and this permission notice shall be included in all | AUTHORS OR COPYRIGHT HOLDERS BE LIABLE FOR ANY CLAIM, DAMAGES OR OTHER",Retain copyright and permission notice in distributions.,PASS_PERMISSIVE,True
npm,generator-function,2.0.1,False,mobile/participant-app/package-lock.json#node_modules/generator-function,MIT,MIT,mobile/participant-app/node_modules/generator-function/LICENSE.md,"Copyright (c) 2015 Tiancheng “Timothy” Gu | The above copyright notice and this permission notice shall be included in all copies or substantial portions of the Software. | THE SOFTWARE IS PROVIDED ""AS IS"", WITHOUT WARRANTY OF ANY KIND, EXPRESS OR IMPLIED, INCLUDING BUT NOT LIMITED TO THE WARRANTIES OF MERCHANTABILITY, FITNESS FOR A PARTICULAR PURPOSE AND NONINFRINGEMENT. IN NO EVENT SHALL THE AUTHORS OR COPYRIGHT HOLDERS BE LIABLE FOR ANY CLAIM, DAMAGES OR OTHER LIABILITY, WHETHER IN AN ACTION OF CONTRACT, TORT OR OTHERWISE, ARISING FROM, OUT OF OR IN CONNECTION WITH THE SOFTWARE OR THE USE OR OTHER DEALINGS IN THE SOFTWARE.",Retain copyright and permission notice in distributions.,PASS_PERMISSIVE,True
npm,gensync,1.0.0-beta.2,False,mobile/participant-app/package-lock.json#node_modules/gensync,MIT,MIT,mobile/participant-app/node_modules/gensync/LICENSE,"Copyright 2018 Logan Smyth <loganfsmyth@gmail.com> | The above copyright notice and this permission notice shall be included in all copies or substantial portions of the Software. | THE SOFTWARE IS PROVIDED ""AS IS"", WITHOUT WARRANTY OF ANY KIND, EXPRESS OR IMPLIED, INCLUDING BUT NOT LIMITED TO THE WARRANTIES OF MERCHANTABILITY, FITNESS FOR A PARTICULAR PURPOSE AND NONINFRINGEMENT. IN NO EVENT SHALL THE AUTHORS OR COPYRIGHT HOLDERS BE LIABLE FOR ANY CLAIM, DAMAGES OR OTHER LIABILITY, WHETHER IN AN ACTION OF CONTRACT, TORT OR OTHERWISE, ARISING FROM, OUT OF OR IN CONNECTION WITH THE SOFTWARE OR THE USE OR OTHER DEALINGS IN THE SOFTWARE.",Retain copyright and permission notice in distributions.,PASS_PERMISSIVE,True
npm,get-caller-file,2.0.5,False,mobile/participant-app/package-lock.json#node_modules/get-caller-file,ISC,ISC,mobile/participant-app/node_modules/get-caller-file/LICENSE.md,"Copyright 2018 Stefan Penner | Permission to use, copy, modify, and/or distribute this software for any purpose with or without fee is hereby granted, provided that the above copyright notice and this permission notice appear in all copies.",Retain copyright and permission notice in distributions.,PASS_PERMISSIVE,True
npm,get-intrinsic,1.3.0,False,mobile/participant-app/package-lock.json#node_modules/get-intrinsic,MIT,MIT,mobile/participant-app/node_modules/get-intrinsic/LICENSE,"Copyright (c) 2020 Jordan Harband | The above copyright notice and this permission notice shall be included in all | AUTHORS OR COPYRIGHT HOLDERS BE LIABLE FOR ANY CLAIM, DAMAGES OR OTHER",Retain copyright and permission notice in distributions.,PASS_PERMISSIVE,True
npm,get-package-type,0.1.0,False,mobile/participant-app/package-lock.json#node_modules/get-package-type,MIT,MIT,mobile/participant-app/node_modules/get-package-type/LICENSE,"Copyright (c) 2020 CFWare, LLC | The above copyright notice and this permission notice shall be included in all | AUTHORS OR COPYRIGHT HOLDERS BE LIABLE FOR ANY CLAIM, DAMAGES OR OTHER",Retain copyright and permission notice in distributions.,PASS_PERMISSIVE,True
npm,get-proto,1.0.1,False,mobile/participant-app/package-lock.json#node_modules/get-proto,MIT,MIT,mobile/participant-app/node_modules/get-proto/LICENSE,"Copyright (c) 2025 Jordan Harband | The above copyright notice and this permission notice shall be included in all | AUTHORS OR COPYRIGHT HOLDERS BE LIABLE FOR ANY CLAIM, DAMAGES OR OTHER",Retain copyright and permission notice in distributions.,PASS_PERMISSIVE,True
npm,get-stream,6.0.1,False,mobile/participant-app/package-lock.json#node_modules/get-stream,MIT,MIT,mobile/participant-app/node_modules/get-stream/license,"Copyright (c) Sindre Sorhus <sindresorhus@gmail.com> (https://sindresorhus.com) | The above copyright notice and this permission notice shall be included in all copies or substantial portions of the Software. | THE SOFTWARE IS PROVIDED ""AS IS"", WITHOUT WARRANTY OF ANY KIND, EXPRESS OR IMPLIED, INCLUDING BUT NOT LIMITED TO THE WARRANTIES OF MERCHANTABILITY, FITNESS FOR A PARTICULAR PURPOSE AND NONINFRINGEMENT. IN NO EVENT SHALL THE AUTHORS OR COPYRIGHT HOLDERS BE LIABLE FOR ANY CLAIM, DAMAGES OR OTHER LIABILITY, WHETHER IN AN ACTION OF CONTRACT, TORT OR OTHERWISE, ARISING FROM, OUT OF OR IN CONNECTION WITH THE SOFTWARE OR THE USE OR OTHER DEALINGS IN THE SOFTWARE.",Retain copyright and permission notice in distributions.,PASS_PERMISSIVE,True
npm,get-symbol-description,1.1.0,False,mobile/participant-app/package-lock.json#node_modules/get-symbol-description,MIT,MIT,mobile/participant-app/node_modules/get-symbol-description/LICENSE,"Copyright (c) 2021 Inspect JS | The above copyright notice and this permission notice shall be included in all | AUTHORS OR COPYRIGHT HOLDERS BE LIABLE FOR ANY CLAIM, DAMAGES OR OTHER",Retain copyright and permission notice in distributions.,PASS_PERMISSIVE,True
npm,get-tsconfig,4.14.1,False,mobile/participant-app/package-lock.json#node_modules/get-tsconfig,MIT,MIT,mobile/participant-app/node_modules/get-tsconfig/LICENSE,"Copyright (c) Hiroki Osame <hiroki.osame@gmail.com> | The above copyright notice and this permission notice shall be included in all | AUTHORS OR COPYRIGHT HOLDERS BE LIABLE FOR ANY CLAIM, DAMAGES OR OTHER",Retain copyright and permission notice in distributions.,PASS_PERMISSIVE,True
npm,getenv,2.0.0,False,mobile/participant-app/package-lock.json#node_modules/getenv,MIT,MIT,mobile/participant-app/node_modules/getenv/LICENSE.md,"Copyright (c) 2012-2019 Christoph Tavan <dev@tavan.de> | The above copyright notice and this permission notice shall be included in all | AUTHORS OR COPYRIGHT HOLDERS BE LIABLE FOR ANY CLAIM, DAMAGES OR OTHER",Retain copyright and permission notice in distributions.,PASS_PERMISSIVE,True
npm,glob,13.0.6,False,mobile/participant-app/package-lock.json#node_modules/glob,BlueOak-1.0.0,BlueOak-1.0.0,mobile/participant-app/node_modules/glob/LICENSE.md,## Copyright | copyright in it.,Confirm the exact licence text and retain required notice before distribution.,HUMAN_LEGAL_REVIEW,True
npm,glob-parent,6.0.2,False,mobile/participant-app/package-lock.json#node_modules/glob-parent,ISC,ISC,mobile/participant-app/node_modules/glob-parent/LICENSE,"Copyright (c) 2015, 2019 Elan Shanker, 2021 Blaine Bublitz <blaine.bublitz@gmail.com>, Eric Schoffstall <yo@contra.io> and other contributors | copyright notice and this permission notice appear in all copies.",Retain copyright and permission notice in distributions.,PASS_PERMISSIVE,True
npm,globals,14.0.0,False,mobile/participant-app/package-lock.json#node_modules/globals,MIT,MIT,mobile/participant-app/node_modules/globals/license,"Copyright (c) Sindre Sorhus <sindresorhus@gmail.com> (https://sindresorhus.com) | The above copyright notice and this permission notice shall be included in all copies or substantial portions of the Software. | THE SOFTWARE IS PROVIDED ""AS IS"", WITHOUT WARRANTY OF ANY KIND, EXPRESS OR IMPLIED, INCLUDING BUT NOT LIMITED TO THE WARRANTIES OF MERCHANTABILITY, FITNESS FOR A PARTICULAR PURPOSE AND NONINFRINGEMENT. IN NO EVENT SHALL THE AUTHORS OR COPYRIGHT HOLDERS BE LIABLE FOR ANY CLAIM, DAMAGES OR OTHER LIABILITY, WHETHER IN AN ACTION OF CONTRACT, TORT OR OTHERWISE, ARISING FROM, OUT OF OR IN CONNECTION WITH THE SOFTWARE OR THE USE OR OTHER DEALINGS IN THE SOFTWARE.",Retain copyright and permission notice in distributions.,PASS_PERMISSIVE,True
npm,globalthis,1.0.4,False,mobile/participant-app/package-lock.json#node_modules/globalthis,MIT,MIT,mobile/participant-app/node_modules/globalthis/LICENSE,"Copyright (c) 2016 Jordan Harband | The above copyright notice and this permission notice shall be included in all | AUTHORS OR COPYRIGHT HOLDERS BE LIABLE FOR ANY CLAIM, DAMAGES OR OTHER",Retain copyright and permission notice in distributions.,PASS_PERMISSIVE,True
npm,gopd,1.2.0,False,mobile/participant-app/package-lock.json#node_modules/gopd,MIT,MIT,mobile/participant-app/node_modules/gopd/LICENSE,"Copyright (c) 2022 Jordan Harband | The above copyright notice and this permission notice shall be included in all | AUTHORS OR COPYRIGHT HOLDERS BE LIABLE FOR ANY CLAIM, DAMAGES OR OTHER",Retain copyright and permission notice in distributions.,PASS_PERMISSIVE,True
npm,graceful-fs,4.2.11,False,mobile/participant-app/package-lock.json#node_modules/graceful-fs,ISC,ISC,mobile/participant-app/node_modules/graceful-fs/LICENSE,"Copyright (c) 2011-2022 Isaac Z. Schlueter, Ben Noordhuis, and Contributors | copyright notice and this permission notice appear in all copies.",Retain copyright and permission notice in distributions.,PASS_PERMISSIVE,True
npm,has-bigints,1.1.0,False,mobile/participant-app/package-lock.json#node_modules/has-bigints,MIT,MIT,mobile/participant-app/node_modules/has-bigints/LICENSE,"Copyright (c) 2019 Jordan Harband | The above copyright notice and this permission notice shall be included in all | AUTHORS OR COPYRIGHT HOLDERS BE LIABLE FOR ANY CLAIM, DAMAGES OR OTHER",Retain copyright and permission notice in distributions.,PASS_PERMISSIVE,True
npm,has-flag,4.0.0,False,mobile/participant-app/package-lock.json#node_modules/has-flag,MIT,MIT,mobile/participant-app/node_modules/has-flag/license,"Copyright (c) Sindre Sorhus <sindresorhus@gmail.com> (sindresorhus.com) | The above copyright notice and this permission notice shall be included in all copies or substantial portions of the Software. | THE SOFTWARE IS PROVIDED ""AS IS"", WITHOUT WARRANTY OF ANY KIND, EXPRESS OR IMPLIED, INCLUDING BUT NOT LIMITED TO THE WARRANTIES OF MERCHANTABILITY, FITNESS FOR A PARTICULAR PURPOSE AND NONINFRINGEMENT. IN NO EVENT SHALL THE AUTHORS OR COPYRIGHT HOLDERS BE LIABLE FOR ANY CLAIM, DAMAGES OR OTHER LIABILITY, WHETHER IN AN ACTION OF CONTRACT, TORT OR OTHERWISE, ARISING FROM, OUT OF OR IN CONNECTION WITH THE SOFTWARE OR THE USE OR OTHER DEALINGS IN THE SOFTWARE.",Retain copyright and permission notice in distributions.,PASS_PERMISSIVE,True
npm,has-property-descriptors,1.0.2,False,mobile/participant-app/package-lock.json#node_modules/has-property-descriptors,MIT,MIT,mobile/participant-app/node_modules/has-property-descriptors/LICENSE,"Copyright (c) 2022 Inspect JS | The above copyright notice and this permission notice shall be included in all | AUTHORS OR COPYRIGHT HOLDERS BE LIABLE FOR ANY CLAIM, DAMAGES OR OTHER",Retain copyright and permission notice in distributions.,PASS_PERMISSIVE,True
npm,has-proto,1.2.0,False,mobile/participant-app/package-lock.json#node_modules/has-proto,MIT,MIT,mobile/participant-app/node_modules/has-proto/LICENSE,"Copyright (c) 2022 Inspect JS | The above copyright notice and this permission notice shall be included in all | AUTHORS OR COPYRIGHT HOLDERS BE LIABLE FOR ANY CLAIM, DAMAGES OR OTHER",Retain copyright and permission notice in distributions.,PASS_PERMISSIVE,True
npm,has-symbols,1.1.0,False,mobile/participant-app/package-lock.json#node_modules/has-symbols,MIT,MIT,mobile/participant-app/node_modules/has-symbols/LICENSE,"Copyright (c) 2016 Jordan Harband | The above copyright notice and this permission notice shall be included in all | AUTHORS OR COPYRIGHT HOLDERS BE LIABLE FOR ANY CLAIM, DAMAGES OR OTHER",Retain copyright and permission notice in distributions.,PASS_PERMISSIVE,True
npm,has-tostringtag,1.0.2,False,mobile/participant-app/package-lock.json#node_modules/has-tostringtag,MIT,MIT,mobile/participant-app/node_modules/has-tostringtag/LICENSE,"Copyright (c) 2021 Inspect JS | The above copyright notice and this permission notice shall be included in all | AUTHORS OR COPYRIGHT HOLDERS BE LIABLE FOR ANY CLAIM, DAMAGES OR OTHER",Retain copyright and permission notice in distributions.,PASS_PERMISSIVE,True
npm,hasown,2.0.4,False,mobile/participant-app/package-lock.json#node_modules/hasown,MIT,MIT,mobile/participant-app/node_modules/hasown/LICENSE,"Copyright (c) Jordan Harband and contributors | The above copyright notice and this permission notice shall be included in all | AUTHORS OR COPYRIGHT HOLDERS BE LIABLE FOR ANY CLAIM, DAMAGES OR OTHER",Retain copyright and permission notice in distributions.,PASS_PERMISSIVE,True
npm,hermes-compiler,250829098.0.16,False,mobile/participant-app/package-lock.json#node_modules/hermes-compiler,MIT,MIT,metadata only,Not collected; preserve upstream package notice before distribution.,Retain copyright and permission notice in distributions.,PASS_PERMISSIVE,False
npm,hermes-estree,0.35.0,False,mobile/participant-app/package-lock.json#node_modules/hermes-estree,MIT,MIT,mobile/participant-app/node_modules/hermes-estree/LICENSE,"Copyright (c) Meta Platforms, Inc. and affiliates. | The above copyright notice and this permission notice shall be included in all | AUTHORS OR COPYRIGHT HOLDERS BE LIABLE FOR ANY CLAIM, DAMAGES OR OTHER",Retain copyright and permission notice in distributions.,PASS_PERMISSIVE,True
npm,hermes-parser,0.35.0,False,mobile/participant-app/package-lock.json#node_modules/hermes-parser,MIT,MIT,mobile/participant-app/node_modules/hermes-parser/LICENSE,"Copyright (c) Meta Platforms, Inc. and affiliates. | The above copyright notice and this permission notice shall be included in all | AUTHORS OR COPYRIGHT HOLDERS BE LIABLE FOR ANY CLAIM, DAMAGES OR OTHER",Retain copyright and permission notice in distributions.,PASS_PERMISSIVE,True
npm,hoist-non-react-statics,3.3.2,False,mobile/participant-app/package-lock.json#node_modules/hoist-non-react-statics,BSD-3-Clause,BSD-3-Clause,mobile/participant-app/node_modules/hoist-non-react-statics/LICENSE.md,"Copyright (c) 2015, Yahoo! Inc. All rights reserved. | * Redistributions of source code must retain the above copyright notice, this | * Redistributions in binary form must reproduce the above copyright notice, | THIS SOFTWARE IS PROVIDED BY THE COPYRIGHT HOLDERS AND CONTRIBUTORS ""AS IS"" AND | DISCLAIMED. IN NO EVENT SHALL THE COPYRIGHT OWNER OR CONTRIBUTORS BE LIABLE FOR","Retain copyright, conditions and disclaimer in source/binary distributions.",PASS_PERMISSIVE,True
npm,react-is,16.13.1,False,mobile/participant-app/package-lock.json#node_modules/hoist-non-react-statics/node_modules/react-is,MIT,MIT,mobile/participant-app/node_modules/hoist-non-react-statics/node_modules/react-is/LICENSE,"Copyright (c) Facebook, Inc. and its affiliates. | The above copyright notice and this permission notice shall be included in all | AUTHORS OR COPYRIGHT HOLDERS BE LIABLE FOR ANY CLAIM, DAMAGES OR OTHER",Retain copyright and permission notice in distributions.,PASS_PERMISSIVE,True
npm,hosted-git-info,7.0.2,False,mobile/participant-app/package-lock.json#node_modules/hosted-git-info,ISC,ISC,mobile/participant-app/node_modules/hosted-git-info/LICENSE,"Copyright (c) 2015, Rebecca Turner | copyright notice and this permission notice appear in all copies.",Retain copyright and permission notice in distributions.,PASS_PERMISSIVE,True
npm,lru-cache,10.4.3,False,mobile/participant-app/package-lock.json#node_modules/hosted-git-info/node_modules/lru-cache,ISC,ISC,mobile/participant-app/node_modules/hosted-git-info/node_modules/lru-cache/LICENSE,Copyright (c) 2010-2023 Isaac Z. Schlueter and Contributors | copyright notice and this permission notice appear in all copies.,Retain copyright and permission notice in distributions.,PASS_PERMISSIVE,True
npm,html-encoding-sniffer,3.0.0,False,mobile/participant-app/package-lock.json#node_modules/html-encoding-sniffer,MIT,MIT,mobile/participant-app/node_modules/html-encoding-sniffer/LICENSE.txt,"Copyright © Domenic Denicola <d@domenic.me> | The above copyright notice and this permission notice shall be included in all copies or substantial portions of the Software. | THE SOFTWARE IS PROVIDED ""AS IS"", WITHOUT WARRANTY OF ANY KIND, EXPRESS OR IMPLIED, INCLUDING BUT NOT LIMITED TO THE WARRANTIES OF MERCHANTABILITY, FITNESS FOR A PARTICULAR PURPOSE AND NONINFRINGEMENT. IN NO EVENT SHALL THE AUTHORS OR COPYRIGHT HOLDERS BE LIABLE FOR ANY CLAIM, DAMAGES OR OTHER LIABILITY, WHETHER IN AN ACTION OF CONTRACT, TORT OR OTHERWISE, ARISING FROM, OUT OF OR IN CONNECTION WITH THE SOFTWARE OR THE USE OR OTHER DEALINGS IN THE SOFTWARE.",Retain copyright and permission notice in distributions.,PASS_PERMISSIVE,True
npm,html-escaper,2.0.2,False,mobile/participant-app/package-lock.json#node_modules/html-escaper,MIT,MIT,mobile/participant-app/node_modules/html-escaper/LICENSE.txt,"Copyright (C) 2017-present by Andrea Giammarchi - @WebReflection | The above copyright notice and this permission notice shall be included in | AUTHORS OR COPYRIGHT HOLDERS BE LIABLE FOR ANY CLAIM, DAMAGES OR OTHER",Retain copyright and permission notice in distributions.,PASS_PERMISSIVE,True
npm,http-errors,2.0.1,False,mobile/participant-app/package-lock.json#node_modules/http-errors,MIT,MIT,mobile/participant-app/node_modules/http-errors/LICENSE,"Copyright (c) 2014 Jonathan Ong me@jongleberry.com | Copyright (c) 2016 Douglas Christopher Wilson doug@somethingdoug.com | The above copyright notice and this permission notice shall be included in | AUTHORS OR COPYRIGHT HOLDERS BE LIABLE FOR ANY CLAIM, DAMAGES OR OTHER",Retain copyright and permission notice in distributions.,PASS_PERMISSIVE,True
npm,statuses,2.0.2,False,mobile/participant-app/package-lock.json#node_modules/http-errors/node_modules/statuses,MIT,MIT,mobile/participant-app/node_modules/http-errors/node_modules/statuses/LICENSE,"Copyright (c) 2014 Jonathan Ong <me@jongleberry.com> | Copyright (c) 2016 Douglas Christopher Wilson <doug@somethingdoug.com> | The above copyright notice and this permission notice shall be included in | AUTHORS OR COPYRIGHT HOLDERS BE LIABLE FOR ANY CLAIM, DAMAGES OR OTHER",Retain copyright and permission notice in distributions.,PASS_PERMISSIVE,True
npm,http-proxy-agent,5.0.0,False,mobile/participant-app/package-lock.json#node_modules/http-proxy-agent,MIT,MIT,metadata only,Not collected; preserve upstream package notice before distribution.,Retain copyright and permission notice in distributions.,PASS_PERMISSIVE,False
npm,agent-base,6.0.2,False,mobile/participant-app/package-lock.json#node_modules/http-proxy-agent/node_modules/agent-base,MIT,MIT,metadata only,Not collected; preserve upstream package notice before distribution.,Retain copyright and permission notice in distributions.,PASS_PERMISSIVE,False
npm,https-proxy-agent,7.0.6,False,mobile/participant-app/package-lock.json#node_modules/https-proxy-agent,MIT,MIT,mobile/participant-app/node_modules/https-proxy-agent/LICENSE,Copyright (c) 2013 Nathan Rajlich <nathan@tootallnate.net> | The above copyright notice and this permission notice shall be | IN NO EVENT SHALL THE AUTHORS OR COPYRIGHT HOLDERS BE LIABLE FOR ANY,Retain copyright and permission notice in distributions.,PASS_PERMISSIVE,True
npm,human-signals,2.1.0,False,mobile/participant-app/package-lock.json#node_modules/human-signals,Apache-2.0,Apache-2.0,mobile/participant-app/node_modules/human-signals/LICENSE,"""Licensor"" shall mean the copyright owner or entity authorized by | the copyright owner that is granting the License. | copyright notice that is included in or attached to the work | submitted to Licensor for inclusion in the Work by the copyright owner | the copyright owner. For the purposes of this definition, ""submitted"" | designated in writing by the copyright owner as ""Not a Contribution."" | 2. Grant of Copyright License. Subject to the terms and conditions of | copyright license to reproduce, prepare Derivative Works of,","Retain licence, copyright and NOTICE text; state material modifications where required.",PASS_PERMISSIVE,True
npm,iconv-lite,0.6.3,False,mobile/participant-app/package-lock.json#node_modules/iconv-lite,MIT,MIT,mobile/participant-app/node_modules/iconv-lite/LICENSE,Copyright (c) 2011 Alexander Shtuchkin | The above copyright notice and this permission notice shall be | NONINFRINGEMENT. IN NO EVENT SHALL THE AUTHORS OR COPYRIGHT HOLDERS BE,Retain copyright and permission notice in distributions.,PASS_PERMISSIVE,True
npm,ignore,5.3.2,False,mobile/participant-app/package-lock.json#node_modules/ignore,MIT,MIT,mobile/participant-app/node_modules/ignore/LICENSE-MIT,"Copyright (c) 2013 Kael Zhang <i@kael.me>, contributors | The above copyright notice and this permission notice shall be | NONINFRINGEMENT. IN NO EVENT SHALL THE AUTHORS OR COPYRIGHT HOLDERS BE",Retain copyright and permission notice in distributions.,PASS_PERMISSIVE,True
npm,image-size,1.2.1,False,mobile/participant-app/package-lock.json#node_modules/image-size,MIT,MIT,mobile/participant-app/node_modules/image-size/LICENSE,"Copyright © 2013-Present Aditya Yadav, http://netroy.in | The above copyright notice and this permission notice shall be included in all copies or substantial portions of the Software. | THE SOFTWARE IS PROVIDED “AS IS”, WITHOUT WARRANTY OF ANY KIND, EXPRESS OR IMPLIED, INCLUDING BUT NOT LIMITED TO THE WARRANTIES OF MERCHANTABILITY, FITNESS FOR A PARTICULAR PURPOSE AND NONINFRINGEMENT. IN NO EVENT SHALL THE AUTHORS OR COPYRIGHT HOLDERS BE LIABLE FOR ANY CLAIM, DAMAGES OR OTHER LIABILITY, WHETHER IN AN ACTION OF CONTRACT, TORT OR OTHERWISE, ARISING FROM, OUT OF OR IN CONNECTION WITH THE SOFTWARE OR THE USE OR OTHER DEALINGS IN THE SOFTWARE.",Retain copyright and permission notice in distributions.,PASS_PERMISSIVE,True
npm,import-fresh,3.3.1,False,mobile/participant-app/package-lock.json#node_modules/import-fresh,MIT,MIT,mobile/participant-app/node_modules/import-fresh/license,"Copyright (c) Sindre Sorhus <sindresorhus@gmail.com> (https://sindresorhus.com) | The above copyright notice and this permission notice shall be included in all copies or substantial portions of the Software. | THE SOFTWARE IS PROVIDED ""AS IS"", WITHOUT WARRANTY OF ANY KIND, EXPRESS OR IMPLIED, INCLUDING BUT NOT LIMITED TO THE WARRANTIES OF MERCHANTABILITY, FITNESS FOR A PARTICULAR PURPOSE AND NONINFRINGEMENT. IN NO EVENT SHALL THE AUTHORS OR COPYRIGHT HOLDERS BE LIABLE FOR ANY CLAIM, DAMAGES OR OTHER LIABILITY, WHETHER IN AN ACTION OF CONTRACT, TORT OR OTHERWISE, ARISING FROM, OUT OF OR IN CONNECTION WITH THE SOFTWARE OR THE USE OR OTHER DEALINGS IN THE SOFTWARE.",Retain copyright and permission notice in distributions.,PASS_PERMISSIVE,True
npm,resolve-from,4.0.0,False,mobile/participant-app/package-lock.json#node_modules/import-fresh/node_modules/resolve-from,MIT,MIT,mobile/participant-app/node_modules/import-fresh/node_modules/resolve-from/license,"Copyright (c) Sindre Sorhus <sindresorhus@gmail.com> (sindresorhus.com) | The above copyright notice and this permission notice shall be included in all copies or substantial portions of the Software. | THE SOFTWARE IS PROVIDED ""AS IS"", WITHOUT WARRANTY OF ANY KIND, EXPRESS OR IMPLIED, INCLUDING BUT NOT LIMITED TO THE WARRANTIES OF MERCHANTABILITY, FITNESS FOR A PARTICULAR PURPOSE AND NONINFRINGEMENT. IN NO EVENT SHALL THE AUTHORS OR COPYRIGHT HOLDERS BE LIABLE FOR ANY CLAIM, DAMAGES OR OTHER LIABILITY, WHETHER IN AN ACTION OF CONTRACT, TORT OR OTHERWISE, ARISING FROM, OUT OF OR IN CONNECTION WITH THE SOFTWARE OR THE USE OR OTHER DEALINGS IN THE SOFTWARE.",Retain copyright and permission notice in distributions.,PASS_PERMISSIVE,True
npm,import-local,3.2.0,False,mobile/participant-app/package-lock.json#node_modules/import-local,MIT,MIT,mobile/participant-app/node_modules/import-local/license,"Copyright (c) Sindre Sorhus <sindresorhus@gmail.com> (https://sindresorhus.com) | The above copyright notice and this permission notice shall be included in all copies or substantial portions of the Software. | THE SOFTWARE IS PROVIDED ""AS IS"", WITHOUT WARRANTY OF ANY KIND, EXPRESS OR IMPLIED, INCLUDING BUT NOT LIMITED TO THE WARRANTIES OF MERCHANTABILITY, FITNESS FOR A PARTICULAR PURPOSE AND NONINFRINGEMENT. IN NO EVENT SHALL THE AUTHORS OR COPYRIGHT HOLDERS BE LIABLE FOR ANY CLAIM, DAMAGES OR OTHER LIABILITY, WHETHER IN AN ACTION OF CONTRACT, TORT OR OTHERWISE, ARISING FROM, OUT OF OR IN CONNECTION WITH THE SOFTWARE OR THE USE OR OTHER DEALINGS IN THE SOFTWARE.",Retain copyright and permission notice in distributions.,PASS_PERMISSIVE,True
npm,imurmurhash,0.1.4,False,mobile/participant-app/package-lock.json#node_modules/imurmurhash,MIT,MIT,metadata only,Not collected; preserve upstream package notice before distribution.,Retain copyright and permission notice in distributions.,PASS_PERMISSIVE,False
npm,indent-string,4.0.0,False,mobile/participant-app/package-lock.json#node_modules/indent-string,MIT,MIT,mobile/participant-app/node_modules/indent-string/license,"Copyright (c) Sindre Sorhus <sindresorhus@gmail.com> (sindresorhus.com) | The above copyright notice and this permission notice shall be included in all copies or substantial portions of the Software. | THE SOFTWARE IS PROVIDED ""AS IS"", WITHOUT WARRANTY OF ANY KIND, EXPRESS OR IMPLIED, INCLUDING BUT NOT LIMITED TO THE WARRANTIES OF MERCHANTABILITY, FITNESS FOR A PARTICULAR PURPOSE AND NONINFRINGEMENT. IN NO EVENT SHALL THE AUTHORS OR COPYRIGHT HOLDERS BE LIABLE FOR ANY CLAIM, DAMAGES OR OTHER LIABILITY, WHETHER IN AN ACTION OF CONTRACT, TORT OR OTHERWISE, ARISING FROM, OUT OF OR IN CONNECTION WITH THE SOFTWARE OR THE USE OR OTHER DEALINGS IN THE SOFTWARE.",Retain copyright and permission notice in distributions.,PASS_PERMISSIVE,True
npm,index-to-position,1.2.0,False,mobile/participant-app/package-lock.json#node_modules/index-to-position,MIT,MIT,mobile/participant-app/node_modules/index-to-position/license,"Copyright (c) Sindre Sorhus <sindresorhus@gmail.com> (https://sindresorhus.com) | The above copyright notice and this permission notice shall be included in all copies or substantial portions of the Software. | THE SOFTWARE IS PROVIDED ""AS IS"", WITHOUT WARRANTY OF ANY KIND, EXPRESS OR IMPLIED, INCLUDING BUT NOT LIMITED TO THE WARRANTIES OF MERCHANTABILITY, FITNESS FOR A PARTICULAR PURPOSE AND NONINFRINGEMENT. IN NO EVENT SHALL THE AUTHORS OR COPYRIGHT HOLDERS BE LIABLE FOR ANY CLAIM, DAMAGES OR OTHER LIABILITY, WHETHER IN AN ACTION OF CONTRACT, TORT OR OTHERWISE, ARISING FROM, OUT OF OR IN CONNECTION WITH THE SOFTWARE OR THE USE OR OTHER DEALINGS IN THE SOFTWARE.",Retain copyright and permission notice in distributions.,PASS_PERMISSIVE,True
npm,inflight,1.0.6,False,mobile/participant-app/package-lock.json#node_modules/inflight,ISC,ISC,mobile/participant-app/node_modules/inflight/LICENSE,Copyright (c) Isaac Z. Schlueter | copyright notice and this permission notice appear in all copies.,Retain copyright and permission notice in distributions.,PASS_PERMISSIVE,True
npm,inherits,2.0.4,False,mobile/participant-app/package-lock.json#node_modules/inherits,ISC,ISC,mobile/participant-app/node_modules/inherits/LICENSE,Copyright (c) Isaac Z. Schlueter | copyright notice and this permission notice appear in all copies.,Retain copyright and permission notice in distributions.,PASS_PERMISSIVE,True
npm,internal-slot,1.1.0,False,mobile/participant-app/package-lock.json#node_modules/internal-slot,MIT,MIT,mobile/participant-app/node_modules/internal-slot/LICENSE,"Copyright (c) 2019 Jordan Harband | The above copyright notice and this permission notice shall be included in all | AUTHORS OR COPYRIGHT HOLDERS BE LIABLE FOR ANY CLAIM, DAMAGES OR OTHER",Retain copyright and permission notice in distributions.,PASS_PERMISSIVE,True
npm,invariant,2.2.4,False,mobile/participant-app/package-lock.json#node_modules/invariant,MIT,MIT,mobile/participant-app/node_modules/invariant/LICENSE,"Copyright (c) 2013-present, Facebook, Inc. | The above copyright notice and this permission notice shall be included in all | AUTHORS OR COPYRIGHT HOLDERS BE LIABLE FOR ANY CLAIM, DAMAGES OR OTHER",Retain copyright and permission notice in distributions.,PASS_PERMISSIVE,True
npm,is-array-buffer,3.0.5,False,mobile/participant-app/package-lock.json#node_modules/is-array-buffer,MIT,MIT,mobile/participant-app/node_modules/is-array-buffer/LICENSE,"Copyright (c) 2015 Chen Gengyuan, Inspect JS | The above copyright notice and this permission notice shall be included in all | AUTHORS OR COPYRIGHT HOLDERS BE LIABLE FOR ANY CLAIM, DAMAGES OR OTHER",Retain copyright and permission notice in distributions.,PASS_PERMISSIVE,True
npm,is-arrayish,0.2.1,False,mobile/participant-app/package-lock.json#node_modules/is-arrayish,MIT,MIT,mobile/participant-app/node_modules/is-arrayish/LICENSE,"Copyright (c) 2015 JD Ballard | The above copyright notice and this permission notice shall be included in | AUTHORS OR COPYRIGHT HOLDERS BE LIABLE FOR ANY CLAIM, DAMAGES OR OTHER",Retain copyright and permission notice in distributions.,PASS_PERMISSIVE,True
npm,is-async-function,2.1.1,False,mobile/participant-app/package-lock.json#node_modules/is-async-function,MIT,MIT,mobile/participant-app/node_modules/is-async-function/LICENSE,"Copyright (c) 2021 Jordan Harband | The above copyright notice and this permission notice shall be included in all | COPYRIGHT HOLDERS BE LIABLE FOR ANY CLAIM, DAMAGES OR OTHER LIABILITY, WHETHER",Retain copyright and permission notice in distributions.,PASS_PERMISSIVE,True
npm,is-bigint,1.1.0,False,mobile/participant-app/package-lock.json#node_modules/is-bigint,MIT,MIT,mobile/participant-app/node_modules/is-bigint/LICENSE,"Copyright (c) 2018 Jordan Harband | The above copyright notice and this permission notice shall be included in all | AUTHORS OR COPYRIGHT HOLDERS BE LIABLE FOR ANY CLAIM, DAMAGES OR OTHER",Retain copyright and permission notice in distributions.,PASS_PERMISSIVE,True
npm,is-boolean-object,1.2.2,False,mobile/participant-app/package-lock.json#node_modules/is-boolean-object,MIT,MIT,mobile/participant-app/node_modules/is-boolean-object/LICENSE,"Copyright (c) 2015 Jordan Harband | The above copyright notice and this permission notice shall be included in all | AUTHORS OR COPYRIGHT HOLDERS BE LIABLE FOR ANY CLAIM, DAMAGES OR OTHER",Retain copyright and permission notice in distributions.,PASS_PERMISSIVE,True
npm,is-bun-module,2.0.0,False,mobile/participant-app/package-lock.json#node_modules/is-bun-module,MIT,MIT,mobile/participant-app/node_modules/is-bun-module/LICENSE,"Copyright (c) 2024 SunsetTechuila | The above copyright notice and this permission notice shall be included in all | COPYRIGHT HOLDERS BE LIABLE FOR ANY CLAIM, DAMAGES OR OTHER LIABILITY, WHETHER",Retain copyright and permission notice in distributions.,PASS_PERMISSIVE,True
npm,is-callable,1.2.7,False,mobile/participant-app/package-lock.json#node_modules/is-callable,MIT,MIT,mobile/participant-app/node_modules/is-callable/LICENSE,"Copyright (c) 2015 Jordan Harband | The above copyright notice and this permission notice shall be included in all | AUTHORS OR COPYRIGHT HOLDERS BE LIABLE FOR ANY CLAIM, DAMAGES OR OTHER",Retain copyright and permission notice in distributions.,PASS_PERMISSIVE,True
npm,is-core-module,2.16.2,False,mobile/participant-app/package-lock.json#node_modules/is-core-module,MIT,MIT,mobile/participant-app/node_modules/is-core-module/LICENSE,"Copyright (c) 2014 Dave Justice | The above copyright notice and this permission notice shall be included in all | COPYRIGHT HOLDERS BE LIABLE FOR ANY CLAIM, DAMAGES OR OTHER LIABILITY, WHETHER",Retain copyright and permission notice in distributions.,PASS_PERMISSIVE,True
npm,is-data-view,1.0.2,False,mobile/participant-app/package-lock.json#node_modules/is-data-view,MIT,MIT,mobile/participant-app/node_modules/is-data-view/LICENSE,"Copyright (c) 2024 Inspect JS | The above copyright notice and this permission notice shall be included in all | AUTHORS OR COPYRIGHT HOLDERS BE LIABLE FOR ANY CLAIM, DAMAGES OR OTHER",Retain copyright and permission notice in distributions.,PASS_PERMISSIVE,True
npm,is-date-object,1.1.0,False,mobile/participant-app/package-lock.json#node_modules/is-date-object,MIT,MIT,mobile/participant-app/node_modules/is-date-object/LICENSE,"Copyright (c) 2015 Jordan Harband | The above copyright notice and this permission notice shall be included in all | AUTHORS OR COPYRIGHT HOLDERS BE LIABLE FOR ANY CLAIM, DAMAGES OR OTHER",Retain copyright and permission notice in distributions.,PASS_PERMISSIVE,True
npm,is-docker,2.2.1,False,mobile/participant-app/package-lock.json#node_modules/is-docker,MIT,MIT,mobile/participant-app/node_modules/is-docker/license,"Copyright (c) Sindre Sorhus <sindresorhus@gmail.com> (https://sindresorhus.com) | The above copyright notice and this permission notice shall be included in all copies or substantial portions of the Software. | THE SOFTWARE IS PROVIDED ""AS IS"", WITHOUT WARRANTY OF ANY KIND, EXPRESS OR IMPLIED, INCLUDING BUT NOT LIMITED TO THE WARRANTIES OF MERCHANTABILITY, FITNESS FOR A PARTICULAR PURPOSE AND NONINFRINGEMENT. IN NO EVENT SHALL THE AUTHORS OR COPYRIGHT HOLDERS BE LIABLE FOR ANY CLAIM, DAMAGES OR OTHER LIABILITY, WHETHER IN AN ACTION OF CONTRACT, TORT OR OTHERWISE, ARISING FROM, OUT OF OR IN CONNECTION WITH THE SOFTWARE OR THE USE OR OTHER DEALINGS IN THE SOFTWARE.",Retain copyright and permission notice in distributions.,PASS_PERMISSIVE,True
npm,is-document.all,1.0.0,False,mobile/participant-app/package-lock.json#node_modules/is-document.all,MIT,MIT,mobile/participant-app/node_modules/is-document.all/LICENSE,"Copyright (c) 2026 Inspect JS | The above copyright notice and this permission notice shall be included in all | AUTHORS OR COPYRIGHT HOLDERS BE LIABLE FOR ANY CLAIM, DAMAGES OR OTHER",Retain copyright and permission notice in distributions.,PASS_PERMISSIVE,True
npm,is-extglob,2.1.1,False,mobile/participant-app/package-lock.json#node_modules/is-extglob,MIT,MIT,mobile/participant-app/node_modules/is-extglob/LICENSE,"Copyright (c) 2014-2016, Jon Schlinkert | The above copyright notice and this permission notice shall be included in | AUTHORS OR COPYRIGHT HOLDERS BE LIABLE FOR ANY CLAIM, DAMAGES OR OTHER",Retain copyright and permission notice in distributions.,PASS_PERMISSIVE,True
npm,is-finalizationregistry,1.1.1,False,mobile/participant-app/package-lock.json#node_modules/is-finalizationregistry,MIT,MIT,mobile/participant-app/node_modules/is-finalizationregistry/LICENSE,"Copyright (c) 2020 Inspect JS | The above copyright notice and this permission notice shall be included in all | AUTHORS OR COPYRIGHT HOLDERS BE LIABLE FOR ANY CLAIM, DAMAGES OR OTHER",Retain copyright and permission notice in distributions.,PASS_PERMISSIVE,True
npm,is-fullwidth-code-point,3.0.0,False,mobile/participant-app/package-lock.json#node_modules/is-fullwidth-code-point,MIT,MIT,mobile/participant-app/node_modules/is-fullwidth-code-point/license,"Copyright (c) Sindre Sorhus <sindresorhus@gmail.com> (sindresorhus.com) | The above copyright notice and this permission notice shall be included in all copies or substantial portions of the Software. | THE SOFTWARE IS PROVIDED ""AS IS"", WITHOUT WARRANTY OF ANY KIND, EXPRESS OR IMPLIED, INCLUDING BUT NOT LIMITED TO THE WARRANTIES OF MERCHANTABILITY, FITNESS FOR A PARTICULAR PURPOSE AND NONINFRINGEMENT. IN NO EVENT SHALL THE AUTHORS OR COPYRIGHT HOLDERS BE LIABLE FOR ANY CLAIM, DAMAGES OR OTHER LIABILITY, WHETHER IN AN ACTION OF CONTRACT, TORT OR OTHERWISE, ARISING FROM, OUT OF OR IN CONNECTION WITH THE SOFTWARE OR THE USE OR OTHER DEALINGS IN THE SOFTWARE.",Retain copyright and permission notice in distributions.,PASS_PERMISSIVE,True
npm,is-generator-fn,2.1.0,False,mobile/participant-app/package-lock.json#node_modules/is-generator-fn,MIT,MIT,mobile/participant-app/node_modules/is-generator-fn/license,"Copyright (c) Sindre Sorhus <sindresorhus@gmail.com> (sindresorhus.com) | The above copyright notice and this permission notice shall be included in all copies or substantial portions of the Software. | THE SOFTWARE IS PROVIDED ""AS IS"", WITHOUT WARRANTY OF ANY KIND, EXPRESS OR IMPLIED, INCLUDING BUT NOT LIMITED TO THE WARRANTIES OF MERCHANTABILITY, FITNESS FOR A PARTICULAR PURPOSE AND NONINFRINGEMENT. IN NO EVENT SHALL THE AUTHORS OR COPYRIGHT HOLDERS BE LIABLE FOR ANY CLAIM, DAMAGES OR OTHER LIABILITY, WHETHER IN AN ACTION OF CONTRACT, TORT OR OTHERWISE, ARISING FROM, OUT OF OR IN CONNECTION WITH THE SOFTWARE OR THE USE OR OTHER DEALINGS IN THE SOFTWARE.",Retain copyright and permission notice in distributions.,PASS_PERMISSIVE,True
npm,is-generator-function,1.1.2,False,mobile/participant-app/package-lock.json#node_modules/is-generator-function,MIT,MIT,mobile/participant-app/node_modules/is-generator-function/LICENSE,"Copyright (c) 2014 Jordan Harband | The above copyright notice and this permission notice shall be included in all | COPYRIGHT HOLDERS BE LIABLE FOR ANY CLAIM, DAMAGES OR OTHER LIABILITY, WHETHER",Retain copyright and permission notice in distributions.,PASS_PERMISSIVE,True
npm,is-glob,4.0.3,False,mobile/participant-app/package-lock.json#node_modules/is-glob,MIT,MIT,mobile/participant-app/node_modules/is-glob/LICENSE,"Copyright (c) 2014-2017, Jon Schlinkert. | The above copyright notice and this permission notice shall be included in | AUTHORS OR COPYRIGHT HOLDERS BE LIABLE FOR ANY CLAIM, DAMAGES OR OTHER",Retain copyright and permission notice in distributions.,PASS_PERMISSIVE,True
npm,is-map,2.0.3,False,mobile/participant-app/package-lock.json#node_modules/is-map,MIT,MIT,mobile/participant-app/node_modules/is-map/LICENSE,"Copyright (c) 2019 Inspect JS | The above copyright notice and this permission notice shall be included in all | AUTHORS OR COPYRIGHT HOLDERS BE LIABLE FOR ANY CLAIM, DAMAGES OR OTHER",Retain copyright and permission notice in distributions.,PASS_PERMISSIVE,True
npm,is-negative-zero,2.0.3,False,mobile/participant-app/package-lock.json#node_modules/is-negative-zero,MIT,MIT,mobile/participant-app/node_modules/is-negative-zero/LICENSE,"Copyright (c) 2014 Jordan Harband | The above copyright notice and this permission notice shall be included in all | COPYRIGHT HOLDERS BE LIABLE FOR ANY CLAIM, DAMAGES OR OTHER LIABILITY, WHETHER",Retain copyright and permission notice in distributions.,PASS_PERMISSIVE,True
npm,is-number,7.0.0,False,mobile/participant-app/package-lock.json#node_modules/is-number,MIT,MIT,mobile/participant-app/node_modules/is-number/LICENSE,"Copyright (c) 2014-present, Jon Schlinkert. | The above copyright notice and this permission notice shall be included in | AUTHORS OR COPYRIGHT HOLDERS BE LIABLE FOR ANY CLAIM, DAMAGES OR OTHER",Retain copyright and permission notice in distributions.,PASS_PERMISSIVE,True
npm,is-number-object,1.1.1,False,mobile/participant-app/package-lock.json#node_modules/is-number-object,MIT,MIT,mobile/participant-app/node_modules/is-number-object/LICENSE,"Copyright (c) 2015 Jordan Harband | The above copyright notice and this permission notice shall be included in all | AUTHORS OR COPYRIGHT HOLDERS BE LIABLE FOR ANY CLAIM, DAMAGES OR OTHER",Retain copyright and permission notice in distributions.,PASS_PERMISSIVE,True
npm,is-potential-custom-element-name,1.0.1,False,mobile/participant-app/package-lock.json#node_modules/is-potential-custom-element-name,MIT,MIT,mobile/participant-app/node_modules/is-potential-custom-element-name/LICENSE-MIT.txt,Copyright Mathias Bynens <https://mathiasbynens.be/> | The above copyright notice and this permission notice shall be | NONINFRINGEMENT. IN NO EVENT SHALL THE AUTHORS OR COPYRIGHT HOLDERS BE,Retain copyright and permission notice in distributions.,PASS_PERMISSIVE,True
npm,is-regex,1.2.1,False,mobile/participant-app/package-lock.json#node_modules/is-regex,MIT,MIT,mobile/participant-app/node_modules/is-regex/LICENSE,"Copyright (c) 2014 Jordan Harband | The above copyright notice and this permission notice shall be included in all | COPYRIGHT HOLDERS BE LIABLE FOR ANY CLAIM, DAMAGES OR OTHER LIABILITY, WHETHER",Retain copyright and permission notice in distributions.,PASS_PERMISSIVE,True
npm,is-set,2.0.3,False,mobile/participant-app/package-lock.json#node_modules/is-set,MIT,MIT,mobile/participant-app/node_modules/is-set/LICENSE,"Copyright (c) 2019 Inspect JS | The above copyright notice and this permission notice shall be included in all | AUTHORS OR COPYRIGHT HOLDERS BE LIABLE FOR ANY CLAIM, DAMAGES OR OTHER",Retain copyright and permission notice in distributions.,PASS_PERMISSIVE,True
npm,is-shared-array-buffer,1.0.4,False,mobile/participant-app/package-lock.json#node_modules/is-shared-array-buffer,MIT,MIT,mobile/participant-app/node_modules/is-shared-array-buffer/LICENSE,"Copyright (c) 2021 Inspect JS | The above copyright notice and this permission notice shall be included in all | AUTHORS OR COPYRIGHT HOLDERS BE LIABLE FOR ANY CLAIM, DAMAGES OR OTHER",Retain copyright and permission notice in distributions.,PASS_PERMISSIVE,True
npm,is-stream,2.0.1,False,mobile/participant-app/package-lock.json#node_modules/is-stream,MIT,MIT,mobile/participant-app/node_modules/is-stream/license,"Copyright (c) Sindre Sorhus <sindresorhus@gmail.com> (https://sindresorhus.com) | The above copyright notice and this permission notice shall be included in all copies or substantial portions of the Software. | THE SOFTWARE IS PROVIDED ""AS IS"", WITHOUT WARRANTY OF ANY KIND, EXPRESS OR IMPLIED, INCLUDING BUT NOT LIMITED TO THE WARRANTIES OF MERCHANTABILITY, FITNESS FOR A PARTICULAR PURPOSE AND NONINFRINGEMENT. IN NO EVENT SHALL THE AUTHORS OR COPYRIGHT HOLDERS BE LIABLE FOR ANY CLAIM, DAMAGES OR OTHER LIABILITY, WHETHER IN AN ACTION OF CONTRACT, TORT OR OTHERWISE, ARISING FROM, OUT OF OR IN CONNECTION WITH THE SOFTWARE OR THE USE OR OTHER DEALINGS IN THE SOFTWARE.",Retain copyright and permission notice in distributions.,PASS_PERMISSIVE,True
npm,is-string,1.1.1,False,mobile/participant-app/package-lock.json#node_modules/is-string,MIT,MIT,mobile/participant-app/node_modules/is-string/LICENSE,"Copyright (c) 2015 Jordan Harband | The above copyright notice and this permission notice shall be included in all | AUTHORS OR COPYRIGHT HOLDERS BE LIABLE FOR ANY CLAIM, DAMAGES OR OTHER",Retain copyright and permission notice in distributions.,PASS_PERMISSIVE,True
npm,is-symbol,1.1.1,False,mobile/participant-app/package-lock.json#node_modules/is-symbol,MIT,MIT,mobile/participant-app/node_modules/is-symbol/LICENSE,"Copyright (c) 2015 Jordan Harband | The above copyright notice and this permission notice shall be included in all | AUTHORS OR COPYRIGHT HOLDERS BE LIABLE FOR ANY CLAIM, DAMAGES OR OTHER",Retain copyright and permission notice in distributions.,PASS_PERMISSIVE,True
npm,is-typed-array,1.1.15,False,mobile/participant-app/package-lock.json#node_modules/is-typed-array,MIT,MIT,mobile/participant-app/node_modules/is-typed-array/LICENSE,"Copyright (c) 2015 Jordan Harband | The above copyright notice and this permission notice shall be included in all | AUTHORS OR COPYRIGHT HOLDERS BE LIABLE FOR ANY CLAIM, DAMAGES OR OTHER",Retain copyright and permission notice in distributions.,PASS_PERMISSIVE,True
npm,is-weakmap,2.0.2,False,mobile/participant-app/package-lock.json#node_modules/is-weakmap,MIT,MIT,mobile/participant-app/node_modules/is-weakmap/LICENSE,"Copyright (c) 2019 Inspect JS | The above copyright notice and this permission notice shall be included in all | AUTHORS OR COPYRIGHT HOLDERS BE LIABLE FOR ANY CLAIM, DAMAGES OR OTHER",Retain copyright and permission notice in distributions.,PASS_PERMISSIVE,True
npm,is-weakref,1.1.1,False,mobile/participant-app/package-lock.json#node_modules/is-weakref,MIT,MIT,mobile/participant-app/node_modules/is-weakref/LICENSE,"Copyright (c) 2020 Inspect JS | The above copyright notice and this permission notice shall be included in all | AUTHORS OR COPYRIGHT HOLDERS BE LIABLE FOR ANY CLAIM, DAMAGES OR OTHER",Retain copyright and permission notice in distributions.,PASS_PERMISSIVE,True
npm,is-weakset,2.0.4,False,mobile/participant-app/package-lock.json#node_modules/is-weakset,MIT,MIT,mobile/participant-app/node_modules/is-weakset/LICENSE,"Copyright (c) 2019 Inspect JS | The above copyright notice and this permission notice shall be included in all | AUTHORS OR COPYRIGHT HOLDERS BE LIABLE FOR ANY CLAIM, DAMAGES OR OTHER",Retain copyright and permission notice in distributions.,PASS_PERMISSIVE,True
npm,is-wsl,2.2.0,False,mobile/participant-app/package-lock.json#node_modules/is-wsl,MIT,MIT,mobile/participant-app/node_modules/is-wsl/license,"Copyright (c) Sindre Sorhus <sindresorhus@gmail.com> (sindresorhus.com) | The above copyright notice and this permission notice shall be included in all copies or substantial portions of the Software. | THE SOFTWARE IS PROVIDED ""AS IS"", WITHOUT WARRANTY OF ANY KIND, EXPRESS OR IMPLIED, INCLUDING BUT NOT LIMITED TO THE WARRANTIES OF MERCHANTABILITY, FITNESS FOR A PARTICULAR PURPOSE AND NONINFRINGEMENT. IN NO EVENT SHALL THE AUTHORS OR COPYRIGHT HOLDERS BE LIABLE FOR ANY CLAIM, DAMAGES OR OTHER LIABILITY, WHETHER IN AN ACTION OF CONTRACT, TORT OR OTHERWISE, ARISING FROM, OUT OF OR IN CONNECTION WITH THE SOFTWARE OR THE USE OR OTHER DEALINGS IN THE SOFTWARE.",Retain copyright and permission notice in distributions.,PASS_PERMISSIVE,True
npm,isarray,2.0.5,False,mobile/participant-app/package-lock.json#node_modules/isarray,MIT,MIT,mobile/participant-app/node_modules/isarray/LICENSE,"Copyright (c) 2013 Julian Gruber <julian@juliangruber.com> | The above copyright notice and this permission notice shall be included in all | AUTHORS OR COPYRIGHT HOLDERS BE LIABLE FOR ANY CLAIM, DAMAGES OR OTHER",Retain copyright and permission notice in distributions.,PASS_PERMISSIVE,True
npm,isexe,2.0.0,False,mobile/participant-app/package-lock.json#node_modules/isexe,ISC,ISC,mobile/participant-app/node_modules/isexe/LICENSE,Copyright (c) Isaac Z. Schlueter and Contributors | copyright notice and this permission notice appear in all copies.,Retain copyright and permission notice in distributions.,PASS_PERMISSIVE,True
npm,istanbul-lib-coverage,3.2.2,False,mobile/participant-app/package-lock.json#node_modules/istanbul-lib-coverage,BSD-3-Clause,BSD-3-Clause,mobile/participant-app/node_modules/istanbul-lib-coverage/LICENSE,"Copyright 2012-2015 Yahoo! Inc. | * Redistributions of source code must retain the above copyright | * Redistributions in binary form must reproduce the above copyright | THIS SOFTWARE IS PROVIDED BY THE COPYRIGHT HOLDERS AND CONTRIBUTORS ""AS IS"" AND","Retain copyright, conditions and disclaimer in source/binary distributions.",PASS_PERMISSIVE,True
npm,istanbul-lib-instrument,5.2.1,False,mobile/participant-app/package-lock.json#node_modules/istanbul-lib-instrument,BSD-3-Clause,BSD-3-Clause,mobile/participant-app/node_modules/istanbul-lib-instrument/LICENSE,"Copyright 2012-2015 Yahoo! Inc. | * Redistributions of source code must retain the above copyright | * Redistributions in binary form must reproduce the above copyright | THIS SOFTWARE IS PROVIDED BY THE COPYRIGHT HOLDERS AND CONTRIBUTORS ""AS IS"" AND","Retain copyright, conditions and disclaimer in source/binary distributions.",PASS_PERMISSIVE,True
npm,semver,6.3.1,False,mobile/participant-app/package-lock.json#node_modules/istanbul-lib-instrument/node_modules/semver,ISC,ISC,mobile/participant-app/node_modules/istanbul-lib-instrument/node_modules/semver/LICENSE,Copyright (c) Isaac Z. Schlueter and Contributors | copyright notice and this permission notice appear in all copies.,Retain copyright and permission notice in distributions.,PASS_PERMISSIVE,True
npm,istanbul-lib-report,3.0.1,False,mobile/participant-app/package-lock.json#node_modules/istanbul-lib-report,BSD-3-Clause,BSD-3-Clause,mobile/participant-app/node_modules/istanbul-lib-report/LICENSE,"Copyright 2012-2015 Yahoo! Inc. | * Redistributions of source code must retain the above copyright | * Redistributions in binary form must reproduce the above copyright | THIS SOFTWARE IS PROVIDED BY THE COPYRIGHT HOLDERS AND CONTRIBUTORS ""AS IS"" AND","Retain copyright, conditions and disclaimer in source/binary distributions.",PASS_PERMISSIVE,True
npm,istanbul-lib-source-maps,4.0.1,False,mobile/participant-app/package-lock.json#node_modules/istanbul-lib-source-maps,BSD-3-Clause,BSD-3-Clause,mobile/participant-app/node_modules/istanbul-lib-source-maps/LICENSE,"Copyright 2015 Yahoo! Inc. | * Redistributions of source code must retain the above copyright | * Redistributions in binary form must reproduce the above copyright | THIS SOFTWARE IS PROVIDED BY THE COPYRIGHT HOLDERS AND CONTRIBUTORS ""AS IS"" AND","Retain copyright, conditions and disclaimer in source/binary distributions.",PASS_PERMISSIVE,True
npm,source-map,0.6.1,False,mobile/participant-app/package-lock.json#node_modules/istanbul-lib-source-maps/node_modules/source-map,BSD-3-Clause,BSD-3-Clause,mobile/participant-app/node_modules/istanbul-lib-source-maps/node_modules/source-map/LICENSE,"Copyright (c) 2009-2011, Mozilla Foundation and contributors | * Redistributions of source code must retain the above copyright notice, this | * Redistributions in binary form must reproduce the above copyright notice, | THIS SOFTWARE IS PROVIDED BY THE COPYRIGHT HOLDERS AND CONTRIBUTORS ""AS IS"" AND | DISCLAIMED. IN NO EVENT SHALL THE COPYRIGHT HOLDER OR CONTRIBUTORS BE LIABLE","Retain copyright, conditions and disclaimer in source/binary distributions.",PASS_PERMISSIVE,True
npm,istanbul-reports,3.2.0,False,mobile/participant-app/package-lock.json#node_modules/istanbul-reports,BSD-3-Clause,BSD-3-Clause,mobile/participant-app/node_modules/istanbul-reports/LICENSE,"Copyright 2012-2015 Yahoo! Inc. | * Redistributions of source code must retain the above copyright | * Redistributions in binary form must reproduce the above copyright | THIS SOFTWARE IS PROVIDED BY THE COPYRIGHT HOLDERS AND CONTRIBUTORS ""AS IS"" AND","Retain copyright, conditions and disclaimer in source/binary distributions.",PASS_PERMISSIVE,True
npm,iterator.prototype,1.1.5,False,mobile/participant-app/package-lock.json#node_modules/iterator.prototype,MIT,MIT,mobile/participant-app/node_modules/iterator.prototype/LICENSE,"Copyright (c) 2022 Jordan Harband | The above copyright notice and this permission notice shall be included in all | AUTHORS OR COPYRIGHT HOLDERS BE LIABLE FOR ANY CLAIM, DAMAGES OR OTHER",Retain copyright and permission notice in distributions.,PASS_PERMISSIVE,True
npm,jest,29.7.0,True,mobile/participant-app/package-lock.json#node_modules/jest,MIT,MIT,mobile/participant-app/node_modules/jest/LICENSE,"Copyright (c) Meta Platforms, Inc. and affiliates. | The above copyright notice and this permission notice shall be included in all | AUTHORS OR COPYRIGHT HOLDERS BE LIABLE FOR ANY CLAIM, DAMAGES OR OTHER",Retain copyright and permission notice in distributions.,PASS_PERMISSIVE,True
npm,jest-changed-files,29.7.0,False,mobile/participant-app/package-lock.json#node_modules/jest-changed-files,MIT,MIT,mobile/participant-app/node_modules/jest-changed-files/LICENSE,"Copyright (c) Meta Platforms, Inc. and affiliates. | The above copyright notice and this permission notice shall be included in all | AUTHORS OR COPYRIGHT HOLDERS BE LIABLE FOR ANY CLAIM, DAMAGES OR OTHER",Retain copyright and permission notice in distributions.,PASS_PERMISSIVE,True
npm,jest-circus,29.7.0,False,mobile/participant-app/package-lock.json#node_modules/jest-circus,MIT,MIT,mobile/participant-app/node_modules/jest-circus/LICENSE,"Copyright (c) Meta Platforms, Inc. and affiliates. | The above copyright notice and this permission notice shall be included in all | AUTHORS OR COPYRIGHT HOLDERS BE LIABLE FOR ANY CLAIM, DAMAGES OR OTHER",Retain copyright and permission notice in distributions.,PASS_PERMISSIVE,True
npm,jest-diff,29.7.0,False,mobile/participant-app/package-lock.json#node_modules/jest-circus/node_modules/jest-diff,MIT,MIT,mobile/participant-app/node_modules/jest-circus/node_modules/jest-diff/LICENSE,"Copyright (c) Meta Platforms, Inc. and affiliates. | The above copyright notice and this permission notice shall be included in all | AUTHORS OR COPYRIGHT HOLDERS BE LIABLE FOR ANY CLAIM, DAMAGES OR OTHER",Retain copyright and permission notice in distributions.,PASS_PERMISSIVE,True
npm,jest-matcher-utils,29.7.0,False,mobile/participant-app/package-lock.json#node_modules/jest-circus/node_modules/jest-matcher-utils,MIT,MIT,mobile/participant-app/node_modules/jest-circus/node_modules/jest-matcher-utils/LICENSE,"Copyright (c) Meta Platforms, Inc. and affiliates. | The above copyright notice and this permission notice shall be included in all | AUTHORS OR COPYRIGHT HOLDERS BE LIABLE FOR ANY CLAIM, DAMAGES OR OTHER",Retain copyright and permission notice in distributions.,PASS_PERMISSIVE,True
npm,jest-cli,29.7.0,False,mobile/participant-app/package-lock.json#node_modules/jest-cli,MIT,MIT,mobile/participant-app/node_modules/jest-cli/LICENSE,"Copyright (c) Meta Platforms, Inc. and affiliates. | The above copyright notice and this permission notice shall be included in all | AUTHORS OR COPYRIGHT HOLDERS BE LIABLE FOR ANY CLAIM, DAMAGES OR OTHER",Retain copyright and permission notice in distributions.,PASS_PERMISSIVE,True
npm,jest-config,29.7.0,False,mobile/participant-app/package-lock.json#node_modules/jest-config,MIT,MIT,mobile/participant-app/node_modules/jest-config/LICENSE,"Copyright (c) Meta Platforms, Inc. and affiliates. | The above copyright notice and this permission notice shall be included in all | AUTHORS OR COPYRIGHT HOLDERS BE LIABLE FOR ANY CLAIM, DAMAGES OR OTHER",Retain copyright and permission notice in distributions.,PASS_PERMISSIVE,True
npm,balanced-match,1.0.2,False,mobile/participant-app/package-lock.json#node_modules/jest-config/node_modules/balanced-match,MIT,MIT,mobile/participant-app/node_modules/jest-config/node_modules/balanced-match/LICENSE.md,"Copyright (c) 2013 Julian Gruber &lt;julian@juliangruber.com&gt; | The above copyright notice and this permission notice shall be included in all | AUTHORS OR COPYRIGHT HOLDERS BE LIABLE FOR ANY CLAIM, DAMAGES OR OTHER",Retain copyright and permission notice in distributions.,PASS_PERMISSIVE,True
npm,brace-expansion,1.1.18,False,mobile/participant-app/package-lock.json#node_modules/jest-config/node_modules/brace-expansion,MIT,MIT,mobile/participant-app/node_modules/jest-config/node_modules/brace-expansion/LICENSE,"Copyright (c) 2013 Julian Gruber <julian@juliangruber.com> | The above copyright notice and this permission notice shall be included in all | AUTHORS OR COPYRIGHT HOLDERS BE LIABLE FOR ANY CLAIM, DAMAGES OR OTHER",Retain copyright and permission notice in distributions.,PASS_PERMISSIVE,True
npm,ci-info,3.9.0,False,mobile/participant-app/package-lock.json#node_modules/jest-config/node_modules/ci-info,MIT,MIT,mobile/participant-app/node_modules/jest-config/node_modules/ci-info/LICENSE,"Copyright (c) 2016 Thomas Watson Steen | The above copyright notice and this permission notice shall be included in all | AUTHORS OR COPYRIGHT HOLDERS BE LIABLE FOR ANY CLAIM, DAMAGES OR OTHER",Retain copyright and permission notice in distributions.,PASS_PERMISSIVE,True
npm,glob,7.2.3,False,mobile/participant-app/package-lock.json#node_modules/jest-config/node_modules/glob,ISC,ISC,mobile/participant-app/node_modules/jest-config/node_modules/glob/LICENSE,Copyright (c) Isaac Z. Schlueter and Contributors | copyright notice and this permission notice appear in all copies.,Retain copyright and permission notice in distributions.,PASS_PERMISSIVE,True
npm,minimatch,3.1.5,False,mobile/participant-app/package-lock.json#node_modules/jest-config/node_modules/minimatch,ISC,ISC,mobile/participant-app/node_modules/jest-config/node_modules/minimatch/LICENSE,Copyright (c) Isaac Z. Schlueter and Contributors | copyright notice and this permission notice appear in all copies.,Retain copyright and permission notice in distributions.,PASS_PERMISSIVE,True
npm,jest-diff,30.4.1,False,mobile/participant-app/package-lock.json#node_modules/jest-diff,MIT,MIT,mobile/participant-app/node_modules/jest-diff/LICENSE,"Copyright (c) Meta Platforms, Inc. and affiliates. | Copyright Contributors to the Jest project. | The above copyright notice and this permission notice shall be included in all | AUTHORS OR COPYRIGHT HOLDERS BE LIABLE FOR ANY CLAIM, DAMAGES OR OTHER",Retain copyright and permission notice in distributions.,PASS_PERMISSIVE,True
npm,@jest/schemas,30.4.1,False,mobile/participant-app/package-lock.json#node_modules/jest-diff/node_modules/@jest/schemas,MIT,MIT,mobile/participant-app/node_modules/jest-diff/node_modules/@jest/schemas/LICENSE,"Copyright (c) Meta Platforms, Inc. and affiliates. | Copyright Contributors to the Jest project. | The above copyright notice and this permission notice shall be included in all | AUTHORS OR COPYRIGHT HOLDERS BE LIABLE FOR ANY CLAIM, DAMAGES OR OTHER",Retain copyright and permission notice in distributions.,PASS_PERMISSIVE,True
npm,@sinclair/typebox,0.34.52,False,mobile/participant-app/package-lock.json#node_modules/jest-diff/node_modules/@sinclair/typebox,MIT,MIT,mobile/participant-app/node_modules/jest-diff/node_modules/@sinclair/typebox/license,"Copyright (c) 2017-2026 Haydn Paterson | The above copyright notice and this permission notice shall be included in | AUTHORS OR COPYRIGHT HOLDERS BE LIABLE FOR ANY CLAIM, DAMAGES OR OTHER",Retain copyright and permission notice in distributions.,PASS_PERMISSIVE,True
npm,ansi-styles,5.2.0,False,mobile/participant-app/package-lock.json#node_modules/jest-diff/node_modules/ansi-styles,MIT,MIT,mobile/participant-app/node_modules/jest-diff/node_modules/ansi-styles/license,"Copyright (c) Sindre Sorhus <sindresorhus@gmail.com> (sindresorhus.com) | The above copyright notice and this permission notice shall be included in all copies or substantial portions of the Software. | THE SOFTWARE IS PROVIDED ""AS IS"", WITHOUT WARRANTY OF ANY KIND, EXPRESS OR IMPLIED, INCLUDING BUT NOT LIMITED TO THE WARRANTIES OF MERCHANTABILITY, FITNESS FOR A PARTICULAR PURPOSE AND NONINFRINGEMENT. IN NO EVENT SHALL THE AUTHORS OR COPYRIGHT HOLDERS BE LIABLE FOR ANY CLAIM, DAMAGES OR OTHER LIABILITY, WHETHER IN AN ACTION OF CONTRACT, TORT OR OTHERWISE, ARISING FROM, OUT OF OR IN CONNECTION WITH THE SOFTWARE OR THE USE OR OTHER DEALINGS IN THE SOFTWARE.",Retain copyright and permission notice in distributions.,PASS_PERMISSIVE,True
npm,pretty-format,30.4.1,False,mobile/participant-app/package-lock.json#node_modules/jest-diff/node_modules/pretty-format,MIT,MIT,mobile/participant-app/node_modules/jest-diff/node_modules/pretty-format/LICENSE,"Copyright (c) Meta Platforms, Inc. and affiliates. | Copyright Contributors to the Jest project. | The above copyright notice and this permission notice shall be included in all | AUTHORS OR COPYRIGHT HOLDERS BE LIABLE FOR ANY CLAIM, DAMAGES OR OTHER",Retain copyright and permission notice in distributions.,PASS_PERMISSIVE,True
npm,jest-docblock,29.7.0,False,mobile/participant-app/package-lock.json#node_modules/jest-docblock,MIT,MIT,mobile/participant-app/node_modules/jest-docblock/LICENSE,"Copyright (c) Meta Platforms, Inc. and affiliates. | The above copyright notice and this permission notice shall be included in all | AUTHORS OR COPYRIGHT HOLDERS BE LIABLE FOR ANY CLAIM, DAMAGES OR OTHER",Retain copyright and permission notice in distributions.,PASS_PERMISSIVE,True
npm,jest-each,29.7.0,False,mobile/participant-app/package-lock.json#node_modules/jest-each,MIT,MIT,mobile/participant-app/node_modules/jest-each/LICENSE,"Copyright (c) Meta Platforms, Inc. and affiliates. | The above copyright notice and this permission notice shall be included in all | AUTHORS OR COPYRIGHT HOLDERS BE LIABLE FOR ANY CLAIM, DAMAGES OR OTHER",Retain copyright and permission notice in distributions.,PASS_PERMISSIVE,True
npm,jest-environment-jsdom,29.7.0,False,mobile/participant-app/package-lock.json#node_modules/jest-environment-jsdom,MIT,MIT,mobile/participant-app/node_modules/jest-environment-jsdom/LICENSE,"Copyright (c) Meta Platforms, Inc. and affiliates. | The above copyright notice and this permission notice shall be included in all | AUTHORS OR COPYRIGHT HOLDERS BE LIABLE FOR ANY CLAIM, DAMAGES OR OTHER",Retain copyright and permission notice in distributions.,PASS_PERMISSIVE,True
npm,jest-environment-node,29.7.0,False,mobile/participant-app/package-lock.json#node_modules/jest-environment-node,MIT,MIT,mobile/participant-app/node_modules/jest-environment-node/LICENSE,"Copyright (c) Meta Platforms, Inc. and affiliates. | The above copyright notice and this permission notice shall be included in all | AUTHORS OR COPYRIGHT HOLDERS BE LIABLE FOR ANY CLAIM, DAMAGES OR OTHER",Retain copyright and permission notice in distributions.,PASS_PERMISSIVE,True
npm,jest-expo,57.0.3,True,mobile/participant-app/package-lock.json#node_modules/jest-expo,MIT,MIT,mobile/participant-app/node_modules/jest-expo/LICENSE,"Copyright (c) 2015-present 650 Industries, Inc. (aka Expo) | The above copyright notice and this permission notice shall be included in all | AUTHORS OR COPYRIGHT HOLDERS BE LIABLE FOR ANY CLAIM, DAMAGES OR OTHER",Retain copyright and permission notice in distributions.,PASS_PERMISSIVE,True
npm,ansi-regex,6.2.2,False,mobile/participant-app/package-lock.json#node_modules/jest-expo/node_modules/ansi-regex,MIT,MIT,mobile/participant-app/node_modules/jest-expo/node_modules/ansi-regex/license,"Copyright (c) Sindre Sorhus <sindresorhus@gmail.com> (https://sindresorhus.com) | The above copyright notice and this permission notice shall be included in all copies or substantial portions of the Software. | THE SOFTWARE IS PROVIDED ""AS IS"", WITHOUT WARRANTY OF ANY KIND, EXPRESS OR IMPLIED, INCLUDING BUT NOT LIMITED TO THE WARRANTIES OF MERCHANTABILITY, FITNESS FOR A PARTICULAR PURPOSE AND NONINFRINGEMENT. IN NO EVENT SHALL THE AUTHORS OR COPYRIGHT HOLDERS BE LIABLE FOR ANY CLAIM, DAMAGES OR OTHER LIABILITY, WHETHER IN AN ACTION OF CONTRACT, TORT OR OTHERWISE, ARISING FROM, OUT OF OR IN CONNECTION WITH THE SOFTWARE OR THE USE OR OTHER DEALINGS IN THE SOFTWARE.",Retain copyright and permission notice in distributions.,PASS_PERMISSIVE,True
npm,char-regex,2.0.2,False,mobile/participant-app/package-lock.json#node_modules/jest-expo/node_modules/char-regex,MIT,MIT,mobile/participant-app/node_modules/jest-expo/node_modules/char-regex/license,"Copyright (c) 2020 - 2024 Richie Bendall | The above copyright notice and this permission notice shall be included in all | AUTHORS OR COPYRIGHT HOLDERS BE LIABLE FOR ANY CLAIM, DAMAGES OR OTHER",Retain copyright and permission notice in distributions.,PASS_PERMISSIVE,True
npm,jest-watch-typeahead,2.2.1,False,mobile/participant-app/package-lock.json#node_modules/jest-expo/node_modules/jest-watch-typeahead,MIT,MIT,mobile/participant-app/node_modules/jest-expo/node_modules/jest-watch-typeahead/LICENSE,"Copyright (c) 2018 Rogelio Guzman | The above copyright notice and this permission notice shall be included in all | AUTHORS OR COPYRIGHT HOLDERS BE LIABLE FOR ANY CLAIM, DAMAGES OR OTHER",Retain copyright and permission notice in distributions.,PASS_PERMISSIVE,True
npm,ansi-escapes,6.2.1,False,mobile/participant-app/package-lock.json#node_modules/jest-expo/node_modules/jest-watch-typeahead/node_modules/ansi-escapes,MIT,MIT,mobile/participant-app/node_modules/jest-expo/node_modules/jest-watch-typeahead/node_modules/ansi-escapes/license,"Copyright (c) Sindre Sorhus <sindresorhus@gmail.com> (https://sindresorhus.com) | The above copyright notice and this permission notice shall be included in all copies or substantial portions of the Software. | THE SOFTWARE IS PROVIDED ""AS IS"", WITHOUT WARRANTY OF ANY KIND, EXPRESS OR IMPLIED, INCLUDING BUT NOT LIMITED TO THE WARRANTIES OF MERCHANTABILITY, FITNESS FOR A PARTICULAR PURPOSE AND NONINFRINGEMENT. IN NO EVENT SHALL THE AUTHORS OR COPYRIGHT HOLDERS BE LIABLE FOR ANY CLAIM, DAMAGES OR OTHER LIABILITY, WHETHER IN AN ACTION OF CONTRACT, TORT OR OTHERWISE, ARISING FROM, OUT OF OR IN CONNECTION WITH THE SOFTWARE OR THE USE OR OTHER DEALINGS IN THE SOFTWARE.",Retain copyright and permission notice in distributions.,PASS_PERMISSIVE,True
npm,slash,5.1.0,False,mobile/participant-app/package-lock.json#node_modules/jest-expo/node_modules/jest-watch-typeahead/node_modules/slash,MIT,MIT,mobile/participant-app/node_modules/jest-expo/node_modules/jest-watch-typeahead/node_modules/slash/license,"Copyright (c) Sindre Sorhus <sindresorhus@gmail.com> (https://sindresorhus.com) | The above copyright notice and this permission notice shall be included in all copies or substantial portions of the Software. | THE SOFTWARE IS PROVIDED ""AS IS"", WITHOUT WARRANTY OF ANY KIND, EXPRESS OR IMPLIED, INCLUDING BUT NOT LIMITED TO THE WARRANTIES OF MERCHANTABILITY, FITNESS FOR A PARTICULAR PURPOSE AND NONINFRINGEMENT. IN NO EVENT SHALL THE AUTHORS OR COPYRIGHT HOLDERS BE LIABLE FOR ANY CLAIM, DAMAGES OR OTHER LIABILITY, WHETHER IN AN ACTION OF CONTRACT, TORT OR OTHERWISE, ARISING FROM, OUT OF OR IN CONNECTION WITH THE SOFTWARE OR THE USE OR OTHER DEALINGS IN THE SOFTWARE.",Retain copyright and permission notice in distributions.,PASS_PERMISSIVE,True
npm,string-length,5.0.1,False,mobile/participant-app/package-lock.json#node_modules/jest-expo/node_modules/jest-watch-typeahead/node_modules/string-length,MIT,MIT,mobile/participant-app/node_modules/jest-expo/node_modules/jest-watch-typeahead/node_modules/string-length/license,"Copyright (c) Sindre Sorhus <sindresorhus@gmail.com> (https://sindresorhus.com) | The above copyright notice and this permission notice shall be included in all copies or substantial portions of the Software. | THE SOFTWARE IS PROVIDED ""AS IS"", WITHOUT WARRANTY OF ANY KIND, EXPRESS OR IMPLIED, INCLUDING BUT NOT LIMITED TO THE WARRANTIES OF MERCHANTABILITY, FITNESS FOR A PARTICULAR PURPOSE AND NONINFRINGEMENT. IN NO EVENT SHALL THE AUTHORS OR COPYRIGHT HOLDERS BE LIABLE FOR ANY CLAIM, DAMAGES OR OTHER LIABILITY, WHETHER IN AN ACTION OF CONTRACT, TORT OR OTHERWISE, ARISING FROM, OUT OF OR IN CONNECTION WITH THE SOFTWARE OR THE USE OR OTHER DEALINGS IN THE SOFTWARE.",Retain copyright and permission notice in distributions.,PASS_PERMISSIVE,True
npm,strip-ansi,7.2.0,False,mobile/participant-app/package-lock.json#node_modules/jest-expo/node_modules/jest-watch-typeahead/node_modules/strip-ansi,MIT,MIT,mobile/participant-app/node_modules/jest-expo/node_modules/jest-watch-typeahead/node_modules/strip-ansi/license,"Copyright (c) Sindre Sorhus <sindresorhus@gmail.com> (https://sindresorhus.com) | The above copyright notice and this permission notice shall be included in all copies or substantial portions of the Software. | THE SOFTWARE IS PROVIDED ""AS IS"", WITHOUT WARRANTY OF ANY KIND, EXPRESS OR IMPLIED, INCLUDING BUT NOT LIMITED TO THE WARRANTIES OF MERCHANTABILITY, FITNESS FOR A PARTICULAR PURPOSE AND NONINFRINGEMENT. IN NO EVENT SHALL THE AUTHORS OR COPYRIGHT HOLDERS BE LIABLE FOR ANY CLAIM, DAMAGES OR OTHER LIABILITY, WHETHER IN AN ACTION OF CONTRACT, TORT OR OTHERWISE, ARISING FROM, OUT OF OR IN CONNECTION WITH THE SOFTWARE OR THE USE OR OTHER DEALINGS IN THE SOFTWARE.",Retain copyright and permission notice in distributions.,PASS_PERMISSIVE,True
npm,react-is,19.2.8,False,mobile/participant-app/package-lock.json#node_modules/jest-expo/node_modules/react-is,MIT,MIT,mobile/participant-app/node_modules/jest-expo/node_modules/react-is/LICENSE,"Copyright (c) Meta Platforms, Inc. and affiliates. | The above copyright notice and this permission notice shall be included in all | AUTHORS OR COPYRIGHT HOLDERS BE LIABLE FOR ANY CLAIM, DAMAGES OR OTHER",Retain copyright and permission notice in distributions.,PASS_PERMISSIVE,True
npm,react-test-renderer,19.2.3,True,mobile/participant-app/package-lock.json#node_modules/jest-expo/node_modules/react-test-renderer,MIT,MIT,mobile/participant-app/node_modules/jest-expo/node_modules/react-test-renderer/LICENSE,"Copyright (c) Meta Platforms, Inc. and affiliates. | The above copyright notice and this permission notice shall be included in all | AUTHORS OR COPYRIGHT HOLDERS BE LIABLE FOR ANY CLAIM, DAMAGES OR OTHER",Retain copyright and permission notice in distributions.,PASS_PERMISSIVE,True
npm,jest-get-type,29.6.3,False,mobile/participant-app/package-lock.json#node_modules/jest-get-type,MIT,MIT,mobile/participant-app/node_modules/jest-get-type/LICENSE,"Copyright (c) Meta Platforms, Inc. and affiliates. | The above copyright notice and this permission notice shall be included in all | AUTHORS OR COPYRIGHT HOLDERS BE LIABLE FOR ANY CLAIM, DAMAGES OR OTHER",Retain copyright and permission notice in distributions.,PASS_PERMISSIVE,True
npm,jest-haste-map,29.7.0,False,mobile/participant-app/package-lock.json#node_modules/jest-haste-map,MIT,MIT,mobile/participant-app/node_modules/jest-haste-map/LICENSE,"Copyright (c) Meta Platforms, Inc. and affiliates. | The above copyright notice and this permission notice shall be included in all | AUTHORS OR COPYRIGHT HOLDERS BE LIABLE FOR ANY CLAIM, DAMAGES OR OTHER",Retain copyright and permission notice in distributions.,PASS_PERMISSIVE,True
npm,jest-leak-detector,29.7.0,False,mobile/participant-app/package-lock.json#node_modules/jest-leak-detector,MIT,MIT,mobile/participant-app/node_modules/jest-leak-detector/LICENSE,"Copyright (c) Meta Platforms, Inc. and affiliates. | The above copyright notice and this permission notice shall be included in all | AUTHORS OR COPYRIGHT HOLDERS BE LIABLE FOR ANY CLAIM, DAMAGES OR OTHER",Retain copyright and permission notice in distributions.,PASS_PERMISSIVE,True
npm,jest-matcher-utils,30.4.1,False,mobile/participant-app/package-lock.json#node_modules/jest-matcher-utils,MIT,MIT,mobile/participant-app/node_modules/jest-matcher-utils/LICENSE,"Copyright (c) Meta Platforms, Inc. and affiliates. | Copyright Contributors to the Jest project. | The above copyright notice and this permission notice shall be included in all | AUTHORS OR COPYRIGHT HOLDERS BE LIABLE FOR ANY CLAIM, DAMAGES OR OTHER",Retain copyright and permission notice in distributions.,PASS_PERMISSIVE,True
npm,@jest/schemas,30.4.1,False,mobile/participant-app/package-lock.json#node_modules/jest-matcher-utils/node_modules/@jest/schemas,MIT,MIT,mobile/participant-app/node_modules/jest-matcher-utils/node_modules/@jest/schemas/LICENSE,"Copyright (c) Meta Platforms, Inc. and affiliates. | Copyright Contributors to the Jest project. | The above copyright notice and this permission notice shall be included in all | AUTHORS OR COPYRIGHT HOLDERS BE LIABLE FOR ANY CLAIM, DAMAGES OR OTHER",Retain copyright and permission notice in distributions.,PASS_PERMISSIVE,True
npm,@sinclair/typebox,0.34.52,False,mobile/participant-app/package-lock.json#node_modules/jest-matcher-utils/node_modules/@sinclair/typebox,MIT,MIT,mobile/participant-app/node_modules/jest-matcher-utils/node_modules/@sinclair/typebox/license,"Copyright (c) 2017-2026 Haydn Paterson | The above copyright notice and this permission notice shall be included in | AUTHORS OR COPYRIGHT HOLDERS BE LIABLE FOR ANY CLAIM, DAMAGES OR OTHER",Retain copyright and permission notice in distributions.,PASS_PERMISSIVE,True
npm,ansi-styles,5.2.0,False,mobile/participant-app/package-lock.json#node_modules/jest-matcher-utils/node_modules/ansi-styles,MIT,MIT,mobile/participant-app/node_modules/jest-matcher-utils/node_modules/ansi-styles/license,"Copyright (c) Sindre Sorhus <sindresorhus@gmail.com> (sindresorhus.com) | The above copyright notice and this permission notice shall be included in all copies or substantial portions of the Software. | THE SOFTWARE IS PROVIDED ""AS IS"", WITHOUT WARRANTY OF ANY KIND, EXPRESS OR IMPLIED, INCLUDING BUT NOT LIMITED TO THE WARRANTIES OF MERCHANTABILITY, FITNESS FOR A PARTICULAR PURPOSE AND NONINFRINGEMENT. IN NO EVENT SHALL THE AUTHORS OR COPYRIGHT HOLDERS BE LIABLE FOR ANY CLAIM, DAMAGES OR OTHER LIABILITY, WHETHER IN AN ACTION OF CONTRACT, TORT OR OTHERWISE, ARISING FROM, OUT OF OR IN CONNECTION WITH THE SOFTWARE OR THE USE OR OTHER DEALINGS IN THE SOFTWARE.",Retain copyright and permission notice in distributions.,PASS_PERMISSIVE,True
npm,pretty-format,30.4.1,False,mobile/participant-app/package-lock.json#node_modules/jest-matcher-utils/node_modules/pretty-format,MIT,MIT,mobile/participant-app/node_modules/jest-matcher-utils/node_modules/pretty-format/LICENSE,"Copyright (c) Meta Platforms, Inc. and affiliates. | Copyright Contributors to the Jest project. | The above copyright notice and this permission notice shall be included in all | AUTHORS OR COPYRIGHT HOLDERS BE LIABLE FOR ANY CLAIM, DAMAGES OR OTHER",Retain copyright and permission notice in distributions.,PASS_PERMISSIVE,True
npm,jest-message-util,29.7.0,False,mobile/participant-app/package-lock.json#node_modules/jest-message-util,MIT,MIT,mobile/participant-app/node_modules/jest-message-util/LICENSE,"Copyright (c) Meta Platforms, Inc. and affiliates. | The above copyright notice and this permission notice shall be included in all | AUTHORS OR COPYRIGHT HOLDERS BE LIABLE FOR ANY CLAIM, DAMAGES OR OTHER",Retain copyright and permission notice in distributions.,PASS_PERMISSIVE,True
npm,jest-mock,29.7.0,False,mobile/participant-app/package-lock.json#node_modules/jest-mock,MIT,MIT,mobile/participant-app/node_modules/jest-mock/LICENSE,"Copyright (c) Meta Platforms, Inc. and affiliates. | The above copyright notice and this permission notice shall be included in all | AUTHORS OR COPYRIGHT HOLDERS BE LIABLE FOR ANY CLAIM, DAMAGES OR OTHER",Retain copyright and permission notice in distributions.,PASS_PERMISSIVE,True
npm,jest-pnp-resolver,1.2.3,False,mobile/participant-app/package-lock.json#node_modules/jest-pnp-resolver,MIT,MIT,metadata only,Not collected; preserve upstream package notice before distribution.,Retain copyright and permission notice in distributions.,PASS_PERMISSIVE,False
npm,jest-regex-util,29.6.3,False,mobile/participant-app/package-lock.json#node_modules/jest-regex-util,MIT,MIT,mobile/participant-app/node_modules/jest-regex-util/LICENSE,"Copyright (c) Meta Platforms, Inc. and affiliates. | The above copyright notice and this permission notice shall be included in all | AUTHORS OR COPYRIGHT HOLDERS BE LIABLE FOR ANY CLAIM, DAMAGES OR OTHER",Retain copyright and permission notice in distributions.,PASS_PERMISSIVE,True
npm,jest-resolve,29.7.0,False,mobile/participant-app/package-lock.json#node_modules/jest-resolve,MIT,MIT,mobile/participant-app/node_modules/jest-resolve/LICENSE,"Copyright (c) Meta Platforms, Inc. and affiliates. | The above copyright notice and this permission notice shall be included in all | AUTHORS OR COPYRIGHT HOLDERS BE LIABLE FOR ANY CLAIM, DAMAGES OR OTHER",Retain copyright and permission notice in distributions.,PASS_PERMISSIVE,True
npm,jest-resolve-dependencies,29.7.0,False,mobile/participant-app/package-lock.json#node_modules/jest-resolve-dependencies,MIT,MIT,mobile/participant-app/node_modules/jest-resolve-dependencies/LICENSE,"Copyright (c) Meta Platforms, Inc. and affiliates. | The above copyright notice and this permission notice shall be included in all | AUTHORS OR COPYRIGHT HOLDERS BE LIABLE FOR ANY CLAIM, DAMAGES OR OTHER",Retain copyright and permission notice in distributions.,PASS_PERMISSIVE,True
npm,jest-runner,29.7.0,False,mobile/participant-app/package-lock.json#node_modules/jest-runner,MIT,MIT,mobile/participant-app/node_modules/jest-runner/LICENSE,"Copyright (c) Meta Platforms, Inc. and affiliates. | The above copyright notice and this permission notice shall be included in all | AUTHORS OR COPYRIGHT HOLDERS BE LIABLE FOR ANY CLAIM, DAMAGES OR OTHER",Retain copyright and permission notice in distributions.,PASS_PERMISSIVE,True
npm,source-map,0.6.1,False,mobile/participant-app/package-lock.json#node_modules/jest-runner/node_modules/source-map,BSD-3-Clause,BSD-3-Clause,mobile/participant-app/node_modules/jest-runner/node_modules/source-map/LICENSE,"Copyright (c) 2009-2011, Mozilla Foundation and contributors | * Redistributions of source code must retain the above copyright notice, this | * Redistributions in binary form must reproduce the above copyright notice, | THIS SOFTWARE IS PROVIDED BY THE COPYRIGHT HOLDERS AND CONTRIBUTORS ""AS IS"" AND | DISCLAIMED. IN NO EVENT SHALL THE COPYRIGHT HOLDER OR CONTRIBUTORS BE LIABLE","Retain copyright, conditions and disclaimer in source/binary distributions.",PASS_PERMISSIVE,True
npm,source-map-support,0.5.13,False,mobile/participant-app/package-lock.json#node_modules/jest-runner/node_modules/source-map-support,MIT,MIT,mobile/participant-app/node_modules/jest-runner/node_modules/source-map-support/LICENSE.md,"Copyright (c) 2014 Evan Wallace | The above copyright notice and this permission notice shall be included in all | AUTHORS OR COPYRIGHT HOLDERS BE LIABLE FOR ANY CLAIM, DAMAGES OR OTHER",Retain copyright and permission notice in distributions.,PASS_PERMISSIVE,True
npm,jest-runtime,29.7.0,False,mobile/participant-app/package-lock.json#node_modules/jest-runtime,MIT,MIT,mobile/participant-app/node_modules/jest-runtime/LICENSE,"Copyright (c) Meta Platforms, Inc. and affiliates. | The above copyright notice and this permission notice shall be included in all | AUTHORS OR COPYRIGHT HOLDERS BE LIABLE FOR ANY CLAIM, DAMAGES OR OTHER",Retain copyright and permission notice in distributions.,PASS_PERMISSIVE,True
npm,balanced-match,1.0.2,False,mobile/participant-app/package-lock.json#node_modules/jest-runtime/node_modules/balanced-match,MIT,MIT,mobile/participant-app/node_modules/jest-runtime/node_modules/balanced-match/LICENSE.md,"Copyright (c) 2013 Julian Gruber &lt;julian@juliangruber.com&gt; | The above copyright notice and this permission notice shall be included in all | AUTHORS OR COPYRIGHT HOLDERS BE LIABLE FOR ANY CLAIM, DAMAGES OR OTHER",Retain copyright and permission notice in distributions.,PASS_PERMISSIVE,True
npm,brace-expansion,1.1.18,False,mobile/participant-app/package-lock.json#node_modules/jest-runtime/node_modules/brace-expansion,MIT,MIT,mobile/participant-app/node_modules/jest-runtime/node_modules/brace-expansion/LICENSE,"Copyright (c) 2013 Julian Gruber <julian@juliangruber.com> | The above copyright notice and this permission notice shall be included in all | AUTHORS OR COPYRIGHT HOLDERS BE LIABLE FOR ANY CLAIM, DAMAGES OR OTHER",Retain copyright and permission notice in distributions.,PASS_PERMISSIVE,True
npm,glob,7.2.3,False,mobile/participant-app/package-lock.json#node_modules/jest-runtime/node_modules/glob,ISC,ISC,mobile/participant-app/node_modules/jest-runtime/node_modules/glob/LICENSE,Copyright (c) Isaac Z. Schlueter and Contributors | copyright notice and this permission notice appear in all copies.,Retain copyright and permission notice in distributions.,PASS_PERMISSIVE,True
npm,minimatch,3.1.5,False,mobile/participant-app/package-lock.json#node_modules/jest-runtime/node_modules/minimatch,ISC,ISC,mobile/participant-app/node_modules/jest-runtime/node_modules/minimatch/LICENSE,Copyright (c) Isaac Z. Schlueter and Contributors | copyright notice and this permission notice appear in all copies.,Retain copyright and permission notice in distributions.,PASS_PERMISSIVE,True
npm,jest-snapshot,29.7.0,False,mobile/participant-app/package-lock.json#node_modules/jest-snapshot,MIT,MIT,mobile/participant-app/node_modules/jest-snapshot/LICENSE,"Copyright (c) Meta Platforms, Inc. and affiliates. | The above copyright notice and this permission notice shall be included in all | AUTHORS OR COPYRIGHT HOLDERS BE LIABLE FOR ANY CLAIM, DAMAGES OR OTHER",Retain copyright and permission notice in distributions.,PASS_PERMISSIVE,True
npm,jest-diff,29.7.0,False,mobile/participant-app/package-lock.json#node_modules/jest-snapshot/node_modules/jest-diff,MIT,MIT,mobile/participant-app/node_modules/jest-snapshot/node_modules/jest-diff/LICENSE,"Copyright (c) Meta Platforms, Inc. and affiliates. | The above copyright notice and this permission notice shall be included in all | AUTHORS OR COPYRIGHT HOLDERS BE LIABLE FOR ANY CLAIM, DAMAGES OR OTHER",Retain copyright and permission notice in distributions.,PASS_PERMISSIVE,True
npm,jest-matcher-utils,29.7.0,False,mobile/participant-app/package-lock.json#node_modules/jest-snapshot/node_modules/jest-matcher-utils,MIT,MIT,mobile/participant-app/node_modules/jest-snapshot/node_modules/jest-matcher-utils/LICENSE,"Copyright (c) Meta Platforms, Inc. and affiliates. | The above copyright notice and this permission notice shall be included in all | AUTHORS OR COPYRIGHT HOLDERS BE LIABLE FOR ANY CLAIM, DAMAGES OR OTHER",Retain copyright and permission notice in distributions.,PASS_PERMISSIVE,True
npm,jest-util,29.7.0,False,mobile/participant-app/package-lock.json#node_modules/jest-util,MIT,MIT,mobile/participant-app/node_modules/jest-util/LICENSE,"Copyright (c) Meta Platforms, Inc. and affiliates. | The above copyright notice and this permission notice shall be included in all | AUTHORS OR COPYRIGHT HOLDERS BE LIABLE FOR ANY CLAIM, DAMAGES OR OTHER",Retain copyright and permission notice in distributions.,PASS_PERMISSIVE,True
npm,ci-info,3.9.0,False,mobile/participant-app/package-lock.json#node_modules/jest-util/node_modules/ci-info,MIT,MIT,mobile/participant-app/node_modules/jest-util/node_modules/ci-info/LICENSE,"Copyright (c) 2016 Thomas Watson Steen | The above copyright notice and this permission notice shall be included in all | AUTHORS OR COPYRIGHT HOLDERS BE LIABLE FOR ANY CLAIM, DAMAGES OR OTHER",Retain copyright and permission notice in distributions.,PASS_PERMISSIVE,True
npm,jest-validate,29.7.0,False,mobile/participant-app/package-lock.json#node_modules/jest-validate,MIT,MIT,mobile/participant-app/node_modules/jest-validate/LICENSE,"Copyright (c) Meta Platforms, Inc. and affiliates. | The above copyright notice and this permission notice shall be included in all | AUTHORS OR COPYRIGHT HOLDERS BE LIABLE FOR ANY CLAIM, DAMAGES OR OTHER",Retain copyright and permission notice in distributions.,PASS_PERMISSIVE,True
npm,jest-watch-select-projects,2.0.0,False,mobile/participant-app/package-lock.json#node_modules/jest-watch-select-projects,MIT,MIT,mobile/participant-app/node_modules/jest-watch-select-projects/LICENSE,"Copyright (c) 2017  <rogelioguzmanh@gmail.com> | The above copyright notice and this permission notice shall be included in all | AUTHORS OR COPYRIGHT HOLDERS BE LIABLE FOR ANY CLAIM, DAMAGES OR OTHER",Retain copyright and permission notice in distributions.,PASS_PERMISSIVE,True
npm,chalk,3.0.0,False,mobile/participant-app/package-lock.json#node_modules/jest-watch-select-projects/node_modules/chalk,MIT,MIT,mobile/participant-app/node_modules/jest-watch-select-projects/node_modules/chalk/license,"Copyright (c) Sindre Sorhus <sindresorhus@gmail.com> (sindresorhus.com) | The above copyright notice and this permission notice shall be included in all copies or substantial portions of the Software. | THE SOFTWARE IS PROVIDED ""AS IS"", WITHOUT WARRANTY OF ANY KIND, EXPRESS OR IMPLIED, INCLUDING BUT NOT LIMITED TO THE WARRANTIES OF MERCHANTABILITY, FITNESS FOR A PARTICULAR PURPOSE AND NONINFRINGEMENT. IN NO EVENT SHALL THE AUTHORS OR COPYRIGHT HOLDERS BE LIABLE FOR ANY CLAIM, DAMAGES OR OTHER LIABILITY, WHETHER IN AN ACTION OF CONTRACT, TORT OR OTHERWISE, ARISING FROM, OUT OF OR IN CONNECTION WITH THE SOFTWARE OR THE USE OR OTHER DEALINGS IN THE SOFTWARE.",Retain copyright and permission notice in distributions.,PASS_PERMISSIVE,True
npm,jest-watcher,29.7.0,False,mobile/participant-app/package-lock.json#node_modules/jest-watcher,MIT,MIT,mobile/participant-app/node_modules/jest-watcher/LICENSE,"Copyright (c) Meta Platforms, Inc. and affiliates. | The above copyright notice and this permission notice shall be included in all | AUTHORS OR COPYRIGHT HOLDERS BE LIABLE FOR ANY CLAIM, DAMAGES OR OTHER",Retain copyright and permission notice in distributions.,PASS_PERMISSIVE,True
npm,jest-worker,29.7.0,False,mobile/participant-app/package-lock.json#node_modules/jest-worker,MIT,MIT,mobile/participant-app/node_modules/jest-worker/LICENSE,"Copyright (c) Meta Platforms, Inc. and affiliates. | The above copyright notice and this permission notice shall be included in all | AUTHORS OR COPYRIGHT HOLDERS BE LIABLE FOR ANY CLAIM, DAMAGES OR OTHER",Retain copyright and permission notice in distributions.,PASS_PERMISSIVE,True
npm,supports-color,8.1.1,False,mobile/participant-app/package-lock.json#node_modules/jest-worker/node_modules/supports-color,MIT,MIT,mobile/participant-app/node_modules/jest-worker/node_modules/supports-color/license,"Copyright (c) Sindre Sorhus <sindresorhus@gmail.com> (https://sindresorhus.com) | The above copyright notice and this permission notice shall be included in all copies or substantial portions of the Software. | THE SOFTWARE IS PROVIDED ""AS IS"", WITHOUT WARRANTY OF ANY KIND, EXPRESS OR IMPLIED, INCLUDING BUT NOT LIMITED TO THE WARRANTIES OF MERCHANTABILITY, FITNESS FOR A PARTICULAR PURPOSE AND NONINFRINGEMENT. IN NO EVENT SHALL THE AUTHORS OR COPYRIGHT HOLDERS BE LIABLE FOR ANY CLAIM, DAMAGES OR OTHER LIABILITY, WHETHER IN AN ACTION OF CONTRACT, TORT OR OTHERWISE, ARISING FROM, OUT OF OR IN CONNECTION WITH THE SOFTWARE OR THE USE OR OTHER DEALINGS IN THE SOFTWARE.",Retain copyright and permission notice in distributions.,PASS_PERMISSIVE,True
npm,jimp-compact,0.16.1,False,mobile/participant-app/package-lock.json#node_modules/jimp-compact,MIT,MIT,metadata only,Not collected; preserve upstream package notice before distribution.,Retain copyright and permission notice in distributions.,PASS_PERMISSIVE,False
npm,js-levenshtein,1.1.6,False,mobile/participant-app/package-lock.json#node_modules/js-levenshtein,MIT,MIT,mobile/participant-app/node_modules/js-levenshtein/LICENSE,"Copyright (c) 2017 Gustaf Andersson | The above copyright notice and this permission notice shall be included in all | AUTHORS OR COPYRIGHT HOLDERS BE LIABLE FOR ANY CLAIM, DAMAGES OR OTHER",Retain copyright and permission notice in distributions.,PASS_PERMISSIVE,True
npm,js-tokens,4.0.0,False,mobile/participant-app/package-lock.json#node_modules/js-tokens,MIT,MIT,mobile/participant-app/node_modules/js-tokens/LICENSE,"Copyright (c) 2014, 2015, 2016, 2017, 2018 Simon Lydell | The above copyright notice and this permission notice shall be included in | AUTHORS OR COPYRIGHT HOLDERS BE LIABLE FOR ANY CLAIM, DAMAGES OR OTHER",Retain copyright and permission notice in distributions.,PASS_PERMISSIVE,True
npm,js-yaml,4.3.1,False,mobile/participant-app/package-lock.json#node_modules/js-yaml,MIT,MIT,mobile/participant-app/node_modules/js-yaml/LICENSE,"Copyright (C) 2011-2015 by Vitaly Puzrin | The above copyright notice and this permission notice shall be included in | AUTHORS OR COPYRIGHT HOLDERS BE LIABLE FOR ANY CLAIM, DAMAGES OR OTHER",Retain copyright and permission notice in distributions.,PASS_PERMISSIVE,True
npm,jsc-safe-url,0.2.4,False,mobile/participant-app/package-lock.json#node_modules/jsc-safe-url,0BSD,0BSD,mobile/participant-app/node_modules/jsc-safe-url/LICENSE,Not stated in the collected licence file.,Retain the supplied notice where distributed.,PASS_PERMISSIVE,True
npm,jsdom,20.0.3,False,mobile/participant-app/package-lock.json#node_modules/jsdom,MIT,MIT,mobile/participant-app/node_modules/jsdom/LICENSE.txt,Copyright (c) 2010 Elijah Insua | The above copyright notice and this permission notice shall be | NONINFRINGEMENT. IN NO EVENT SHALL THE AUTHORS OR COPYRIGHT,Retain copyright and permission notice in distributions.,PASS_PERMISSIVE,True
npm,agent-base,6.0.2,False,mobile/participant-app/package-lock.json#node_modules/jsdom/node_modules/agent-base,MIT,MIT,metadata only,Not collected; preserve upstream package notice before distribution.,Retain copyright and permission notice in distributions.,PASS_PERMISSIVE,False
npm,https-proxy-agent,5.0.1,False,mobile/participant-app/package-lock.json#node_modules/jsdom/node_modules/https-proxy-agent,MIT,MIT,metadata only,Not collected; preserve upstream package notice before distribution.,Retain copyright and permission notice in distributions.,PASS_PERMISSIVE,False
npm,ws,8.21.1,False,mobile/participant-app/package-lock.json#node_modules/jsdom/node_modules/ws,MIT,MIT,mobile/participant-app/node_modules/jsdom/node_modules/ws/LICENSE,"Copyright (c) 2011 Einar Otto Stangvik <einaros@gmail.com> | Copyright (c) 2013 Arnout Kazemier and contributors | Copyright (c) 2016 Luigi Pinca and contributors | The above copyright notice and this permission notice shall be included in all | COPYRIGHT HOLDERS BE LIABLE FOR ANY CLAIM, DAMAGES OR OTHER LIABILITY, WHETHER",Retain copyright and permission notice in distributions.,PASS_PERMISSIVE,True
npm,jsesc,3.1.0,False,mobile/participant-app/package-lock.json#node_modules/jsesc,MIT,MIT,mobile/participant-app/node_modules/jsesc/LICENSE-MIT.txt,Copyright Mathias Bynens <https://mathiasbynens.be/> | The above copyright notice and this permission notice shall be | NONINFRINGEMENT. IN NO EVENT SHALL THE AUTHORS OR COPYRIGHT HOLDERS BE,Retain copyright and permission notice in distributions.,PASS_PERMISSIVE,True
npm,json-buffer,3.0.1,False,mobile/participant-app/package-lock.json#node_modules/json-buffer,MIT,MIT,mobile/participant-app/node_modules/json-buffer/LICENSE,Copyright (c) 2013 Dominic Tarr | The above copyright notice and this permission notice | IN NO EVENT SHALL THE AUTHORS OR COPYRIGHT HOLDERS BE LIABLE FOR,Retain copyright and permission notice in distributions.,PASS_PERMISSIVE,True
npm,json-parse-even-better-errors,2.3.1,False,mobile/participant-app/package-lock.json#node_modules/json-parse-even-better-errors,MIT,MIT,mobile/participant-app/node_modules/json-parse-even-better-errors/LICENSE.md,"Copyright 2017 Kat Marchán | Copyright npm, Inc. | The above copyright notice and this permission notice shall be included in | AUTHORS OR COPYRIGHT HOLDERS BE LIABLE FOR ANY CLAIM, DAMAGES OR OTHER",Retain copyright and permission notice in distributions.,PASS_PERMISSIVE,True
npm,json-schema-traverse,0.4.1,False,mobile/participant-app/package-lock.json#node_modules/json-schema-traverse,MIT,MIT,mobile/participant-app/node_modules/json-schema-traverse/LICENSE,"Copyright (c) 2017 Evgeny Poberezkin | The above copyright notice and this permission notice shall be included in all | AUTHORS OR COPYRIGHT HOLDERS BE LIABLE FOR ANY CLAIM, DAMAGES OR OTHER",Retain copyright and permission notice in distributions.,PASS_PERMISSIVE,True
npm,json-stable-stringify-without-jsonify,1.0.1,False,mobile/participant-app/package-lock.json#node_modules/json-stable-stringify-without-jsonify,MIT,MIT,mobile/participant-app/node_modules/json-stable-stringify-without-jsonify/LICENSE,"The above copyright notice and this permission notice shall be included in all | COPYRIGHT HOLDERS BE LIABLE FOR ANY CLAIM, DAMAGES OR OTHER LIABILITY, WHETHER",Retain copyright and permission notice in distributions.,PASS_PERMISSIVE,True
npm,json5,2.2.3,False,mobile/participant-app/package-lock.json#node_modules/json5,MIT,MIT,mobile/participant-app/node_modules/json5/LICENSE.md,"Copyright (c) 2012-2018 Aseem Kishore, and [others]. | The above copyright notice and this permission notice shall be included in all | AUTHORS OR COPYRIGHT HOLDERS BE LIABLE FOR ANY CLAIM, DAMAGES OR OTHER",Retain copyright and permission notice in distributions.,PASS_PERMISSIVE,True
npm,jsx-ast-utils,3.3.5,False,mobile/participant-app/package-lock.json#node_modules/jsx-ast-utils,MIT,MIT,mobile/participant-app/node_modules/jsx-ast-utils/LICENSE.md,"Copyright (c) 2016 Ethan Cohen | The above copyright notice and this permission notice shall be included in all copies or substantial portions of the Software. | THE SOFTWARE IS PROVIDED ""AS IS"", WITHOUT WARRANTY OF ANY KIND, EXPRESS OR IMPLIED, INCLUDING BUT NOT LIMITED TO THE WARRANTIES OF MERCHANTABILITY, FITNESS FOR A PARTICULAR PURPOSE AND NONINFRINGEMENT. IN NO EVENT SHALL THE AUTHORS OR COPYRIGHT HOLDERS BE LIABLE FOR ANY CLAIM, DAMAGES OR OTHER LIABILITY, WHETHER IN AN ACTION OF CONTRACT, TORT OR OTHERWISE, ARISING FROM, OUT OF OR IN CONNECTION WITH THE SOFTWARE OR THE USE OR OTHER DEALINGS IN THE SOFTWARE.",Retain copyright and permission notice in distributions.,PASS_PERMISSIVE,True
npm,keyv,4.5.4,False,mobile/participant-app/package-lock.json#node_modules/keyv,MIT,MIT,metadata only,Not collected; preserve upstream package notice before distribution.,Retain copyright and permission notice in distributions.,PASS_PERMISSIVE,False
npm,kleur,3.0.3,False,mobile/participant-app/package-lock.json#node_modules/kleur,MIT,MIT,mobile/participant-app/node_modules/kleur/license,"Copyright (c) Luke Edwards <luke.edwards05@gmail.com> (lukeed.com) | The above copyright notice and this permission notice shall be included in | AUTHORS OR COPYRIGHT HOLDERS BE LIABLE FOR ANY CLAIM, DAMAGES OR OTHER",Retain copyright and permission notice in distributions.,PASS_PERMISSIVE,True
npm,lan-network,0.2.1,False,mobile/participant-app/package-lock.json#node_modules/lan-network,MIT,MIT,mobile/participant-app/node_modules/lan-network/LICENSE.md,"Copyright (c) Phil Pluckthun, | The above copyright notice and this permission notice shall be included in all | AUTHORS OR COPYRIGHT HOLDERS BE LIABLE FOR ANY CLAIM, DAMAGES OR OTHER",Retain copyright and permission notice in distributions.,PASS_PERMISSIVE,True
npm,leven,3.1.0,False,mobile/participant-app/package-lock.json#node_modules/leven,MIT,MIT,mobile/participant-app/node_modules/leven/license,"Copyright (c) Sindre Sorhus <sindresorhus@gmail.com> (sindresorhus.com) | The above copyright notice and this permission notice shall be included in all copies or substantial portions of the Software. | THE SOFTWARE IS PROVIDED ""AS IS"", WITHOUT WARRANTY OF ANY KIND, EXPRESS OR IMPLIED, INCLUDING BUT NOT LIMITED TO THE WARRANTIES OF MERCHANTABILITY, FITNESS FOR A PARTICULAR PURPOSE AND NONINFRINGEMENT. IN NO EVENT SHALL THE AUTHORS OR COPYRIGHT HOLDERS BE LIABLE FOR ANY CLAIM, DAMAGES OR OTHER LIABILITY, WHETHER IN AN ACTION OF CONTRACT, TORT OR OTHERWISE, ARISING FROM, OUT OF OR IN CONNECTION WITH THE SOFTWARE OR THE USE OR OTHER DEALINGS IN THE SOFTWARE.",Retain copyright and permission notice in distributions.,PASS_PERMISSIVE,True
npm,levn,0.4.1,False,mobile/participant-app/package-lock.json#node_modules/levn,MIT,MIT,mobile/participant-app/node_modules/levn/LICENSE,Copyright (c) George Zahariev | The above copyright notice and this permission notice shall be | NONINFRINGEMENT. IN NO EVENT SHALL THE AUTHORS OR COPYRIGHT,Retain copyright and permission notice in distributions.,PASS_PERMISSIVE,True
npm,lighthouse-logger,1.4.2,False,mobile/participant-app/package-lock.json#node_modules/lighthouse-logger,Apache-2.0,Apache-2.0,mobile/participant-app/node_modules/lighthouse-logger/LICENSE,"""Licensor"" shall mean the copyright owner or entity authorized by | the copyright owner that is granting the License. | copyright notice that is included in or attached to the work | submitted to Licensor for inclusion in the Work by the copyright owner | the copyright owner. For the purposes of this definition, ""submitted"" | designated in writing by the copyright owner as ""Not a Contribution."" | 2. Grant of Copyright License. Subject to the terms and conditions of | copyright license to reproduce, prepare Derivative Works of,","Retain licence, copyright and NOTICE text; state material modifications where required.",PASS_PERMISSIVE,True
npm,debug,2.6.9,False,mobile/participant-app/package-lock.json#node_modules/lighthouse-logger/node_modules/debug,MIT,MIT,mobile/participant-app/node_modules/lighthouse-logger/node_modules/debug/LICENSE,"Copyright (c) 2014 TJ Holowaychuk <tj@vision-media.ca> | The above copyright notice and this permission notice shall be included in all copies or substantial | IN NO EVENT SHALL THE AUTHORS OR COPYRIGHT HOLDERS BE LIABLE FOR ANY CLAIM, DAMAGES OR OTHER LIABILITY,",Retain copyright and permission notice in distributions.,PASS_PERMISSIVE,True
npm,ms,2.0.0,False,mobile/participant-app/package-lock.json#node_modules/lighthouse-logger/node_modules/ms,MIT,MIT,mobile/participant-app/node_modules/lighthouse-logger/node_modules/ms/license.md,"Copyright (c) 2016 Zeit, Inc. | The above copyright notice and this permission notice shall be included in all | AUTHORS OR COPYRIGHT HOLDERS BE LIABLE FOR ANY CLAIM, DAMAGES OR OTHER",Retain copyright and permission notice in distributions.,PASS_PERMISSIVE,True
npm,lightningcss,1.33.0,False,mobile/participant-app/package-lock.json#node_modules/lightningcss,MPL-2.0,MPL-2.0,mobile/participant-app/node_modules/lightningcss/LICENSE,"applicable copyright doctrines of fair use, fair dealing, or other | (including copyright notices, patent notices, disclaimers of warranty, | You may add additional accurate notices of copyright ownership.",Preserve notices and make modified MPL-covered files available under MPL terms.,HUMAN_LEGAL_REVIEW,True
npm,lightningcss-android-arm64,1.33.0,False,mobile/participant-app/package-lock.json#node_modules/lightningcss-android-arm64,MPL-2.0,MPL-2.0,integrity-checked npm package tarball: lightningcss-android-arm64-1.33.0.tgz/package/LICENSE,"applicable copyright doctrines of fair use, fair dealing, or other | (including copyright notices, patent notices, disclaimers of warranty, | You may add additional accurate notices of copyright ownership.",Preserve notices and make modified MPL-covered files available under MPL terms.,HUMAN_LEGAL_REVIEW,True
npm,lightningcss-darwin-arm64,1.33.0,False,mobile/participant-app/package-lock.json#node_modules/lightningcss-darwin-arm64,MPL-2.0,MPL-2.0,mobile/participant-app/node_modules/lightningcss-darwin-arm64/LICENSE,"applicable copyright doctrines of fair use, fair dealing, or other | (including copyright notices, patent notices, disclaimers of warranty, | You may add additional accurate notices of copyright ownership.",Preserve notices and make modified MPL-covered files available under MPL terms.,HUMAN_LEGAL_REVIEW,True
npm,lightningcss-darwin-x64,1.33.0,False,mobile/participant-app/package-lock.json#node_modules/lightningcss-darwin-x64,MPL-2.0,MPL-2.0,integrity-checked npm package tarball: lightningcss-darwin-x64-1.33.0.tgz/package/LICENSE,"applicable copyright doctrines of fair use, fair dealing, or other | (including copyright notices, patent notices, disclaimers of warranty, | You may add additional accurate notices of copyright ownership.",Preserve notices and make modified MPL-covered files available under MPL terms.,HUMAN_LEGAL_REVIEW,True
npm,lightningcss-freebsd-x64,1.33.0,False,mobile/participant-app/package-lock.json#node_modules/lightningcss-freebsd-x64,MPL-2.0,MPL-2.0,integrity-checked npm package tarball: lightningcss-freebsd-x64-1.33.0.tgz/package/LICENSE,"applicable copyright doctrines of fair use, fair dealing, or other | (including copyright notices, patent notices, disclaimers of warranty, | You may add additional accurate notices of copyright ownership.",Preserve notices and make modified MPL-covered files available under MPL terms.,HUMAN_LEGAL_REVIEW,True
npm,lightningcss-linux-arm-gnueabihf,1.33.0,False,mobile/participant-app/package-lock.json#node_modules/lightningcss-linux-arm-gnueabihf,MPL-2.0,MPL-2.0,integrity-checked npm package tarball: lightningcss-linux-arm-gnueabihf-1.33.0.tgz/package/LICENSE,"applicable copyright doctrines of fair use, fair dealing, or other | (including copyright notices, patent notices, disclaimers of warranty, | You may add additional accurate notices of copyright ownership.",Preserve notices and make modified MPL-covered files available under MPL terms.,HUMAN_LEGAL_REVIEW,True
npm,lightningcss-linux-arm64-gnu,1.33.0,False,mobile/participant-app/package-lock.json#node_modules/lightningcss-linux-arm64-gnu,MPL-2.0,MPL-2.0,integrity-checked npm package tarball: lightningcss-linux-arm64-gnu-1.33.0.tgz/package/LICENSE,"applicable copyright doctrines of fair use, fair dealing, or other | (including copyright notices, patent notices, disclaimers of warranty, | You may add additional accurate notices of copyright ownership.",Preserve notices and make modified MPL-covered files available under MPL terms.,HUMAN_LEGAL_REVIEW,True
npm,lightningcss-linux-arm64-musl,1.33.0,False,mobile/participant-app/package-lock.json#node_modules/lightningcss-linux-arm64-musl,MPL-2.0,MPL-2.0,integrity-checked npm package tarball: lightningcss-linux-arm64-musl-1.33.0.tgz/package/LICENSE,"applicable copyright doctrines of fair use, fair dealing, or other | (including copyright notices, patent notices, disclaimers of warranty, | You may add additional accurate notices of copyright ownership.",Preserve notices and make modified MPL-covered files available under MPL terms.,HUMAN_LEGAL_REVIEW,True
npm,lightningcss-linux-x64-gnu,1.33.0,False,mobile/participant-app/package-lock.json#node_modules/lightningcss-linux-x64-gnu,MPL-2.0,MPL-2.0,integrity-checked npm package tarball: lightningcss-linux-x64-gnu-1.33.0.tgz/package/LICENSE,"applicable copyright doctrines of fair use, fair dealing, or other | (including copyright notices, patent notices, disclaimers of warranty, | You may add additional accurate notices of copyright ownership.",Preserve notices and make modified MPL-covered files available under MPL terms.,HUMAN_LEGAL_REVIEW,True
npm,lightningcss-linux-x64-musl,1.33.0,False,mobile/participant-app/package-lock.json#node_modules/lightningcss-linux-x64-musl,MPL-2.0,MPL-2.0,integrity-checked npm package tarball: lightningcss-linux-x64-musl-1.33.0.tgz/package/LICENSE,"applicable copyright doctrines of fair use, fair dealing, or other | (including copyright notices, patent notices, disclaimers of warranty, | You may add additional accurate notices of copyright ownership.",Preserve notices and make modified MPL-covered files available under MPL terms.,HUMAN_LEGAL_REVIEW,True
npm,lightningcss-win32-arm64-msvc,1.33.0,False,mobile/participant-app/package-lock.json#node_modules/lightningcss-win32-arm64-msvc,MPL-2.0,MPL-2.0,integrity-checked npm package tarball: lightningcss-win32-arm64-msvc-1.33.0.tgz/package/LICENSE,"applicable copyright doctrines of fair use, fair dealing, or other | (including copyright notices, patent notices, disclaimers of warranty, | You may add additional accurate notices of copyright ownership.",Preserve notices and make modified MPL-covered files available under MPL terms.,HUMAN_LEGAL_REVIEW,True
npm,lightningcss-win32-x64-msvc,1.33.0,False,mobile/participant-app/package-lock.json#node_modules/lightningcss-win32-x64-msvc,MPL-2.0,MPL-2.0,integrity-checked npm package tarball: lightningcss-win32-x64-msvc-1.33.0.tgz/package/LICENSE,"applicable copyright doctrines of fair use, fair dealing, or other | (including copyright notices, patent notices, disclaimers of warranty, | You may add additional accurate notices of copyright ownership.",Preserve notices and make modified MPL-covered files available under MPL terms.,HUMAN_LEGAL_REVIEW,True
npm,lines-and-columns,1.2.4,False,mobile/participant-app/package-lock.json#node_modules/lines-and-columns,MIT,MIT,mobile/participant-app/node_modules/lines-and-columns/LICENSE,"Copyright (c) 2015 Brian Donovan | The above copyright notice and this permission notice shall be included in | AUTHORS OR COPYRIGHT HOLDERS BE LIABLE FOR ANY CLAIM, DAMAGES OR OTHER",Retain copyright and permission notice in distributions.,PASS_PERMISSIVE,True
npm,locate-path,5.0.0,False,mobile/participant-app/package-lock.json#node_modules/locate-path,MIT,MIT,mobile/participant-app/node_modules/locate-path/license,"Copyright (c) Sindre Sorhus <sindresorhus@gmail.com> (sindresorhus.com) | The above copyright notice and this permission notice shall be included in all copies or substantial portions of the Software. | THE SOFTWARE IS PROVIDED ""AS IS"", WITHOUT WARRANTY OF ANY KIND, EXPRESS OR IMPLIED, INCLUDING BUT NOT LIMITED TO THE WARRANTIES OF MERCHANTABILITY, FITNESS FOR A PARTICULAR PURPOSE AND NONINFRINGEMENT. IN NO EVENT SHALL THE AUTHORS OR COPYRIGHT HOLDERS BE LIABLE FOR ANY CLAIM, DAMAGES OR OTHER LIABILITY, WHETHER IN AN ACTION OF CONTRACT, TORT OR OTHERWISE, ARISING FROM, OUT OF OR IN CONNECTION WITH THE SOFTWARE OR THE USE OR OTHER DEALINGS IN THE SOFTWARE.",Retain copyright and permission notice in distributions.,PASS_PERMISSIVE,True
npm,lodash,4.18.1,False,mobile/participant-app/package-lock.json#node_modules/lodash,MIT,MIT,mobile/participant-app/node_modules/lodash/LICENSE,"Copyright OpenJS Foundation and other contributors <https://openjsf.org/> | Based on Underscore.js, copyright Jeremy Ashkenas, | The above copyright notice and this permission notice shall be | NONINFRINGEMENT. IN NO EVENT SHALL THE AUTHORS OR COPYRIGHT HOLDERS BE | Copyright and related rights for sample code are waived via CC0. Sample",Retain copyright and permission notice in distributions.,PASS_PERMISSIVE,True
npm,lodash.debounce,4.0.8,False,mobile/participant-app/package-lock.json#node_modules/lodash.debounce,MIT,MIT,mobile/participant-app/node_modules/lodash.debounce/LICENSE,"Copyright jQuery Foundation and other contributors <https://jquery.org/> | Based on Underscore.js, copyright Jeremy Ashkenas, | The above copyright notice and this permission notice shall be | NONINFRINGEMENT. IN NO EVENT SHALL THE AUTHORS OR COPYRIGHT HOLDERS BE | Copyright and related rights for sample code are waived via CC0. Sample",Retain copyright and permission notice in distributions.,PASS_PERMISSIVE,True
npm,lodash.merge,4.6.2,False,mobile/participant-app/package-lock.json#node_modules/lodash.merge,MIT,MIT,mobile/participant-app/node_modules/lodash.merge/LICENSE,"Copyright OpenJS Foundation and other contributors <https://openjsf.org/> | Based on Underscore.js, copyright Jeremy Ashkenas, | The above copyright notice and this permission notice shall be | NONINFRINGEMENT. IN NO EVENT SHALL THE AUTHORS OR COPYRIGHT HOLDERS BE | Copyright and related rights for sample code are waived via CC0. Sample",Retain copyright and permission notice in distributions.,PASS_PERMISSIVE,True
npm,lodash.throttle,4.1.1,False,mobile/participant-app/package-lock.json#node_modules/lodash.throttle,MIT,MIT,mobile/participant-app/node_modules/lodash.throttle/LICENSE,"Copyright jQuery Foundation and other contributors <https://jquery.org/> | Based on Underscore.js, copyright Jeremy Ashkenas, | The above copyright notice and this permission notice shall be | NONINFRINGEMENT. IN NO EVENT SHALL THE AUTHORS OR COPYRIGHT HOLDERS BE | Copyright and related rights for sample code are waived via CC0. Sample",Retain copyright and permission notice in distributions.,PASS_PERMISSIVE,True
npm,log-symbols,2.2.0,False,mobile/participant-app/package-lock.json#node_modules/log-symbols,MIT,MIT,mobile/participant-app/node_modules/log-symbols/license,"Copyright (c) Sindre Sorhus <sindresorhus@gmail.com> (sindresorhus.com) | The above copyright notice and this permission notice shall be included in all copies or substantial portions of the Software. | THE SOFTWARE IS PROVIDED ""AS IS"", WITHOUT WARRANTY OF ANY KIND, EXPRESS OR IMPLIED, INCLUDING BUT NOT LIMITED TO THE WARRANTIES OF MERCHANTABILITY, FITNESS FOR A PARTICULAR PURPOSE AND NONINFRINGEMENT. IN NO EVENT SHALL THE AUTHORS OR COPYRIGHT HOLDERS BE LIABLE FOR ANY CLAIM, DAMAGES OR OTHER LIABILITY, WHETHER IN AN ACTION OF CONTRACT, TORT OR OTHERWISE, ARISING FROM, OUT OF OR IN CONNECTION WITH THE SOFTWARE OR THE USE OR OTHER DEALINGS IN THE SOFTWARE.",Retain copyright and permission notice in distributions.,PASS_PERMISSIVE,True
npm,ansi-styles,3.2.1,False,mobile/participant-app/package-lock.json#node_modules/log-symbols/node_modules/ansi-styles,MIT,MIT,mobile/participant-app/node_modules/log-symbols/node_modules/ansi-styles/license,"Copyright (c) Sindre Sorhus <sindresorhus@gmail.com> (sindresorhus.com) | The above copyright notice and this permission notice shall be included in all copies or substantial portions of the Software. | THE SOFTWARE IS PROVIDED ""AS IS"", WITHOUT WARRANTY OF ANY KIND, EXPRESS OR IMPLIED, INCLUDING BUT NOT LIMITED TO THE WARRANTIES OF MERCHANTABILITY, FITNESS FOR A PARTICULAR PURPOSE AND NONINFRINGEMENT. IN NO EVENT SHALL THE AUTHORS OR COPYRIGHT HOLDERS BE LIABLE FOR ANY CLAIM, DAMAGES OR OTHER LIABILITY, WHETHER IN AN ACTION OF CONTRACT, TORT OR OTHERWISE, ARISING FROM, OUT OF OR IN CONNECTION WITH THE SOFTWARE OR THE USE OR OTHER DEALINGS IN THE SOFTWARE.",Retain copyright and permission notice in distributions.,PASS_PERMISSIVE,True
npm,chalk,2.4.2,False,mobile/participant-app/package-lock.json#node_modules/log-symbols/node_modules/chalk,MIT,MIT,mobile/participant-app/node_modules/log-symbols/node_modules/chalk/license,"Copyright (c) Sindre Sorhus <sindresorhus@gmail.com> (sindresorhus.com) | The above copyright notice and this permission notice shall be included in all copies or substantial portions of the Software. | THE SOFTWARE IS PROVIDED ""AS IS"", WITHOUT WARRANTY OF ANY KIND, EXPRESS OR IMPLIED, INCLUDING BUT NOT LIMITED TO THE WARRANTIES OF MERCHANTABILITY, FITNESS FOR A PARTICULAR PURPOSE AND NONINFRINGEMENT. IN NO EVENT SHALL THE AUTHORS OR COPYRIGHT HOLDERS BE LIABLE FOR ANY CLAIM, DAMAGES OR OTHER LIABILITY, WHETHER IN AN ACTION OF CONTRACT, TORT OR OTHERWISE, ARISING FROM, OUT OF OR IN CONNECTION WITH THE SOFTWARE OR THE USE OR OTHER DEALINGS IN THE SOFTWARE.",Retain copyright and permission notice in distributions.,PASS_PERMISSIVE,True
npm,color-convert,1.9.3,False,mobile/participant-app/package-lock.json#node_modules/log-symbols/node_modules/color-convert,MIT,MIT,mobile/participant-app/node_modules/log-symbols/node_modules/color-convert/LICENSE,Copyright (c) 2011-2016 Heather Arthur <fayearthur@gmail.com> | The above copyright notice and this permission notice shall be | NONINFRINGEMENT. IN NO EVENT SHALL THE AUTHORS OR COPYRIGHT HOLDERS BE,Retain copyright and permission notice in distributions.,PASS_PERMISSIVE,True
npm,color-name,1.1.3,False,mobile/participant-app/package-lock.json#node_modules/log-symbols/node_modules/color-name,MIT,MIT,mobile/participant-app/node_modules/log-symbols/node_modules/color-name/LICENSE,"Copyright (c) 2015 Dmitry Ivanov | The above copyright notice and this permission notice shall be included in all copies or substantial portions of the Software. | THE SOFTWARE IS PROVIDED ""AS IS"", WITHOUT WARRANTY OF ANY KIND, EXPRESS OR IMPLIED, INCLUDING BUT NOT LIMITED TO THE WARRANTIES OF MERCHANTABILITY, FITNESS FOR A PARTICULAR PURPOSE AND NONINFRINGEMENT. IN NO EVENT SHALL THE AUTHORS OR COPYRIGHT HOLDERS BE LIABLE FOR ANY CLAIM, DAMAGES OR OTHER LIABILITY, WHETHER IN AN ACTION OF CONTRACT, TORT OR OTHERWISE, ARISING FROM, OUT OF OR IN CONNECTION WITH THE SOFTWARE OR THE USE OR OTHER DEALINGS IN THE SOFTWARE.",Retain copyright and permission notice in distributions.,PASS_PERMISSIVE,True
npm,escape-string-regexp,1.0.5,False,mobile/participant-app/package-lock.json#node_modules/log-symbols/node_modules/escape-string-regexp,MIT,MIT,mobile/participant-app/node_modules/log-symbols/node_modules/escape-string-regexp/license,"Copyright (c) Sindre Sorhus <sindresorhus@gmail.com> (sindresorhus.com) | The above copyright notice and this permission notice shall be included in | AUTHORS OR COPYRIGHT HOLDERS BE LIABLE FOR ANY CLAIM, DAMAGES OR OTHER",Retain copyright and permission notice in distributions.,PASS_PERMISSIVE,True
npm,has-flag,3.0.0,False,mobile/participant-app/package-lock.json#node_modules/log-symbols/node_modules/has-flag,MIT,MIT,mobile/participant-app/node_modules/log-symbols/node_modules/has-flag/license,"Copyright (c) Sindre Sorhus <sindresorhus@gmail.com> (sindresorhus.com) | The above copyright notice and this permission notice shall be included in all copies or substantial portions of the Software. | THE SOFTWARE IS PROVIDED ""AS IS"", WITHOUT WARRANTY OF ANY KIND, EXPRESS OR IMPLIED, INCLUDING BUT NOT LIMITED TO THE WARRANTIES OF MERCHANTABILITY, FITNESS FOR A PARTICULAR PURPOSE AND NONINFRINGEMENT. IN NO EVENT SHALL THE AUTHORS OR COPYRIGHT HOLDERS BE LIABLE FOR ANY CLAIM, DAMAGES OR OTHER LIABILITY, WHETHER IN AN ACTION OF CONTRACT, TORT OR OTHERWISE, ARISING FROM, OUT OF OR IN CONNECTION WITH THE SOFTWARE OR THE USE OR OTHER DEALINGS IN THE SOFTWARE.",Retain copyright and permission notice in distributions.,PASS_PERMISSIVE,True
npm,supports-color,5.5.0,False,mobile/participant-app/package-lock.json#node_modules/log-symbols/node_modules/supports-color,MIT,MIT,mobile/participant-app/node_modules/log-symbols/node_modules/supports-color/license,"Copyright (c) Sindre Sorhus <sindresorhus@gmail.com> (sindresorhus.com) | The above copyright notice and this permission notice shall be included in all copies or substantial portions of the Software. | THE SOFTWARE IS PROVIDED ""AS IS"", WITHOUT WARRANTY OF ANY KIND, EXPRESS OR IMPLIED, INCLUDING BUT NOT LIMITED TO THE WARRANTIES OF MERCHANTABILITY, FITNESS FOR A PARTICULAR PURPOSE AND NONINFRINGEMENT. IN NO EVENT SHALL THE AUTHORS OR COPYRIGHT HOLDERS BE LIABLE FOR ANY CLAIM, DAMAGES OR OTHER LIABILITY, WHETHER IN AN ACTION OF CONTRACT, TORT OR OTHERWISE, ARISING FROM, OUT OF OR IN CONNECTION WITH THE SOFTWARE OR THE USE OR OTHER DEALINGS IN THE SOFTWARE.",Retain copyright and permission notice in distributions.,PASS_PERMISSIVE,True
npm,loose-envify,1.4.0,False,mobile/participant-app/package-lock.json#node_modules/loose-envify,MIT,MIT,mobile/participant-app/node_modules/loose-envify/LICENSE,"Copyright (c) 2015 Andres Suarez <zertosh@gmail.com> | The above copyright notice and this permission notice shall be included in | AUTHORS OR COPYRIGHT HOLDERS BE LIABLE FOR ANY CLAIM, DAMAGES OR OTHER",Retain copyright and permission notice in distributions.,PASS_PERMISSIVE,True
npm,lru-cache,5.1.1,False,mobile/participant-app/package-lock.json#node_modules/lru-cache,ISC,ISC,mobile/participant-app/node_modules/lru-cache/LICENSE,Copyright (c) Isaac Z. Schlueter and Contributors | copyright notice and this permission notice appear in all copies.,Retain copyright and permission notice in distributions.,PASS_PERMISSIVE,True
npm,make-dir,4.0.0,False,mobile/participant-app/package-lock.json#node_modules/make-dir,MIT,MIT,mobile/participant-app/node_modules/make-dir/license,"Copyright (c) Sindre Sorhus <sindresorhus@gmail.com> (https://sindresorhus.com) | The above copyright notice and this permission notice shall be included in all copies or substantial portions of the Software. | THE SOFTWARE IS PROVIDED ""AS IS"", WITHOUT WARRANTY OF ANY KIND, EXPRESS OR IMPLIED, INCLUDING BUT NOT LIMITED TO THE WARRANTIES OF MERCHANTABILITY, FITNESS FOR A PARTICULAR PURPOSE AND NONINFRINGEMENT. IN NO EVENT SHALL THE AUTHORS OR COPYRIGHT HOLDERS BE LIABLE FOR ANY CLAIM, DAMAGES OR OTHER LIABILITY, WHETHER IN AN ACTION OF CONTRACT, TORT OR OTHERWISE, ARISING FROM, OUT OF OR IN CONNECTION WITH THE SOFTWARE OR THE USE OR OTHER DEALINGS IN THE SOFTWARE.",Retain copyright and permission notice in distributions.,PASS_PERMISSIVE,True
npm,makeerror,1.0.12,False,mobile/participant-app/package-lock.json#node_modules/makeerror,BSD-3-Clause,BSD-3-Clause,mobile/participant-app/node_modules/makeerror/license,"Copyright (c) 2014, Naitik Shah. All rights reserved. | * Redistributions of source code must retain the above copyright notice, this | * Redistributions in binary form must reproduce the above copyright notice, | THIS SOFTWARE IS PROVIDED BY THE COPYRIGHT HOLDERS AND CONTRIBUTORS ""AS IS"" AND | DISCLAIMED. IN NO EVENT SHALL THE COPYRIGHT HOLDER OR CONTRIBUTORS BE LIABLE FOR","Retain copyright, conditions and disclaimer in source/binary distributions.",PASS_PERMISSIVE,True
npm,marky,1.3.0,False,mobile/participant-app/package-lock.json#node_modules/marky,Apache-2.0,Apache-2.0,mobile/participant-app/node_modules/marky/LICENSE,"""Licensor"" shall mean the copyright owner or entity authorized by the | copyright owner that is granting the License. | form, made available under the License, as indicated by a copyright notice | inclusion in the Work by the copyright owner or by an individual or | Legal Entity authorized to submit on behalf of the copyright owner. | conspicuously marked or otherwise designated in writing by the copyright | 2. Grant of Copyright License. | royalty-free, irrevocable copyright license to reproduce, prepare","Retain licence, copyright and NOTICE text; state material modifications where required.",PASS_PERMISSIVE,True
npm,math-intrinsics,1.1.0,False,mobile/participant-app/package-lock.json#node_modules/math-intrinsics,MIT,MIT,mobile/participant-app/node_modules/math-intrinsics/LICENSE,"Copyright (c) 2024 ECMAScript Shims | The above copyright notice and this permission notice shall be included in all | AUTHORS OR COPYRIGHT HOLDERS BE LIABLE FOR ANY CLAIM, DAMAGES OR OTHER",Retain copyright and permission notice in distributions.,PASS_PERMISSIVE,True
npm,memoize-one,5.2.1,False,mobile/participant-app/package-lock.json#node_modules/memoize-one,MIT,MIT,mobile/participant-app/node_modules/memoize-one/LICENSE,"Copyright (c) 2019 Alexander Reardon | The above copyright notice and this permission notice shall be included in all | AUTHORS OR COPYRIGHT HOLDERS BE LIABLE FOR ANY CLAIM, DAMAGES OR OTHER",Retain copyright and permission notice in distributions.,PASS_PERMISSIVE,True
npm,merge-stream,2.0.0,False,mobile/participant-app/package-lock.json#node_modules/merge-stream,MIT,MIT,mobile/participant-app/node_modules/merge-stream/LICENSE,"Copyright (c) Stephen Sugden <me@stephensugden.com> (stephensugden.com) | The above copyright notice and this permission notice shall be included in | AUTHORS OR COPYRIGHT HOLDERS BE LIABLE FOR ANY CLAIM, DAMAGES OR OTHER",Retain copyright and permission notice in distributions.,PASS_PERMISSIVE,True
npm,metro,0.84.4,False,mobile/participant-app/package-lock.json#node_modules/metro,MIT,MIT,metadata only,Not collected; preserve upstream package notice before distribution.,Retain copyright and permission notice in distributions.,PASS_PERMISSIVE,False
npm,metro-babel-transformer,0.84.4,False,mobile/participant-app/package-lock.json#node_modules/metro-babel-transformer,MIT,MIT,metadata only,Not collected; preserve upstream package notice before distribution.,Retain copyright and permission notice in distributions.,PASS_PERMISSIVE,False
npm,metro-cache,0.84.4,False,mobile/participant-app/package-lock.json#node_modules/metro-cache,MIT,MIT,metadata only,Not collected; preserve upstream package notice before distribution.,Retain copyright and permission notice in distributions.,PASS_PERMISSIVE,False
npm,metro-cache-key,0.84.4,False,mobile/participant-app/package-lock.json#node_modules/metro-cache-key,MIT,MIT,metadata only,Not collected; preserve upstream package notice before distribution.,Retain copyright and permission notice in distributions.,PASS_PERMISSIVE,False
npm,metro-config,0.84.4,False,mobile/participant-app/package-lock.json#node_modules/metro-config,MIT,MIT,metadata only,Not collected; preserve upstream package notice before distribution.,Retain copyright and permission notice in distributions.,PASS_PERMISSIVE,False
npm,metro-core,0.84.4,False,mobile/participant-app/package-lock.json#node_modules/metro-core,MIT,MIT,metadata only,Not collected; preserve upstream package notice before distribution.,Retain copyright and permission notice in distributions.,PASS_PERMISSIVE,False
npm,metro-file-map,0.84.4,False,mobile/participant-app/package-lock.json#node_modules/metro-file-map,MIT,MIT,metadata only,Not collected; preserve upstream package notice before distribution.,Retain copyright and permission notice in distributions.,PASS_PERMISSIVE,False
npm,metro-minify-terser,0.84.4,False,mobile/participant-app/package-lock.json#node_modules/metro-minify-terser,MIT,MIT,metadata only,Not collected; preserve upstream package notice before distribution.,Retain copyright and permission notice in distributions.,PASS_PERMISSIVE,False
npm,metro-resolver,0.84.4,False,mobile/participant-app/package-lock.json#node_modules/metro-resolver,MIT,MIT,metadata only,Not collected; preserve upstream package notice before distribution.,Retain copyright and permission notice in distributions.,PASS_PERMISSIVE,False
npm,metro-runtime,0.84.4,False,mobile/participant-app/package-lock.json#node_modules/metro-runtime,MIT,MIT,metadata only,Not collected; preserve upstream package notice before distribution.,Retain copyright and permission notice in distributions.,PASS_PERMISSIVE,False
npm,metro-source-map,0.84.4,False,mobile/participant-app/package-lock.json#node_modules/metro-source-map,MIT,MIT,metadata only,Not collected; preserve upstream package notice before distribution.,Retain copyright and permission notice in distributions.,PASS_PERMISSIVE,False
npm,metro-symbolicate,0.84.4,False,mobile/participant-app/package-lock.json#node_modules/metro-symbolicate,MIT,MIT,metadata only,Not collected; preserve upstream package notice before distribution.,Retain copyright and permission notice in distributions.,PASS_PERMISSIVE,False
npm,metro-transform-plugins,0.84.4,False,mobile/participant-app/package-lock.json#node_modules/metro-transform-plugins,MIT,MIT,metadata only,Not collected; preserve upstream package notice before distribution.,Retain copyright and permission notice in distributions.,PASS_PERMISSIVE,False
npm,metro-transform-worker,0.84.4,False,mobile/participant-app/package-lock.json#node_modules/metro-transform-worker,MIT,MIT,metadata only,Not collected; preserve upstream package notice before distribution.,Retain copyright and permission notice in distributions.,PASS_PERMISSIVE,False
npm,micromatch,4.0.8,False,mobile/participant-app/package-lock.json#node_modules/micromatch,MIT,MIT,mobile/participant-app/node_modules/micromatch/LICENSE,"Copyright (c) 2014-present, Jon Schlinkert. | The above copyright notice and this permission notice shall be included in | AUTHORS OR COPYRIGHT HOLDERS BE LIABLE FOR ANY CLAIM, DAMAGES OR OTHER",Retain copyright and permission notice in distributions.,PASS_PERMISSIVE,True
npm,mime,1.6.0,False,mobile/participant-app/package-lock.json#node_modules/mime,MIT,MIT,mobile/participant-app/node_modules/mime/LICENSE,"Copyright (c) 2010 Benjamin Thomas, Robert Kieffer | The above copyright notice and this permission notice shall be included in | AUTHORS OR COPYRIGHT HOLDERS BE LIABLE FOR ANY CLAIM, DAMAGES OR OTHER",Retain copyright and permission notice in distributions.,PASS_PERMISSIVE,True
npm,mime-db,1.54.0,False,mobile/participant-app/package-lock.json#node_modules/mime-db,MIT,MIT,mobile/participant-app/node_modules/mime-db/LICENSE,Copyright (c) 2014 Jonathan Ong <me@jongleberry.com> | Copyright (c) 2015-2022 Douglas Christopher Wilson <doug@somethingdoug.com> | The above copyright notice and this permission notice shall be | IN NO EVENT SHALL THE AUTHORS OR COPYRIGHT HOLDERS BE LIABLE FOR ANY,Retain copyright and permission notice in distributions.,PASS_PERMISSIVE,True
npm,mime-types,3.0.2,False,mobile/participant-app/package-lock.json#node_modules/mime-types,MIT,MIT,mobile/participant-app/node_modules/mime-types/LICENSE,Copyright (c) 2014 Jonathan Ong <me@jongleberry.com> | Copyright (c) 2015 Douglas Christopher Wilson <doug@somethingdoug.com> | The above copyright notice and this permission notice shall be | IN NO EVENT SHALL THE AUTHORS OR COPYRIGHT HOLDERS BE LIABLE FOR ANY,Retain copyright and permission notice in distributions.,PASS_PERMISSIVE,True
npm,mimic-fn,1.2.0,False,mobile/participant-app/package-lock.json#node_modules/mimic-fn,MIT,MIT,mobile/participant-app/node_modules/mimic-fn/license,"Copyright (c) Sindre Sorhus <sindresorhus@gmail.com> (sindresorhus.com) | The above copyright notice and this permission notice shall be included in all copies or substantial portions of the Software. | THE SOFTWARE IS PROVIDED ""AS IS"", WITHOUT WARRANTY OF ANY KIND, EXPRESS OR IMPLIED, INCLUDING BUT NOT LIMITED TO THE WARRANTIES OF MERCHANTABILITY, FITNESS FOR A PARTICULAR PURPOSE AND NONINFRINGEMENT. IN NO EVENT SHALL THE AUTHORS OR COPYRIGHT HOLDERS BE LIABLE FOR ANY CLAIM, DAMAGES OR OTHER LIABILITY, WHETHER IN AN ACTION OF CONTRACT, TORT OR OTHERWISE, ARISING FROM, OUT OF OR IN CONNECTION WITH THE SOFTWARE OR THE USE OR OTHER DEALINGS IN THE SOFTWARE.",Retain copyright and permission notice in distributions.,PASS_PERMISSIVE,True
npm,min-indent,1.0.1,False,mobile/participant-app/package-lock.json#node_modules/min-indent,MIT,MIT,mobile/participant-app/node_modules/min-indent/license,"Copyright (c) Sindre Sorhus <sindresorhus@gmail.com> (sindresorhus.com), James Kyle <me@thejameskyle.com> (thejameskyle.com) | The above copyright notice and this permission notice shall be included in | AUTHORS OR COPYRIGHT HOLDERS BE LIABLE FOR ANY CLAIM, DAMAGES OR OTHER",Retain copyright and permission notice in distributions.,PASS_PERMISSIVE,True
npm,minimatch,10.2.6,False,mobile/participant-app/package-lock.json#node_modules/minimatch,BlueOak-1.0.0,BlueOak-1.0.0,mobile/participant-app/node_modules/minimatch/LICENSE.md,## Copyright | copyright in it.,Confirm the exact licence text and retain required notice before distribution.,HUMAN_LEGAL_REVIEW,True
npm,minimist,1.2.8,False,mobile/participant-app/package-lock.json#node_modules/minimist,MIT,MIT,mobile/participant-app/node_modules/minimist/LICENSE,"The above copyright notice and this permission notice shall be included in all | COPYRIGHT HOLDERS BE LIABLE FOR ANY CLAIM, DAMAGES OR OTHER LIABILITY, WHETHER",Retain copyright and permission notice in distributions.,PASS_PERMISSIVE,True
npm,minipass,7.1.3,False,mobile/participant-app/package-lock.json#node_modules/minipass,BlueOak-1.0.0,BlueOak-1.0.0,mobile/participant-app/node_modules/minipass/LICENSE.md,## Copyright | copyright in it.,Confirm the exact licence text and retain required notice before distribution.,HUMAN_LEGAL_REVIEW,True
npm,mkdirp,1.0.4,False,mobile/participant-app/package-lock.json#node_modules/mkdirp,MIT,MIT,mobile/participant-app/node_modules/mkdirp/LICENSE,"Copyright James Halliday (mail@substack.net) and Isaac Z. Schlueter (i@izs.me) | The above copyright notice and this permission notice shall be included in | AUTHORS OR COPYRIGHT HOLDERS BE LIABLE FOR ANY CLAIM, DAMAGES OR OTHER",Retain copyright and permission notice in distributions.,PASS_PERMISSIVE,True
npm,ms,2.1.3,False,mobile/participant-app/package-lock.json#node_modules/ms,MIT,MIT,mobile/participant-app/node_modules/ms/license.md,"Copyright (c) 2020 Vercel, Inc. | The above copyright notice and this permission notice shall be included in all | AUTHORS OR COPYRIGHT HOLDERS BE LIABLE FOR ANY CLAIM, DAMAGES OR OTHER",Retain copyright and permission notice in distributions.,PASS_PERMISSIVE,True
npm,multitars,1.0.0,False,mobile/participant-app/package-lock.json#node_modules/multitars,MIT,MIT,mobile/participant-app/node_modules/multitars/LICENSE.md,"Copyright (c) Phil Pluckthun, | Copyright (c) 650 Industries, Inc. (aka Expo), | The above copyright notice and this permission notice shall be included in all | AUTHORS OR COPYRIGHT HOLDERS BE LIABLE FOR ANY CLAIM, DAMAGES OR OTHER",Retain copyright and permission notice in distributions.,PASS_PERMISSIVE,True
npm,nanoid,3.3.16,False,mobile/participant-app/package-lock.json#node_modules/nanoid,MIT,MIT,mobile/participant-app/node_modules/nanoid/LICENSE,"Copyright 2017 Andrey Sitnik <andrey@sitnik.ru> | The above copyright notice and this permission notice shall be included in all | COPYRIGHT HOLDERS BE LIABLE FOR ANY CLAIM, DAMAGES OR OTHER LIABILITY, WHETHER",Retain copyright and permission notice in distributions.,PASS_PERMISSIVE,True
npm,napi-postinstall,0.3.4,False,mobile/participant-app/package-lock.json#node_modules/napi-postinstall,MIT,MIT,mobile/participant-app/node_modules/napi-postinstall/LICENSE,"Copyright (c) 2021-present UnTS | The above copyright notice and this permission notice shall be included in all | AUTHORS OR COPYRIGHT HOLDERS BE LIABLE FOR ANY CLAIM, DAMAGES OR OTHER",Retain copyright and permission notice in distributions.,PASS_PERMISSIVE,True
npm,natural-compare,1.4.0,False,mobile/participant-app/package-lock.json#node_modules/natural-compare,MIT,MIT,metadata only,Not collected; preserve upstream package notice before distribution.,Retain copyright and permission notice in distributions.,PASS_PERMISSIVE,False
npm,negotiator,1.0.0,False,mobile/participant-app/package-lock.json#node_modules/negotiator,MIT,MIT,mobile/participant-app/node_modules/negotiator/LICENSE,Copyright (c) 2012-2014 Federico Romero | Copyright (c) 2012-2014 Isaac Z. Schlueter | Copyright (c) 2014-2015 Douglas Christopher Wilson | The above copyright notice and this permission notice shall be | IN NO EVENT SHALL THE AUTHORS OR COPYRIGHT HOLDERS BE LIABLE FOR ANY,Retain copyright and permission notice in distributions.,PASS_PERMISSIVE,True
npm,node-exports-info,1.6.2,False,mobile/participant-app/package-lock.json#node_modules/node-exports-info,MIT,MIT,mobile/participant-app/node_modules/node-exports-info/LICENSE,"Copyright (c) 2022 Inspect JS | The above copyright notice and this permission notice shall be included in all | AUTHORS OR COPYRIGHT HOLDERS BE LIABLE FOR ANY CLAIM, DAMAGES OR OTHER",Retain copyright and permission notice in distributions.,PASS_PERMISSIVE,True
npm,semver,6.3.1,False,mobile/participant-app/package-lock.json#node_modules/node-exports-info/node_modules/semver,ISC,ISC,mobile/participant-app/node_modules/node-exports-info/node_modules/semver/LICENSE,Copyright (c) Isaac Z. Schlueter and Contributors | copyright notice and this permission notice appear in all copies.,Retain copyright and permission notice in distributions.,PASS_PERMISSIVE,True
npm,node-forge,1.4.0,False,mobile/participant-app/package-lock.json#node_modules/node-forge,(BSD-3-Clause OR GPL-2.0),DUAL_OR_COMPLEX,mobile/participant-app/node_modules/node-forge/LICENSE,"use this project in commercial projects as long as the copyright header is | Copyright (c) 2010, Digital Bazaar, Inc. | * Redistributions of source code must retain the above copyright | * Redistributions in binary form must reproduce the above copyright | THIS SOFTWARE IS PROVIDED BY THE COPYRIGHT HOLDERS AND CONTRIBUTORS ""AS IS"" AND | Copyright (C) 1989, 1991 Free Software Foundation, Inc. | We protect your rights with two steps: (1) copyright the software, and | a notice placed by the copyright holder saying it may be distributed",Select and document a compatible licence option; retain the corresponding notices.,HUMAN_LEGAL_REVIEW,True
npm,node-int64,0.4.0,False,mobile/participant-app/package-lock.json#node_modules/node-int64,MIT,MIT,mobile/participant-app/node_modules/node-int64/LICENSE,"Copyright (c) 2014 Robert Kieffer | The above copyright notice and this permission notice shall be included in | AUTHORS OR COPYRIGHT HOLDERS BE LIABLE FOR ANY CLAIM, DAMAGES OR OTHER",Retain copyright and permission notice in distributions.,PASS_PERMISSIVE,True
npm,node-releases,2.0.51,False,mobile/participant-app/package-lock.json#node_modules/node-releases,MIT,MIT,mobile/participant-app/node_modules/node-releases/LICENSE,"Copyright (c) 2017 Sergey Rubanov (https://github.com/chicoxyzzy) | The above copyright notice and this permission notice shall be included in | AUTHORS OR COPYRIGHT HOLDERS BE LIABLE FOR ANY CLAIM, DAMAGES OR OTHER",Retain copyright and permission notice in distributions.,PASS_PERMISSIVE,True
npm,normalize-path,3.0.0,False,mobile/participant-app/package-lock.json#node_modules/normalize-path,MIT,MIT,mobile/participant-app/node_modules/normalize-path/LICENSE,"Copyright (c) 2014-2018, Jon Schlinkert. | The above copyright notice and this permission notice shall be included in | AUTHORS OR COPYRIGHT HOLDERS BE LIABLE FOR ANY CLAIM, DAMAGES OR OTHER",Retain copyright and permission notice in distributions.,PASS_PERMISSIVE,True
npm,npm-package-arg,11.0.3,False,mobile/participant-app/package-lock.json#node_modules/npm-package-arg,ISC,ISC,mobile/participant-app/node_modules/npm-package-arg/LICENSE,"Copyright (c) npm, Inc. | copyright notice and this permission notice appear in all copies.",Retain copyright and permission notice in distributions.,PASS_PERMISSIVE,True
npm,npm-run-path,4.0.1,False,mobile/participant-app/package-lock.json#node_modules/npm-run-path,MIT,MIT,mobile/participant-app/node_modules/npm-run-path/license,"Copyright (c) Sindre Sorhus <sindresorhus@gmail.com> (sindresorhus.com) | The above copyright notice and this permission notice shall be included in all copies or substantial portions of the Software. | THE SOFTWARE IS PROVIDED ""AS IS"", WITHOUT WARRANTY OF ANY KIND, EXPRESS OR IMPLIED, INCLUDING BUT NOT LIMITED TO THE WARRANTIES OF MERCHANTABILITY, FITNESS FOR A PARTICULAR PURPOSE AND NONINFRINGEMENT. IN NO EVENT SHALL THE AUTHORS OR COPYRIGHT HOLDERS BE LIABLE FOR ANY CLAIM, DAMAGES OR OTHER LIABILITY, WHETHER IN AN ACTION OF CONTRACT, TORT OR OTHERWISE, ARISING FROM, OUT OF OR IN CONNECTION WITH THE SOFTWARE OR THE USE OR OTHER DEALINGS IN THE SOFTWARE.",Retain copyright and permission notice in distributions.,PASS_PERMISSIVE,True
npm,nullthrows,1.1.1,False,mobile/participant-app/package-lock.json#node_modules/nullthrows,MIT,MIT,mobile/participant-app/node_modules/nullthrows/LICENSE,"Copyright (c) 2016 Andres Suarez | The above copyright notice and this permission notice shall be included in all copies or substantial portions of the Software. | THE SOFTWARE IS PROVIDED ""AS IS"", WITHOUT WARRANTY OF ANY KIND, EXPRESS OR IMPLIED, INCLUDING BUT NOT LIMITED TO THE WARRANTIES OF MERCHANTABILITY, FITNESS FOR A PARTICULAR PURPOSE AND NONINFRINGEMENT. IN NO EVENT SHALL THE AUTHORS OR COPYRIGHT HOLDERS BE LIABLE FOR ANY CLAIM, DAMAGES OR OTHER LIABILITY, WHETHER IN AN ACTION OF CONTRACT, TORT OR OTHERWISE, ARISING FROM, OUT OF OR IN CONNECTION WITH THE SOFTWARE OR THE USE OR OTHER DEALINGS IN THE SOFTWARE.",Retain copyright and permission notice in distributions.,PASS_PERMISSIVE,True
npm,nwsapi,2.2.24,False,mobile/participant-app/package-lock.json#node_modules/nwsapi,MIT,MIT,mobile/participant-app/node_modules/nwsapi/LICENSE,Copyright (c) 2007-2026 Diego Perini (http://www.iport.it/) | The above copyright notice and this permission notice shall be | NONINFRINGEMENT. IN NO EVENT SHALL THE AUTHORS OR COPYRIGHT,Retain copyright and permission notice in distributions.,PASS_PERMISSIVE,True
npm,ob1,0.84.4,False,mobile/participant-app/package-lock.json#node_modules/ob1,MIT,MIT,metadata only,Not collected; preserve upstream package notice before distribution.,Retain copyright and permission notice in distributions.,PASS_PERMISSIVE,False
npm,object-assign,4.1.1,False,mobile/participant-app/package-lock.json#node_modules/object-assign,MIT,MIT,mobile/participant-app/node_modules/object-assign/license,"Copyright (c) Sindre Sorhus <sindresorhus@gmail.com> (sindresorhus.com) | The above copyright notice and this permission notice shall be included in | AUTHORS OR COPYRIGHT HOLDERS BE LIABLE FOR ANY CLAIM, DAMAGES OR OTHER",Retain copyright and permission notice in distributions.,PASS_PERMISSIVE,True
npm,object-inspect,1.13.4,False,mobile/participant-app/package-lock.json#node_modules/object-inspect,MIT,MIT,mobile/participant-app/node_modules/object-inspect/LICENSE,"Copyright (c) 2013 James Halliday | The above copyright notice and this permission notice shall be included in all | AUTHORS OR COPYRIGHT HOLDERS BE LIABLE FOR ANY CLAIM, DAMAGES OR OTHER",Retain copyright and permission notice in distributions.,PASS_PERMISSIVE,True
npm,object-keys,1.1.1,False,mobile/participant-app/package-lock.json#node_modules/object-keys,MIT,MIT,mobile/participant-app/node_modules/object-keys/LICENSE,"Copyright (C) 2013 Jordan Harband | The above copyright notice and this permission notice shall be included in | AUTHORS OR COPYRIGHT HOLDERS BE LIABLE FOR ANY CLAIM, DAMAGES OR OTHER",Retain copyright and permission notice in distributions.,PASS_PERMISSIVE,True
npm,object.assign,4.1.7,False,mobile/participant-app/package-lock.json#node_modules/object.assign,MIT,MIT,mobile/participant-app/node_modules/object.assign/LICENSE,"Copyright (c) 2014 Jordan Harband | The above copyright notice and this permission notice shall be included in all | AUTHORS OR COPYRIGHT HOLDERS BE LIABLE FOR ANY CLAIM, DAMAGES OR OTHER",Retain copyright and permission notice in distributions.,PASS_PERMISSIVE,True
npm,object.entries,1.1.9,False,mobile/participant-app/package-lock.json#node_modules/object.entries,MIT,MIT,mobile/participant-app/node_modules/object.entries/LICENSE,"Copyright (c) 2015 Jordan Harband | The above copyright notice and this permission notice shall be included in all | AUTHORS OR COPYRIGHT HOLDERS BE LIABLE FOR ANY CLAIM, DAMAGES OR OTHER",Retain copyright and permission notice in distributions.,PASS_PERMISSIVE,True
npm,object.fromentries,2.0.8,False,mobile/participant-app/package-lock.json#node_modules/object.fromentries,MIT,MIT,mobile/participant-app/node_modules/object.fromentries/LICENSE,"Copyright (c) 2018 Jordan Harband | The above copyright notice and this permission notice shall be included in all | AUTHORS OR COPYRIGHT HOLDERS BE LIABLE FOR ANY CLAIM, DAMAGES OR OTHER",Retain copyright and permission notice in distributions.,PASS_PERMISSIVE,True
npm,object.groupby,1.0.3,False,mobile/participant-app/package-lock.json#node_modules/object.groupby,MIT,MIT,mobile/participant-app/node_modules/object.groupby/LICENSE,"Copyright (c) 2023 ECMAScript Shims | The above copyright notice and this permission notice shall be included in all | AUTHORS OR COPYRIGHT HOLDERS BE LIABLE FOR ANY CLAIM, DAMAGES OR OTHER",Retain copyright and permission notice in distributions.,PASS_PERMISSIVE,True
npm,object.values,1.2.1,False,mobile/participant-app/package-lock.json#node_modules/object.values,MIT,MIT,mobile/participant-app/node_modules/object.values/LICENSE,"Copyright (c) 2015 Jordan Harband | The above copyright notice and this permission notice shall be included in all | AUTHORS OR COPYRIGHT HOLDERS BE LIABLE FOR ANY CLAIM, DAMAGES OR OTHER",Retain copyright and permission notice in distributions.,PASS_PERMISSIVE,True
npm,on-finished,2.3.0,False,mobile/participant-app/package-lock.json#node_modules/on-finished,MIT,MIT,mobile/participant-app/node_modules/on-finished/LICENSE,Copyright (c) 2013 Jonathan Ong <me@jongleberry.com> | Copyright (c) 2014 Douglas Christopher Wilson <doug@somethingdoug.com> | The above copyright notice and this permission notice shall be | IN NO EVENT SHALL THE AUTHORS OR COPYRIGHT HOLDERS BE LIABLE FOR ANY,Retain copyright and permission notice in distributions.,PASS_PERMISSIVE,True
npm,on-headers,1.1.0,False,mobile/participant-app/package-lock.json#node_modules/on-headers,MIT,MIT,mobile/participant-app/node_modules/on-headers/LICENSE,Copyright (c) 2014 Douglas Christopher Wilson | The above copyright notice and this permission notice shall be | IN NO EVENT SHALL THE AUTHORS OR COPYRIGHT HOLDERS BE LIABLE FOR ANY,Retain copyright and permission notice in distributions.,PASS_PERMISSIVE,True
npm,once,1.4.0,False,mobile/participant-app/package-lock.json#node_modules/once,ISC,ISC,mobile/participant-app/node_modules/once/LICENSE,Copyright (c) Isaac Z. Schlueter and Contributors | copyright notice and this permission notice appear in all copies.,Retain copyright and permission notice in distributions.,PASS_PERMISSIVE,True
npm,onetime,2.0.1,False,mobile/participant-app/package-lock.json#node_modules/onetime,MIT,MIT,mobile/participant-app/node_modules/onetime/license,"Copyright (c) Sindre Sorhus <sindresorhus@gmail.com> (sindresorhus.com) | The above copyright notice and this permission notice shall be included in | AUTHORS OR COPYRIGHT HOLDERS BE LIABLE FOR ANY CLAIM, DAMAGES OR OTHER",Retain copyright and permission notice in distributions.,PASS_PERMISSIVE,True
npm,open,7.4.2,False,mobile/participant-app/package-lock.json#node_modules/open,MIT,MIT,mobile/participant-app/node_modules/open/license,"Copyright (c) Sindre Sorhus <sindresorhus@gmail.com> (https://sindresorhus.com) | The above copyright notice and this permission notice shall be included in all copies or substantial portions of the Software. | THE SOFTWARE IS PROVIDED ""AS IS"", WITHOUT WARRANTY OF ANY KIND, EXPRESS OR IMPLIED, INCLUDING BUT NOT LIMITED TO THE WARRANTIES OF MERCHANTABILITY, FITNESS FOR A PARTICULAR PURPOSE AND NONINFRINGEMENT. IN NO EVENT SHALL THE AUTHORS OR COPYRIGHT HOLDERS BE LIABLE FOR ANY CLAIM, DAMAGES OR OTHER LIABILITY, WHETHER IN AN ACTION OF CONTRACT, TORT OR OTHERWISE, ARISING FROM, OUT OF OR IN CONNECTION WITH THE SOFTWARE OR THE USE OR OTHER DEALINGS IN THE SOFTWARE.",Retain copyright and permission notice in distributions.,PASS_PERMISSIVE,True
npm,openapi-typescript,7.13.0,True,mobile/participant-app/package-lock.json#node_modules/openapi-typescript,MIT,MIT,mobile/participant-app/node_modules/openapi-typescript/LICENSE,"Copyright (c) 2020 Drew Powers | The above copyright notice and this permission notice shall be included in all | AUTHORS OR COPYRIGHT HOLDERS BE LIABLE FOR ANY CLAIM, DAMAGES OR OTHER",Retain copyright and permission notice in distributions.,PASS_PERMISSIVE,True
npm,parse-json,8.3.0,False,mobile/participant-app/package-lock.json#node_modules/openapi-typescript/node_modules/parse-json,MIT,MIT,mobile/participant-app/node_modules/openapi-typescript/node_modules/parse-json/license,"Copyright (c) Sindre Sorhus <sindresorhus@gmail.com> (https://sindresorhus.com) | The above copyright notice and this permission notice shall be included in all copies or substantial portions of the Software. | THE SOFTWARE IS PROVIDED ""AS IS"", WITHOUT WARRANTY OF ANY KIND, EXPRESS OR IMPLIED, INCLUDING BUT NOT LIMITED TO THE WARRANTIES OF MERCHANTABILITY, FITNESS FOR A PARTICULAR PURPOSE AND NONINFRINGEMENT. IN NO EVENT SHALL THE AUTHORS OR COPYRIGHT HOLDERS BE LIABLE FOR ANY CLAIM, DAMAGES OR OTHER LIABILITY, WHETHER IN AN ACTION OF CONTRACT, TORT OR OTHERWISE, ARISING FROM, OUT OF OR IN CONNECTION WITH THE SOFTWARE OR THE USE OR OTHER DEALINGS IN THE SOFTWARE.",Retain copyright and permission notice in distributions.,PASS_PERMISSIVE,True
npm,supports-color,10.2.2,False,mobile/participant-app/package-lock.json#node_modules/openapi-typescript/node_modules/supports-color,MIT,MIT,mobile/participant-app/node_modules/openapi-typescript/node_modules/supports-color/license,"Copyright (c) Sindre Sorhus <sindresorhus@gmail.com> (https://sindresorhus.com) | The above copyright notice and this permission notice shall be included in all copies or substantial portions of the Software. | THE SOFTWARE IS PROVIDED ""AS IS"", WITHOUT WARRANTY OF ANY KIND, EXPRESS OR IMPLIED, INCLUDING BUT NOT LIMITED TO THE WARRANTIES OF MERCHANTABILITY, FITNESS FOR A PARTICULAR PURPOSE AND NONINFRINGEMENT. IN NO EVENT SHALL THE AUTHORS OR COPYRIGHT HOLDERS BE LIABLE FOR ANY CLAIM, DAMAGES OR OTHER LIABILITY, WHETHER IN AN ACTION OF CONTRACT, TORT OR OTHERWISE, ARISING FROM, OUT OF OR IN CONNECTION WITH THE SOFTWARE OR THE USE OR OTHER DEALINGS IN THE SOFTWARE.",Retain copyright and permission notice in distributions.,PASS_PERMISSIVE,True
npm,type-fest,4.41.0,False,mobile/participant-app/package-lock.json#node_modules/openapi-typescript/node_modules/type-fest,(MIT OR CC0-1.0),MIT OR CC0-1.0,mobile/participant-app/node_modules/openapi-typescript/node_modules/type-fest/license-cc0,"exclusive Copyright and Related Rights (defined below) upon the creator | is an owner of Copyright and Related Rights in the Work, voluntarily | terms, with knowledge of his or her Copyright and Related Rights in the | 1. Copyright and Related Rights. A Work made available under CC0 may be | protected by copyright and related or neighboring rights (""Copyright and | Related Rights""). Copyright and Related Rights include, but are not | Affirmer's Copyright and Related Rights and associated claims and causes | irrevocable and unconditional license to exercise Affirmer's Copyright and",Retain the notices for the licence option selected for distribution.,PASS_PERMISSIVE,True
npm,optionator,0.9.4,False,mobile/participant-app/package-lock.json#node_modules/optionator,MIT,MIT,mobile/participant-app/node_modules/optionator/LICENSE,Copyright (c) George Zahariev | The above copyright notice and this permission notice shall be | NONINFRINGEMENT. IN NO EVENT SHALL THE AUTHORS OR COPYRIGHT,Retain copyright and permission notice in distributions.,PASS_PERMISSIVE,True
npm,ora,3.4.0,False,mobile/participant-app/package-lock.json#node_modules/ora,MIT,MIT,mobile/participant-app/node_modules/ora/license,"Copyright (c) Sindre Sorhus <sindresorhus@gmail.com> (sindresorhus.com) | The above copyright notice and this permission notice shall be included in all copies or substantial portions of the Software. | THE SOFTWARE IS PROVIDED ""AS IS"", WITHOUT WARRANTY OF ANY KIND, EXPRESS OR IMPLIED, INCLUDING BUT NOT LIMITED TO THE WARRANTIES OF MERCHANTABILITY, FITNESS FOR A PARTICULAR PURPOSE AND NONINFRINGEMENT. IN NO EVENT SHALL THE AUTHORS OR COPYRIGHT HOLDERS BE LIABLE FOR ANY CLAIM, DAMAGES OR OTHER LIABILITY, WHETHER IN AN ACTION OF CONTRACT, TORT OR OTHERWISE, ARISING FROM, OUT OF OR IN CONNECTION WITH THE SOFTWARE OR THE USE OR OTHER DEALINGS IN THE SOFTWARE.",Retain copyright and permission notice in distributions.,PASS_PERMISSIVE,True
npm,ansi-regex,4.1.1,False,mobile/participant-app/package-lock.json#node_modules/ora/node_modules/ansi-regex,MIT,MIT,mobile/participant-app/node_modules/ora/node_modules/ansi-regex/license,"Copyright (c) Sindre Sorhus <sindresorhus@gmail.com> (sindresorhus.com) | The above copyright notice and this permission notice shall be included in all copies or substantial portions of the Software. | THE SOFTWARE IS PROVIDED ""AS IS"", WITHOUT WARRANTY OF ANY KIND, EXPRESS OR IMPLIED, INCLUDING BUT NOT LIMITED TO THE WARRANTIES OF MERCHANTABILITY, FITNESS FOR A PARTICULAR PURPOSE AND NONINFRINGEMENT. IN NO EVENT SHALL THE AUTHORS OR COPYRIGHT HOLDERS BE LIABLE FOR ANY CLAIM, DAMAGES OR OTHER LIABILITY, WHETHER IN AN ACTION OF CONTRACT, TORT OR OTHERWISE, ARISING FROM, OUT OF OR IN CONNECTION WITH THE SOFTWARE OR THE USE OR OTHER DEALINGS IN THE SOFTWARE.",Retain copyright and permission notice in distributions.,PASS_PERMISSIVE,True
npm,ansi-styles,3.2.1,False,mobile/participant-app/package-lock.json#node_modules/ora/node_modules/ansi-styles,MIT,MIT,mobile/participant-app/node_modules/ora/node_modules/ansi-styles/license,"Copyright (c) Sindre Sorhus <sindresorhus@gmail.com> (sindresorhus.com) | The above copyright notice and this permission notice shall be included in all copies or substantial portions of the Software. | THE SOFTWARE IS PROVIDED ""AS IS"", WITHOUT WARRANTY OF ANY KIND, EXPRESS OR IMPLIED, INCLUDING BUT NOT LIMITED TO THE WARRANTIES OF MERCHANTABILITY, FITNESS FOR A PARTICULAR PURPOSE AND NONINFRINGEMENT. IN NO EVENT SHALL THE AUTHORS OR COPYRIGHT HOLDERS BE LIABLE FOR ANY CLAIM, DAMAGES OR OTHER LIABILITY, WHETHER IN AN ACTION OF CONTRACT, TORT OR OTHERWISE, ARISING FROM, OUT OF OR IN CONNECTION WITH THE SOFTWARE OR THE USE OR OTHER DEALINGS IN THE SOFTWARE.",Retain copyright and permission notice in distributions.,PASS_PERMISSIVE,True
npm,chalk,2.4.2,False,mobile/participant-app/package-lock.json#node_modules/ora/node_modules/chalk,MIT,MIT,mobile/participant-app/node_modules/ora/node_modules/chalk/license,"Copyright (c) Sindre Sorhus <sindresorhus@gmail.com> (sindresorhus.com) | The above copyright notice and this permission notice shall be included in all copies or substantial portions of the Software. | THE SOFTWARE IS PROVIDED ""AS IS"", WITHOUT WARRANTY OF ANY KIND, EXPRESS OR IMPLIED, INCLUDING BUT NOT LIMITED TO THE WARRANTIES OF MERCHANTABILITY, FITNESS FOR A PARTICULAR PURPOSE AND NONINFRINGEMENT. IN NO EVENT SHALL THE AUTHORS OR COPYRIGHT HOLDERS BE LIABLE FOR ANY CLAIM, DAMAGES OR OTHER LIABILITY, WHETHER IN AN ACTION OF CONTRACT, TORT OR OTHERWISE, ARISING FROM, OUT OF OR IN CONNECTION WITH THE SOFTWARE OR THE USE OR OTHER DEALINGS IN THE SOFTWARE.",Retain copyright and permission notice in distributions.,PASS_PERMISSIVE,True
npm,color-convert,1.9.3,False,mobile/participant-app/package-lock.json#node_modules/ora/node_modules/color-convert,MIT,MIT,mobile/participant-app/node_modules/ora/node_modules/color-convert/LICENSE,Copyright (c) 2011-2016 Heather Arthur <fayearthur@gmail.com> | The above copyright notice and this permission notice shall be | NONINFRINGEMENT. IN NO EVENT SHALL THE AUTHORS OR COPYRIGHT HOLDERS BE,Retain copyright and permission notice in distributions.,PASS_PERMISSIVE,True
npm,color-name,1.1.3,False,mobile/participant-app/package-lock.json#node_modules/ora/node_modules/color-name,MIT,MIT,mobile/participant-app/node_modules/ora/node_modules/color-name/LICENSE,"Copyright (c) 2015 Dmitry Ivanov | The above copyright notice and this permission notice shall be included in all copies or substantial portions of the Software. | THE SOFTWARE IS PROVIDED ""AS IS"", WITHOUT WARRANTY OF ANY KIND, EXPRESS OR IMPLIED, INCLUDING BUT NOT LIMITED TO THE WARRANTIES OF MERCHANTABILITY, FITNESS FOR A PARTICULAR PURPOSE AND NONINFRINGEMENT. IN NO EVENT SHALL THE AUTHORS OR COPYRIGHT HOLDERS BE LIABLE FOR ANY CLAIM, DAMAGES OR OTHER LIABILITY, WHETHER IN AN ACTION OF CONTRACT, TORT OR OTHERWISE, ARISING FROM, OUT OF OR IN CONNECTION WITH THE SOFTWARE OR THE USE OR OTHER DEALINGS IN THE SOFTWARE.",Retain copyright and permission notice in distributions.,PASS_PERMISSIVE,True
npm,escape-string-regexp,1.0.5,False,mobile/participant-app/package-lock.json#node_modules/ora/node_modules/escape-string-regexp,MIT,MIT,mobile/participant-app/node_modules/ora/node_modules/escape-string-regexp/license,"Copyright (c) Sindre Sorhus <sindresorhus@gmail.com> (sindresorhus.com) | The above copyright notice and this permission notice shall be included in | AUTHORS OR COPYRIGHT HOLDERS BE LIABLE FOR ANY CLAIM, DAMAGES OR OTHER",Retain copyright and permission notice in distributions.,PASS_PERMISSIVE,True
npm,has-flag,3.0.0,False,mobile/participant-app/package-lock.json#node_modules/ora/node_modules/has-flag,MIT,MIT,mobile/participant-app/node_modules/ora/node_modules/has-flag/license,"Copyright (c) Sindre Sorhus <sindresorhus@gmail.com> (sindresorhus.com) | The above copyright notice and this permission notice shall be included in all copies or substantial portions of the Software. | THE SOFTWARE IS PROVIDED ""AS IS"", WITHOUT WARRANTY OF ANY KIND, EXPRESS OR IMPLIED, INCLUDING BUT NOT LIMITED TO THE WARRANTIES OF MERCHANTABILITY, FITNESS FOR A PARTICULAR PURPOSE AND NONINFRINGEMENT. IN NO EVENT SHALL THE AUTHORS OR COPYRIGHT HOLDERS BE LIABLE FOR ANY CLAIM, DAMAGES OR OTHER LIABILITY, WHETHER IN AN ACTION OF CONTRACT, TORT OR OTHERWISE, ARISING FROM, OUT OF OR IN CONNECTION WITH THE SOFTWARE OR THE USE OR OTHER DEALINGS IN THE SOFTWARE.",Retain copyright and permission notice in distributions.,PASS_PERMISSIVE,True
npm,strip-ansi,5.2.0,False,mobile/participant-app/package-lock.json#node_modules/ora/node_modules/strip-ansi,MIT,MIT,mobile/participant-app/node_modules/ora/node_modules/strip-ansi/license,"Copyright (c) Sindre Sorhus <sindresorhus@gmail.com> (sindresorhus.com) | The above copyright notice and this permission notice shall be included in all copies or substantial portions of the Software. | THE SOFTWARE IS PROVIDED ""AS IS"", WITHOUT WARRANTY OF ANY KIND, EXPRESS OR IMPLIED, INCLUDING BUT NOT LIMITED TO THE WARRANTIES OF MERCHANTABILITY, FITNESS FOR A PARTICULAR PURPOSE AND NONINFRINGEMENT. IN NO EVENT SHALL THE AUTHORS OR COPYRIGHT HOLDERS BE LIABLE FOR ANY CLAIM, DAMAGES OR OTHER LIABILITY, WHETHER IN AN ACTION OF CONTRACT, TORT OR OTHERWISE, ARISING FROM, OUT OF OR IN CONNECTION WITH THE SOFTWARE OR THE USE OR OTHER DEALINGS IN THE SOFTWARE.",Retain copyright and permission notice in distributions.,PASS_PERMISSIVE,True
npm,supports-color,5.5.0,False,mobile/participant-app/package-lock.json#node_modules/ora/node_modules/supports-color,MIT,MIT,mobile/participant-app/node_modules/ora/node_modules/supports-color/license,"Copyright (c) Sindre Sorhus <sindresorhus@gmail.com> (sindresorhus.com) | The above copyright notice and this permission notice shall be included in all copies or substantial portions of the Software. | THE SOFTWARE IS PROVIDED ""AS IS"", WITHOUT WARRANTY OF ANY KIND, EXPRESS OR IMPLIED, INCLUDING BUT NOT LIMITED TO THE WARRANTIES OF MERCHANTABILITY, FITNESS FOR A PARTICULAR PURPOSE AND NONINFRINGEMENT. IN NO EVENT SHALL THE AUTHORS OR COPYRIGHT HOLDERS BE LIABLE FOR ANY CLAIM, DAMAGES OR OTHER LIABILITY, WHETHER IN AN ACTION OF CONTRACT, TORT OR OTHERWISE, ARISING FROM, OUT OF OR IN CONNECTION WITH THE SOFTWARE OR THE USE OR OTHER DEALINGS IN THE SOFTWARE.",Retain copyright and permission notice in distributions.,PASS_PERMISSIVE,True
npm,own-keys,1.0.2,False,mobile/participant-app/package-lock.json#node_modules/own-keys,MIT,MIT,mobile/participant-app/node_modules/own-keys/LICENSE,"Copyright (c) 2024 Jordan Harband | The above copyright notice and this permission notice shall be included in all | AUTHORS OR COPYRIGHT HOLDERS BE LIABLE FOR ANY CLAIM, DAMAGES OR OTHER",Retain copyright and permission notice in distributions.,PASS_PERMISSIVE,True
npm,p-limit,3.1.0,False,mobile/participant-app/package-lock.json#node_modules/p-limit,MIT,MIT,mobile/participant-app/node_modules/p-limit/license,"Copyright (c) Sindre Sorhus <sindresorhus@gmail.com> (https://sindresorhus.com) | The above copyright notice and this permission notice shall be included in all copies or substantial portions of the Software. | THE SOFTWARE IS PROVIDED ""AS IS"", WITHOUT WARRANTY OF ANY KIND, EXPRESS OR IMPLIED, INCLUDING BUT NOT LIMITED TO THE WARRANTIES OF MERCHANTABILITY, FITNESS FOR A PARTICULAR PURPOSE AND NONINFRINGEMENT. IN NO EVENT SHALL THE AUTHORS OR COPYRIGHT HOLDERS BE LIABLE FOR ANY CLAIM, DAMAGES OR OTHER LIABILITY, WHETHER IN AN ACTION OF CONTRACT, TORT OR OTHERWISE, ARISING FROM, OUT OF OR IN CONNECTION WITH THE SOFTWARE OR THE USE OR OTHER DEALINGS IN THE SOFTWARE.",Retain copyright and permission notice in distributions.,PASS_PERMISSIVE,True
npm,p-locate,4.1.0,False,mobile/participant-app/package-lock.json#node_modules/p-locate,MIT,MIT,mobile/participant-app/node_modules/p-locate/license,"Copyright (c) Sindre Sorhus <sindresorhus@gmail.com> (sindresorhus.com) | The above copyright notice and this permission notice shall be included in all copies or substantial portions of the Software. | THE SOFTWARE IS PROVIDED ""AS IS"", WITHOUT WARRANTY OF ANY KIND, EXPRESS OR IMPLIED, INCLUDING BUT NOT LIMITED TO THE WARRANTIES OF MERCHANTABILITY, FITNESS FOR A PARTICULAR PURPOSE AND NONINFRINGEMENT. IN NO EVENT SHALL THE AUTHORS OR COPYRIGHT HOLDERS BE LIABLE FOR ANY CLAIM, DAMAGES OR OTHER LIABILITY, WHETHER IN AN ACTION OF CONTRACT, TORT OR OTHERWISE, ARISING FROM, OUT OF OR IN CONNECTION WITH THE SOFTWARE OR THE USE OR OTHER DEALINGS IN THE SOFTWARE.",Retain copyright and permission notice in distributions.,PASS_PERMISSIVE,True
npm,p-limit,2.3.0,False,mobile/participant-app/package-lock.json#node_modules/p-locate/node_modules/p-limit,MIT,MIT,mobile/participant-app/node_modules/p-locate/node_modules/p-limit/license,"Copyright (c) Sindre Sorhus <sindresorhus@gmail.com> (sindresorhus.com) | The above copyright notice and this permission notice shall be included in all copies or substantial portions of the Software. | THE SOFTWARE IS PROVIDED ""AS IS"", WITHOUT WARRANTY OF ANY KIND, EXPRESS OR IMPLIED, INCLUDING BUT NOT LIMITED TO THE WARRANTIES OF MERCHANTABILITY, FITNESS FOR A PARTICULAR PURPOSE AND NONINFRINGEMENT. IN NO EVENT SHALL THE AUTHORS OR COPYRIGHT HOLDERS BE LIABLE FOR ANY CLAIM, DAMAGES OR OTHER LIABILITY, WHETHER IN AN ACTION OF CONTRACT, TORT OR OTHERWISE, ARISING FROM, OUT OF OR IN CONNECTION WITH THE SOFTWARE OR THE USE OR OTHER DEALINGS IN THE SOFTWARE.",Retain copyright and permission notice in distributions.,PASS_PERMISSIVE,True
npm,p-try,2.2.0,False,mobile/participant-app/package-lock.json#node_modules/p-try,MIT,MIT,mobile/participant-app/node_modules/p-try/license,"Copyright (c) Sindre Sorhus <sindresorhus@gmail.com> (sindresorhus.com) | The above copyright notice and this permission notice shall be included in all copies or substantial portions of the Software. | THE SOFTWARE IS PROVIDED ""AS IS"", WITHOUT WARRANTY OF ANY KIND, EXPRESS OR IMPLIED, INCLUDING BUT NOT LIMITED TO THE WARRANTIES OF MERCHANTABILITY, FITNESS FOR A PARTICULAR PURPOSE AND NONINFRINGEMENT. IN NO EVENT SHALL THE AUTHORS OR COPYRIGHT HOLDERS BE LIABLE FOR ANY CLAIM, DAMAGES OR OTHER LIABILITY, WHETHER IN AN ACTION OF CONTRACT, TORT OR OTHERWISE, ARISING FROM, OUT OF OR IN CONNECTION WITH THE SOFTWARE OR THE USE OR OTHER DEALINGS IN THE SOFTWARE.",Retain copyright and permission notice in distributions.,PASS_PERMISSIVE,True
npm,parent-module,1.0.1,False,mobile/participant-app/package-lock.json#node_modules/parent-module,MIT,MIT,mobile/participant-app/node_modules/parent-module/license,"Copyright (c) Sindre Sorhus <sindresorhus@gmail.com> (sindresorhus.com) | The above copyright notice and this permission notice shall be included in all copies or substantial portions of the Software. | THE SOFTWARE IS PROVIDED ""AS IS"", WITHOUT WARRANTY OF ANY KIND, EXPRESS OR IMPLIED, INCLUDING BUT NOT LIMITED TO THE WARRANTIES OF MERCHANTABILITY, FITNESS FOR A PARTICULAR PURPOSE AND NONINFRINGEMENT. IN NO EVENT SHALL THE AUTHORS OR COPYRIGHT HOLDERS BE LIABLE FOR ANY CLAIM, DAMAGES OR OTHER LIABILITY, WHETHER IN AN ACTION OF CONTRACT, TORT OR OTHERWISE, ARISING FROM, OUT OF OR IN CONNECTION WITH THE SOFTWARE OR THE USE OR OTHER DEALINGS IN THE SOFTWARE.",Retain copyright and permission notice in distributions.,PASS_PERMISSIVE,True
npm,parse-json,5.2.0,False,mobile/participant-app/package-lock.json#node_modules/parse-json,MIT,MIT,mobile/participant-app/node_modules/parse-json/license,"Copyright (c) Sindre Sorhus <sindresorhus@gmail.com> (https://sindresorhus.com) | The above copyright notice and this permission notice shall be included in all copies or substantial portions of the Software. | THE SOFTWARE IS PROVIDED ""AS IS"", WITHOUT WARRANTY OF ANY KIND, EXPRESS OR IMPLIED, INCLUDING BUT NOT LIMITED TO THE WARRANTIES OF MERCHANTABILITY, FITNESS FOR A PARTICULAR PURPOSE AND NONINFRINGEMENT. IN NO EVENT SHALL THE AUTHORS OR COPYRIGHT HOLDERS BE LIABLE FOR ANY CLAIM, DAMAGES OR OTHER LIABILITY, WHETHER IN AN ACTION OF CONTRACT, TORT OR OTHERWISE, ARISING FROM, OUT OF OR IN CONNECTION WITH THE SOFTWARE OR THE USE OR OTHER DEALINGS IN THE SOFTWARE.",Retain copyright and permission notice in distributions.,PASS_PERMISSIVE,True
npm,parse-png,2.1.0,False,mobile/participant-app/package-lock.json#node_modules/parse-png,MIT,MIT,mobile/participant-app/node_modules/parse-png/license,"Copyright (c) Kevin Mårtensson <kevinmartensson@gmail.com> (github.com/kevva) | The above copyright notice and this permission notice shall be included in all copies or substantial portions of the Software. | THE SOFTWARE IS PROVIDED ""AS IS"", WITHOUT WARRANTY OF ANY KIND, EXPRESS OR IMPLIED, INCLUDING BUT NOT LIMITED TO THE WARRANTIES OF MERCHANTABILITY, FITNESS FOR A PARTICULAR PURPOSE AND NONINFRINGEMENT. IN NO EVENT SHALL THE AUTHORS OR COPYRIGHT HOLDERS BE LIABLE FOR ANY CLAIM, DAMAGES OR OTHER LIABILITY, WHETHER IN AN ACTION OF CONTRACT, TORT OR OTHERWISE, ARISING FROM, OUT OF OR IN CONNECTION WITH THE SOFTWARE OR THE USE OR OTHER DEALINGS IN THE SOFTWARE.",Retain copyright and permission notice in distributions.,PASS_PERMISSIVE,True
npm,parse5,7.3.0,False,mobile/participant-app/package-lock.json#node_modules/parse5,MIT,MIT,mobile/participant-app/node_modules/parse5/LICENSE,"Copyright (c) 2013-2019 Ivan Nikulin (ifaaan@gmail.com, https://github.com/inikulin) | The above copyright notice and this permission notice shall be included in | AUTHORS OR COPYRIGHT HOLDERS BE LIABLE FOR ANY CLAIM, DAMAGES OR OTHER",Retain copyright and permission notice in distributions.,PASS_PERMISSIVE,True
npm,parseurl,1.3.3,False,mobile/participant-app/package-lock.json#node_modules/parseurl,MIT,MIT,mobile/participant-app/node_modules/parseurl/LICENSE,Copyright (c) 2014 Jonathan Ong <me@jongleberry.com> | Copyright (c) 2014-2017 Douglas Christopher Wilson <doug@somethingdoug.com> | The above copyright notice and this permission notice shall be | IN NO EVENT SHALL THE AUTHORS OR COPYRIGHT HOLDERS BE LIABLE FOR ANY,Retain copyright and permission notice in distributions.,PASS_PERMISSIVE,True
npm,path-exists,4.0.0,False,mobile/participant-app/package-lock.json#node_modules/path-exists,MIT,MIT,mobile/participant-app/node_modules/path-exists/license,"Copyright (c) Sindre Sorhus <sindresorhus@gmail.com> (sindresorhus.com) | The above copyright notice and this permission notice shall be included in all copies or substantial portions of the Software. | THE SOFTWARE IS PROVIDED ""AS IS"", WITHOUT WARRANTY OF ANY KIND, EXPRESS OR IMPLIED, INCLUDING BUT NOT LIMITED TO THE WARRANTIES OF MERCHANTABILITY, FITNESS FOR A PARTICULAR PURPOSE AND NONINFRINGEMENT. IN NO EVENT SHALL THE AUTHORS OR COPYRIGHT HOLDERS BE LIABLE FOR ANY CLAIM, DAMAGES OR OTHER LIABILITY, WHETHER IN AN ACTION OF CONTRACT, TORT OR OTHERWISE, ARISING FROM, OUT OF OR IN CONNECTION WITH THE SOFTWARE OR THE USE OR OTHER DEALINGS IN THE SOFTWARE.",Retain copyright and permission notice in distributions.,PASS_PERMISSIVE,True
npm,path-is-absolute,1.0.1,False,mobile/participant-app/package-lock.json#node_modules/path-is-absolute,MIT,MIT,mobile/participant-app/node_modules/path-is-absolute/license,"Copyright (c) Sindre Sorhus <sindresorhus@gmail.com> (sindresorhus.com) | The above copyright notice and this permission notice shall be included in | AUTHORS OR COPYRIGHT HOLDERS BE LIABLE FOR ANY CLAIM, DAMAGES OR OTHER",Retain copyright and permission notice in distributions.,PASS_PERMISSIVE,True
npm,path-key,3.1.1,False,mobile/participant-app/package-lock.json#node_modules/path-key,MIT,MIT,mobile/participant-app/node_modules/path-key/license,"Copyright (c) Sindre Sorhus <sindresorhus@gmail.com> (sindresorhus.com) | The above copyright notice and this permission notice shall be included in all copies or substantial portions of the Software. | THE SOFTWARE IS PROVIDED ""AS IS"", WITHOUT WARRANTY OF ANY KIND, EXPRESS OR IMPLIED, INCLUDING BUT NOT LIMITED TO THE WARRANTIES OF MERCHANTABILITY, FITNESS FOR A PARTICULAR PURPOSE AND NONINFRINGEMENT. IN NO EVENT SHALL THE AUTHORS OR COPYRIGHT HOLDERS BE LIABLE FOR ANY CLAIM, DAMAGES OR OTHER LIABILITY, WHETHER IN AN ACTION OF CONTRACT, TORT OR OTHERWISE, ARISING FROM, OUT OF OR IN CONNECTION WITH THE SOFTWARE OR THE USE OR OTHER DEALINGS IN THE SOFTWARE.",Retain copyright and permission notice in distributions.,PASS_PERMISSIVE,True
npm,path-parse,1.0.7,False,mobile/participant-app/package-lock.json#node_modules/path-parse,MIT,MIT,mobile/participant-app/node_modules/path-parse/LICENSE,"Copyright (c) 2015 Javier Blanco | The above copyright notice and this permission notice shall be included in all | AUTHORS OR COPYRIGHT HOLDERS BE LIABLE FOR ANY CLAIM, DAMAGES OR OTHER",Retain copyright and permission notice in distributions.,PASS_PERMISSIVE,True
npm,path-scurry,2.0.2,False,mobile/participant-app/package-lock.json#node_modules/path-scurry,BlueOak-1.0.0,BlueOak-1.0.0,mobile/participant-app/node_modules/path-scurry/LICENSE.md,## Copyright | copyright in it.,Confirm the exact licence text and retain required notice before distribution.,HUMAN_LEGAL_REVIEW,True
npm,lru-cache,11.5.2,False,mobile/participant-app/package-lock.json#node_modules/path-scurry/node_modules/lru-cache,BlueOak-1.0.0,BlueOak-1.0.0,mobile/participant-app/node_modules/path-scurry/node_modules/lru-cache/LICENSE.md,## Copyright | copyright in it.,Confirm the exact licence text and retain required notice before distribution.,HUMAN_LEGAL_REVIEW,True
npm,picocolors,1.1.1,False,mobile/participant-app/package-lock.json#node_modules/picocolors,ISC,ISC,mobile/participant-app/node_modules/picocolors/LICENSE,"Copyright (c) 2021-2024 Oleksii Raspopov, Kostiantyn Denysov, Anton Verinov | copyright notice and this permission notice appear in all copies.",Retain copyright and permission notice in distributions.,PASS_PERMISSIVE,True
npm,picomatch,2.3.2,False,mobile/participant-app/package-lock.json#node_modules/picomatch,MIT,MIT,mobile/participant-app/node_modules/picomatch/LICENSE,"Copyright (c) 2017-present, Jon Schlinkert. | The above copyright notice and this permission notice shall be included in | AUTHORS OR COPYRIGHT HOLDERS BE LIABLE FOR ANY CLAIM, DAMAGES OR OTHER",Retain copyright and permission notice in distributions.,PASS_PERMISSIVE,True
npm,pirates,4.0.7,False,mobile/participant-app/package-lock.json#node_modules/pirates,MIT,MIT,mobile/participant-app/node_modules/pirates/LICENSE,"Copyright (c) 2016-2018 Ari Porad | The above copyright notice and this permission notice shall be included in all | AUTHORS OR COPYRIGHT HOLDERS BE LIABLE FOR ANY CLAIM, DAMAGES OR OTHER",Retain copyright and permission notice in distributions.,PASS_PERMISSIVE,True
npm,pkg-dir,4.2.0,False,mobile/participant-app/package-lock.json#node_modules/pkg-dir,MIT,MIT,mobile/participant-app/node_modules/pkg-dir/license,"Copyright (c) Sindre Sorhus <sindresorhus@gmail.com> (sindresorhus.com) | The above copyright notice and this permission notice shall be included in all copies or substantial portions of the Software. | THE SOFTWARE IS PROVIDED ""AS IS"", WITHOUT WARRANTY OF ANY KIND, EXPRESS OR IMPLIED, INCLUDING BUT NOT LIMITED TO THE WARRANTIES OF MERCHANTABILITY, FITNESS FOR A PARTICULAR PURPOSE AND NONINFRINGEMENT. IN NO EVENT SHALL THE AUTHORS OR COPYRIGHT HOLDERS BE LIABLE FOR ANY CLAIM, DAMAGES OR OTHER LIABILITY, WHETHER IN AN ACTION OF CONTRACT, TORT OR OTHERWISE, ARISING FROM, OUT OF OR IN CONNECTION WITH THE SOFTWARE OR THE USE OR OTHER DEALINGS IN THE SOFTWARE.",Retain copyright and permission notice in distributions.,PASS_PERMISSIVE,True
npm,plist,3.1.1,False,mobile/participant-app/package-lock.json#node_modules/plist,MIT,MIT,mobile/participant-app/node_modules/plist/LICENSE,Copyright (c) 2010-2017 Nathan Rajlich <nathan@tootallnate.net> | The above copyright notice and this permission notice shall be | NONINFRINGEMENT. IN NO EVENT SHALL THE AUTHORS OR COPYRIGHT,Retain copyright and permission notice in distributions.,PASS_PERMISSIVE,True
npm,@xmldom/xmldom,0.9.10,False,mobile/participant-app/package-lock.json#node_modules/plist/node_modules/@xmldom/xmldom,MIT,MIT,mobile/participant-app/node_modules/plist/node_modules/@xmldom/xmldom/LICENSE,"Copyright 2019 - present Christopher J. Brody and other contributors, as listed in: https://github.com/xmldom/xmldom/graphs/contributors | Copyright 2012 - 2017 @jindw <jindw@xidea.org> and other contributors, as listed in: https://github.com/jindw/xmldom/graphs/contributors | The above copyright notice and this permission notice shall be included in all copies or substantial portions of the Software. | THE SOFTWARE IS PROVIDED ""AS IS"", WITHOUT WARRANTY OF ANY KIND, EXPRESS OR IMPLIED, INCLUDING BUT NOT LIMITED TO THE WARRANTIES OF MERCHANTABILITY, FITNESS FOR A PARTICULAR PURPOSE AND NONINFRINGEMENT. IN NO EVENT SHALL THE AUTHORS OR COPYRIGHT HOLDERS BE LIABLE FOR ANY CLAIM, DAMAGES OR OTHER LIABILITY, WHETHER IN AN ACTION OF CONTRACT, TORT OR OTHERWISE, ARISING FROM, OUT OF OR IN CONNECTION WITH THE SOFTWARE OR THE USE OR OTHER DEALINGS IN THE SOFTWARE.",Retain copyright and permission notice in distributions.,PASS_PERMISSIVE,True
npm,pluralize,8.0.0,False,mobile/participant-app/package-lock.json#node_modules/pluralize,MIT,MIT,mobile/participant-app/node_modules/pluralize/LICENSE,"Copyright (c) 2013 Blake Embrey (hello@blakeembrey.com) | The above copyright notice and this permission notice shall be included in | AUTHORS OR COPYRIGHT HOLDERS BE LIABLE FOR ANY CLAIM, DAMAGES OR OTHER",Retain copyright and permission notice in distributions.,PASS_PERMISSIVE,True
npm,pngjs,3.4.0,False,mobile/participant-app/package-lock.json#node_modules/pngjs,MIT,MIT,mobile/participant-app/node_modules/pngjs/LICENSE,"pngjs2 original work Copyright (c) 2015 Luke Page & Original Contributors | pngjs derived work Copyright (c) 2012 Kuba Niegowski | The above copyright notice and this permission notice shall be included in | AUTHORS OR COPYRIGHT HOLDERS BE LIABLE FOR ANY CLAIM, DAMAGES OR OTHER",Retain copyright and permission notice in distributions.,PASS_PERMISSIVE,True
npm,possible-typed-array-names,1.1.0,False,mobile/participant-app/package-lock.json#node_modules/possible-typed-array-names,MIT,MIT,mobile/participant-app/node_modules/possible-typed-array-names/LICENSE,"Copyright (c) 2024 Jordan Harband | The above copyright notice and this permission notice shall be included in all | AUTHORS OR COPYRIGHT HOLDERS BE LIABLE FOR ANY CLAIM, DAMAGES OR OTHER",Retain copyright and permission notice in distributions.,PASS_PERMISSIVE,True
npm,postcss,8.5.25,False,mobile/participant-app/package-lock.json#node_modules/postcss,MIT,MIT,mobile/participant-app/node_modules/postcss/LICENSE,"Copyright 2013 Andrey Sitnik <andrey@sitnik.es> | The above copyright notice and this permission notice shall be included in all | COPYRIGHT HOLDERS BE LIABLE FOR ANY CLAIM, DAMAGES OR OTHER LIABILITY, WHETHER",Retain copyright and permission notice in distributions.,PASS_PERMISSIVE,True
npm,prelude-ls,1.2.1,False,mobile/participant-app/package-lock.json#node_modules/prelude-ls,MIT,MIT,mobile/participant-app/node_modules/prelude-ls/LICENSE,Copyright (c) George Zahariev | The above copyright notice and this permission notice shall be | NONINFRINGEMENT. IN NO EVENT SHALL THE AUTHORS OR COPYRIGHT,Retain copyright and permission notice in distributions.,PASS_PERMISSIVE,True
npm,pretty-format,29.7.0,False,mobile/participant-app/package-lock.json#node_modules/pretty-format,MIT,MIT,mobile/participant-app/node_modules/pretty-format/LICENSE,"Copyright (c) Meta Platforms, Inc. and affiliates. | The above copyright notice and this permission notice shall be included in all | AUTHORS OR COPYRIGHT HOLDERS BE LIABLE FOR ANY CLAIM, DAMAGES OR OTHER",Retain copyright and permission notice in distributions.,PASS_PERMISSIVE,True
npm,ansi-styles,5.2.0,False,mobile/participant-app/package-lock.json#node_modules/pretty-format/node_modules/ansi-styles,MIT,MIT,mobile/participant-app/node_modules/pretty-format/node_modules/ansi-styles/license,"Copyright (c) Sindre Sorhus <sindresorhus@gmail.com> (sindresorhus.com) | The above copyright notice and this permission notice shall be included in all copies or substantial portions of the Software. | THE SOFTWARE IS PROVIDED ""AS IS"", WITHOUT WARRANTY OF ANY KIND, EXPRESS OR IMPLIED, INCLUDING BUT NOT LIMITED TO THE WARRANTIES OF MERCHANTABILITY, FITNESS FOR A PARTICULAR PURPOSE AND NONINFRINGEMENT. IN NO EVENT SHALL THE AUTHORS OR COPYRIGHT HOLDERS BE LIABLE FOR ANY CLAIM, DAMAGES OR OTHER LIABILITY, WHETHER IN AN ACTION OF CONTRACT, TORT OR OTHERWISE, ARISING FROM, OUT OF OR IN CONNECTION WITH THE SOFTWARE OR THE USE OR OTHER DEALINGS IN THE SOFTWARE.",Retain copyright and permission notice in distributions.,PASS_PERMISSIVE,True
npm,proc-log,4.2.0,False,mobile/participant-app/package-lock.json#node_modules/proc-log,ISC,ISC,mobile/participant-app/node_modules/proc-log/LICENSE,"Copyright (c) GitHub, Inc. | copyright notice and this permission notice appear in all copies.",Retain copyright and permission notice in distributions.,PASS_PERMISSIVE,True
npm,progress,2.0.3,False,mobile/participant-app/package-lock.json#node_modules/progress,MIT,MIT,mobile/participant-app/node_modules/progress/LICENSE,Copyright (c) 2017 TJ Holowaychuk <tj@vision-media.ca> | The above copyright notice and this permission notice shall be | IN NO EVENT SHALL THE AUTHORS OR COPYRIGHT HOLDERS BE LIABLE FOR ANY,Retain copyright and permission notice in distributions.,PASS_PERMISSIVE,True
npm,promise,8.3.0,False,mobile/participant-app/package-lock.json#node_modules/promise,MIT,MIT,mobile/participant-app/node_modules/promise/LICENSE,"Copyright (c) 2014 Forbes Lindesay | The above copyright notice and this permission notice shall be included in | AUTHORS OR COPYRIGHT HOLDERS BE LIABLE FOR ANY CLAIM, DAMAGES OR OTHER",Retain copyright and permission notice in distributions.,PASS_PERMISSIVE,True
npm,prompts,2.4.2,False,mobile/participant-app/package-lock.json#node_modules/prompts,MIT,MIT,mobile/participant-app/node_modules/prompts/license,"Copyright (c) 2018 Terkel Gjervig Nielsen | The above copyright notice and this permission notice shall be included in all | AUTHORS OR COPYRIGHT HOLDERS BE LIABLE FOR ANY CLAIM, DAMAGES OR OTHER",Retain copyright and permission notice in distributions.,PASS_PERMISSIVE,True
npm,prop-types,15.8.1,False,mobile/participant-app/package-lock.json#node_modules/prop-types,MIT,MIT,mobile/participant-app/node_modules/prop-types/LICENSE,"Copyright (c) 2013-present, Facebook, Inc. | The above copyright notice and this permission notice shall be included in all | AUTHORS OR COPYRIGHT HOLDERS BE LIABLE FOR ANY CLAIM, DAMAGES OR OTHER",Retain copyright and permission notice in distributions.,PASS_PERMISSIVE,True
npm,react-is,16.13.1,False,mobile/participant-app/package-lock.json#node_modules/prop-types/node_modules/react-is,MIT,MIT,mobile/participant-app/node_modules/prop-types/node_modules/react-is/LICENSE,"Copyright (c) Facebook, Inc. and its affiliates. | The above copyright notice and this permission notice shall be included in all | AUTHORS OR COPYRIGHT HOLDERS BE LIABLE FOR ANY CLAIM, DAMAGES OR OTHER",Retain copyright and permission notice in distributions.,PASS_PERMISSIVE,True
npm,psl,1.15.0,False,mobile/participant-app/package-lock.json#node_modules/psl,MIT,MIT,mobile/participant-app/node_modules/psl/LICENSE,"Copyright (c) 2017 Lupo Montero lupomontero@gmail.com | The above copyright notice and this permission notice shall be included in all copies or substantial portions of the Software. | THE SOFTWARE IS PROVIDED ""AS IS"", WITHOUT WARRANTY OF ANY KIND, EXPRESS OR IMPLIED, INCLUDING BUT NOT LIMITED TO THE WARRANTIES OF MERCHANTABILITY, FITNESS FOR A PARTICULAR PURPOSE AND NONINFRINGEMENT. IN NO EVENT SHALL THE AUTHORS OR COPYRIGHT HOLDERS BE LIABLE FOR ANY CLAIM, DAMAGES OR OTHER LIABILITY, WHETHER IN AN ACTION OF CONTRACT, TORT OR OTHERWISE, ARISING FROM, OUT OF OR IN CONNECTION WITH THE SOFTWARE OR THE USE OR OTHER DEALINGS IN THE SOFTWARE.",Retain copyright and permission notice in distributions.,PASS_PERMISSIVE,True
npm,punycode,2.3.1,False,mobile/participant-app/package-lock.json#node_modules/punycode,MIT,MIT,mobile/participant-app/node_modules/punycode/LICENSE-MIT.txt,Copyright Mathias Bynens <https://mathiasbynens.be/> | The above copyright notice and this permission notice shall be | NONINFRINGEMENT. IN NO EVENT SHALL THE AUTHORS OR COPYRIGHT HOLDERS BE,Retain copyright and permission notice in distributions.,PASS_PERMISSIVE,True
npm,pure-rand,6.1.0,False,mobile/participant-app/package-lock.json#node_modules/pure-rand,MIT,MIT,mobile/participant-app/node_modules/pure-rand/LICENSE,"Copyright (c) 2018 Nicolas DUBIEN | The above copyright notice and this permission notice shall be included in all | AUTHORS OR COPYRIGHT HOLDERS BE LIABLE FOR ANY CLAIM, DAMAGES OR OTHER",Retain copyright and permission notice in distributions.,PASS_PERMISSIVE,True
npm,query-string,7.1.3,False,mobile/participant-app/package-lock.json#node_modules/query-string,MIT,MIT,mobile/participant-app/node_modules/query-string/license,"Copyright (c) Sindre Sorhus <sindresorhus@gmail.com> (http://sindresorhus.com) | The above copyright notice and this permission notice shall be included in all copies or substantial portions of the Software. | THE SOFTWARE IS PROVIDED ""AS IS"", WITHOUT WARRANTY OF ANY KIND, EXPRESS OR IMPLIED, INCLUDING BUT NOT LIMITED TO THE WARRANTIES OF MERCHANTABILITY, FITNESS FOR A PARTICULAR PURPOSE AND NONINFRINGEMENT. IN NO EVENT SHALL THE AUTHORS OR COPYRIGHT HOLDERS BE LIABLE FOR ANY CLAIM, DAMAGES OR OTHER LIABILITY, WHETHER IN AN ACTION OF CONTRACT, TORT OR OTHERWISE, ARISING FROM, OUT OF OR IN CONNECTION WITH THE SOFTWARE OR THE USE OR OTHER DEALINGS IN THE SOFTWARE.",Retain copyright and permission notice in distributions.,PASS_PERMISSIVE,True
npm,querystringify,2.2.0,False,mobile/participant-app/package-lock.json#node_modules/querystringify,MIT,MIT,mobile/participant-app/node_modules/querystringify/LICENSE,"Copyright (c) 2015 Unshift.io, Arnout Kazemier,  the Contributors. | The above copyright notice and this permission notice shall be included in all | AUTHORS OR COPYRIGHT HOLDERS BE LIABLE FOR ANY CLAIM, DAMAGES OR OTHER",Retain copyright and permission notice in distributions.,PASS_PERMISSIVE,True
npm,queue,6.0.2,False,mobile/participant-app/package-lock.json#node_modules/queue,MIT,MIT,mobile/participant-app/node_modules/queue/LICENSE,"Copyright (c) 2014 Jesse Tane <jesse.tane@gmail.com> | The above copyright notice and this permission notice shall be included in all copies or substantial portions of the Software. | THE SOFTWARE IS PROVIDED ""AS IS"", WITHOUT WARRANTY OF ANY KIND, EXPRESS OR IMPLIED, INCLUDING BUT NOT LIMITED TO THE WARRANTIES OF MERCHANTABILITY, FITNESS FOR A PARTICULAR PURPOSE AND NONINFRINGEMENT. IN NO EVENT SHALL THE AUTHORS OR COPYRIGHT HOLDERS BE LIABLE FOR ANY CLAIM, DAMAGES OR OTHER LIABILITY, WHETHER IN AN ACTION OF CONTRACT, TORT OR OTHERWISE, ARISING FROM, OUT OF OR IN CONNECTION WITH THE SOFTWARE OR THE USE OR OTHER DEALINGS IN THE SOFTWARE.",Retain copyright and permission notice in distributions.,PASS_PERMISSIVE,True
npm,range-parser,1.2.1,False,mobile/participant-app/package-lock.json#node_modules/range-parser,MIT,MIT,mobile/participant-app/node_modules/range-parser/LICENSE,Copyright (c) 2012-2014 TJ Holowaychuk <tj@vision-media.ca> | Copyright (c) 2015-2016 Douglas Christopher Wilson <doug@somethingdoug.com | The above copyright notice and this permission notice shall be | IN NO EVENT SHALL THE AUTHORS OR COPYRIGHT HOLDERS BE LIABLE FOR ANY,Retain copyright and permission notice in distributions.,PASS_PERMISSIVE,True
npm,react,19.2.8,True,mobile/participant-app/package-lock.json#node_modules/react,MIT,MIT,mobile/participant-app/node_modules/react/LICENSE,"Copyright (c) Meta Platforms, Inc. and affiliates. | The above copyright notice and this permission notice shall be included in all | AUTHORS OR COPYRIGHT HOLDERS BE LIABLE FOR ANY CLAIM, DAMAGES OR OTHER",Retain copyright and permission notice in distributions.,PASS_PERMISSIVE,True
npm,react-devtools-core,6.1.5,False,mobile/participant-app/package-lock.json#node_modules/react-devtools-core,MIT,MIT,metadata only,Not collected; preserve upstream package notice before distribution.,Retain copyright and permission notice in distributions.,PASS_PERMISSIVE,False
npm,react-freeze,1.0.4,False,mobile/participant-app/package-lock.json#node_modules/react-freeze,MIT,MIT,mobile/participant-app/node_modules/react-freeze/LICENSE,"Copyright (c) 2021 Software Mansion | The above copyright notice and this permission notice shall be included in all | AUTHORS OR COPYRIGHT HOLDERS BE LIABLE FOR ANY CLAIM, DAMAGES OR OTHER",Retain copyright and permission notice in distributions.,PASS_PERMISSIVE,True
npm,react-is,18.3.1,False,mobile/participant-app/package-lock.json#node_modules/react-is,MIT,MIT,mobile/participant-app/node_modules/react-is/LICENSE,"Copyright (c) Facebook, Inc. and its affiliates. | The above copyright notice and this permission notice shall be included in all | AUTHORS OR COPYRIGHT HOLDERS BE LIABLE FOR ANY CLAIM, DAMAGES OR OTHER",Retain copyright and permission notice in distributions.,PASS_PERMISSIVE,True
npm,react-is,18.3.1,False,mobile/participant-app/package-lock.json#node_modules/react-is-18,MIT,MIT,mobile/participant-app/node_modules/react-is-18/LICENSE,"Copyright (c) Facebook, Inc. and its affiliates. | The above copyright notice and this permission notice shall be included in all | AUTHORS OR COPYRIGHT HOLDERS BE LIABLE FOR ANY CLAIM, DAMAGES OR OTHER",Retain copyright and permission notice in distributions.,PASS_PERMISSIVE,True
npm,react-is,19.2.8,False,mobile/participant-app/package-lock.json#node_modules/react-is-19,MIT,MIT,mobile/participant-app/node_modules/react-is-19/LICENSE,"Copyright (c) Meta Platforms, Inc. and affiliates. | The above copyright notice and this permission notice shall be included in all | AUTHORS OR COPYRIGHT HOLDERS BE LIABLE FOR ANY CLAIM, DAMAGES OR OTHER",Retain copyright and permission notice in distributions.,PASS_PERMISSIVE,True
npm,react-native,0.86.2,True,mobile/participant-app/package-lock.json#node_modules/react-native,MIT,MIT,mobile/participant-app/node_modules/react-native/LICENSE,"Copyright (c) Meta Platforms, Inc. and affiliates. | The above copyright notice and this permission notice shall be included in all | AUTHORS OR COPYRIGHT HOLDERS BE LIABLE FOR ANY CLAIM, DAMAGES OR OTHER",Retain copyright and permission notice in distributions.,PASS_PERMISSIVE,True
npm,react-native-gesture-handler,2.32.0,True,mobile/participant-app/package-lock.json#node_modules/react-native-gesture-handler,MIT,MIT,mobile/participant-app/node_modules/react-native-gesture-handler/LICENSE,"Copyright (c) 2016 Software Mansion <swmansion.com> | The above copyright notice and this permission notice shall be included in all | AUTHORS OR COPYRIGHT HOLDERS BE LIABLE FOR ANY CLAIM, DAMAGES OR OTHER",Retain copyright and permission notice in distributions.,PASS_PERMISSIVE,True
npm,react-native-safe-area-context,5.8.0,True,mobile/participant-app/package-lock.json#node_modules/react-native-safe-area-context,MIT,MIT,mobile/participant-app/node_modules/react-native-safe-area-context/LICENSE,"Copyright (c) 2019 Th3rd Wave | The above copyright notice and this permission notice shall be included in all | AUTHORS OR COPYRIGHT HOLDERS BE LIABLE FOR ANY CLAIM, DAMAGES OR OTHER",Retain copyright and permission notice in distributions.,PASS_PERMISSIVE,True
npm,react-native-screens,4.26.2,True,mobile/participant-app/package-lock.json#node_modules/react-native-screens,MIT,MIT,mobile/participant-app/node_modules/react-native-screens/LICENSE,"Copyright (c) 2018 Software Mansion <swmansion.com> | The above copyright notice and this permission notice shall be included in all | AUTHORS OR COPYRIGHT HOLDERS BE LIABLE FOR ANY CLAIM, DAMAGES OR OTHER",Retain copyright and permission notice in distributions.,PASS_PERMISSIVE,True
npm,commander,12.1.0,False,mobile/participant-app/package-lock.json#node_modules/react-native/node_modules/commander,MIT,MIT,mobile/participant-app/node_modules/react-native/node_modules/commander/LICENSE,Copyright (c) 2011 TJ Holowaychuk <tj@vision-media.ca> | The above copyright notice and this permission notice shall be | IN NO EVENT SHALL THE AUTHORS OR COPYRIGHT HOLDERS BE LIABLE FOR ANY,Retain copyright and permission notice in distributions.,PASS_PERMISSIVE,True
npm,react-refresh,0.14.2,False,mobile/participant-app/package-lock.json#node_modules/react-refresh,MIT,MIT,mobile/participant-app/node_modules/react-refresh/LICENSE,"Copyright (c) Facebook, Inc. and its affiliates. | The above copyright notice and this permission notice shall be included in all | AUTHORS OR COPYRIGHT HOLDERS BE LIABLE FOR ANY CLAIM, DAMAGES OR OTHER",Retain copyright and permission notice in distributions.,PASS_PERMISSIVE,True
npm,react-test-renderer,19.2.8,True,mobile/participant-app/package-lock.json#node_modules/react-test-renderer,MIT,MIT,mobile/participant-app/node_modules/react-test-renderer/LICENSE,"Copyright (c) Meta Platforms, Inc. and affiliates. | The above copyright notice and this permission notice shall be included in all | AUTHORS OR COPYRIGHT HOLDERS BE LIABLE FOR ANY CLAIM, DAMAGES OR OTHER",Retain copyright and permission notice in distributions.,PASS_PERMISSIVE,True
npm,react-is,19.2.8,False,mobile/participant-app/package-lock.json#node_modules/react-test-renderer/node_modules/react-is,MIT,MIT,mobile/participant-app/node_modules/react-test-renderer/node_modules/react-is/LICENSE,"Copyright (c) Meta Platforms, Inc. and affiliates. | The above copyright notice and this permission notice shall be included in all | AUTHORS OR COPYRIGHT HOLDERS BE LIABLE FOR ANY CLAIM, DAMAGES OR OTHER",Retain copyright and permission notice in distributions.,PASS_PERMISSIVE,True
npm,redent,3.0.0,False,mobile/participant-app/package-lock.json#node_modules/redent,MIT,MIT,mobile/participant-app/node_modules/redent/license,"Copyright (c) Sindre Sorhus <sindresorhus@gmail.com> (sindresorhus.com) | The above copyright notice and this permission notice shall be included in all copies or substantial portions of the Software. | THE SOFTWARE IS PROVIDED ""AS IS"", WITHOUT WARRANTY OF ANY KIND, EXPRESS OR IMPLIED, INCLUDING BUT NOT LIMITED TO THE WARRANTIES OF MERCHANTABILITY, FITNESS FOR A PARTICULAR PURPOSE AND NONINFRINGEMENT. IN NO EVENT SHALL THE AUTHORS OR COPYRIGHT HOLDERS BE LIABLE FOR ANY CLAIM, DAMAGES OR OTHER LIABILITY, WHETHER IN AN ACTION OF CONTRACT, TORT OR OTHERWISE, ARISING FROM, OUT OF OR IN CONNECTION WITH THE SOFTWARE OR THE USE OR OTHER DEALINGS IN THE SOFTWARE.",Retain copyright and permission notice in distributions.,PASS_PERMISSIVE,True
npm,reflect.getprototypeof,1.0.10,False,mobile/participant-app/package-lock.json#node_modules/reflect.getprototypeof,MIT,MIT,mobile/participant-app/node_modules/reflect.getprototypeof/LICENSE,"Copyright (c) 2021 ECMAScript Shims | The above copyright notice and this permission notice shall be included in all | AUTHORS OR COPYRIGHT HOLDERS BE LIABLE FOR ANY CLAIM, DAMAGES OR OTHER",Retain copyright and permission notice in distributions.,PASS_PERMISSIVE,True
npm,regenerate,1.4.2,False,mobile/participant-app/package-lock.json#node_modules/regenerate,MIT,MIT,mobile/participant-app/node_modules/regenerate/LICENSE-MIT.txt,Copyright Mathias Bynens <https://mathiasbynens.be/> | The above copyright notice and this permission notice shall be | NONINFRINGEMENT. IN NO EVENT SHALL THE AUTHORS OR COPYRIGHT HOLDERS BE,Retain copyright and permission notice in distributions.,PASS_PERMISSIVE,True
npm,regenerate-unicode-properties,10.2.2,False,mobile/participant-app/package-lock.json#node_modules/regenerate-unicode-properties,MIT,MIT,mobile/participant-app/node_modules/regenerate-unicode-properties/LICENSE-MIT.txt,Copyright Mathias Bynens <https://mathiasbynens.be/> | The above copyright notice and this permission notice shall be | NONINFRINGEMENT. IN NO EVENT SHALL THE AUTHORS OR COPYRIGHT HOLDERS BE,Retain copyright and permission notice in distributions.,PASS_PERMISSIVE,True
npm,regenerator-runtime,0.13.11,False,mobile/participant-app/package-lock.json#node_modules/regenerator-runtime,MIT,MIT,mobile/participant-app/node_modules/regenerator-runtime/LICENSE,"Copyright (c) 2014-present, Facebook, Inc. | The above copyright notice and this permission notice shall be included in all | AUTHORS OR COPYRIGHT HOLDERS BE LIABLE FOR ANY CLAIM, DAMAGES OR OTHER",Retain copyright and permission notice in distributions.,PASS_PERMISSIVE,True
npm,regexp.prototype.flags,1.5.4,False,mobile/participant-app/package-lock.json#node_modules/regexp.prototype.flags,MIT,MIT,mobile/participant-app/node_modules/regexp.prototype.flags/LICENSE,"Copyright (C) 2014 Jordan Harband | The above copyright notice and this permission notice shall be included in | AUTHORS OR COPYRIGHT HOLDERS BE LIABLE FOR ANY CLAIM, DAMAGES OR OTHER",Retain copyright and permission notice in distributions.,PASS_PERMISSIVE,True
npm,regexpu-core,6.4.0,False,mobile/participant-app/package-lock.json#node_modules/regexpu-core,MIT,MIT,mobile/participant-app/node_modules/regexpu-core/LICENSE-MIT.txt,Copyright Mathias Bynens <https://mathiasbynens.be/> | The above copyright notice and this permission notice shall be | NONINFRINGEMENT. IN NO EVENT SHALL THE AUTHORS OR COPYRIGHT HOLDERS BE,Retain copyright and permission notice in distributions.,PASS_PERMISSIVE,True
npm,regjsgen,0.8.0,False,mobile/participant-app/package-lock.json#node_modules/regjsgen,MIT,MIT,mobile/participant-app/node_modules/regjsgen/LICENSE-MIT.txt,Copyright 2014-2020 Benjamin Tan <https://ofcr.se/> | The above copyright notice and this permission notice shall be | NONINFRINGEMENT. IN NO EVENT SHALL THE AUTHORS OR COPYRIGHT HOLDERS BE,Retain copyright and permission notice in distributions.,PASS_PERMISSIVE,True
npm,regjsparser,0.13.2,False,mobile/participant-app/package-lock.json#node_modules/regjsparser,BSD-2-Clause,BSD-2-Clause,mobile/participant-app/node_modules/regjsparser/LICENSE.BSD,"Copyright (c) Julian Viereck and Contributors, All Rights Reserved. | * Redistributions of source code must retain the above copyright | * Redistributions in binary form must reproduce the above copyright | THIS SOFTWARE IS PROVIDED BY THE COPYRIGHT HOLDERS AND CONTRIBUTORS ""AS IS"" | ARE DISCLAIMED. IN NO EVENT SHALL <COPYRIGHT HOLDER> BE LIABLE FOR ANY","Retain copyright, conditions and disclaimer in source/binary distributions.",PASS_PERMISSIVE,True
npm,require-directory,2.1.1,False,mobile/participant-app/package-lock.json#node_modules/require-directory,MIT,MIT,mobile/participant-app/node_modules/require-directory/LICENSE,Copyright (c) 2011 Troy Goode <troygoode@gmail.com> | The above copyright notice and this permission notice shall be included | IN NO EVENT SHALL THE AUTHORS OR COPYRIGHT HOLDERS BE LIABLE FOR ANY,Retain copyright and permission notice in distributions.,PASS_PERMISSIVE,True
npm,require-from-string,2.0.2,False,mobile/participant-app/package-lock.json#node_modules/require-from-string,MIT,MIT,mobile/participant-app/node_modules/require-from-string/license,"Copyright (c) Vsevolod Strukchinsky <floatdrop@gmail.com> (github.com/floatdrop) | The above copyright notice and this permission notice shall be included in | AUTHORS OR COPYRIGHT HOLDERS BE LIABLE FOR ANY CLAIM, DAMAGES OR OTHER",Retain copyright and permission notice in distributions.,PASS_PERMISSIVE,True
npm,requires-port,1.0.0,False,mobile/participant-app/package-lock.json#node_modules/requires-port,MIT,MIT,mobile/participant-app/node_modules/requires-port/LICENSE,"Copyright (c) 2015 Unshift.io, Arnout Kazemier,  the Contributors. | The above copyright notice and this permission notice shall be included in all | AUTHORS OR COPYRIGHT HOLDERS BE LIABLE FOR ANY CLAIM, DAMAGES OR OTHER",Retain copyright and permission notice in distributions.,PASS_PERMISSIVE,True
npm,resolve,1.22.12,False,mobile/participant-app/package-lock.json#node_modules/resolve,MIT,MIT,mobile/participant-app/node_modules/resolve/LICENSE,"Copyright (c) 2012 James Halliday | The above copyright notice and this permission notice shall be included in all | AUTHORS OR COPYRIGHT HOLDERS BE LIABLE FOR ANY CLAIM, DAMAGES OR OTHER",Retain copyright and permission notice in distributions.,PASS_PERMISSIVE,True
npm,resolve-cwd,3.0.0,False,mobile/participant-app/package-lock.json#node_modules/resolve-cwd,MIT,MIT,mobile/participant-app/node_modules/resolve-cwd/license,"Copyright (c) Sindre Sorhus <sindresorhus@gmail.com> (sindresorhus.com) | The above copyright notice and this permission notice shall be included in all copies or substantial portions of the Software. | THE SOFTWARE IS PROVIDED ""AS IS"", WITHOUT WARRANTY OF ANY KIND, EXPRESS OR IMPLIED, INCLUDING BUT NOT LIMITED TO THE WARRANTIES OF MERCHANTABILITY, FITNESS FOR A PARTICULAR PURPOSE AND NONINFRINGEMENT. IN NO EVENT SHALL THE AUTHORS OR COPYRIGHT HOLDERS BE LIABLE FOR ANY CLAIM, DAMAGES OR OTHER LIABILITY, WHETHER IN AN ACTION OF CONTRACT, TORT OR OTHERWISE, ARISING FROM, OUT OF OR IN CONNECTION WITH THE SOFTWARE OR THE USE OR OTHER DEALINGS IN THE SOFTWARE.",Retain copyright and permission notice in distributions.,PASS_PERMISSIVE,True
npm,resolve-from,5.0.0,False,mobile/participant-app/package-lock.json#node_modules/resolve-from,MIT,MIT,mobile/participant-app/node_modules/resolve-from/license,"Copyright (c) Sindre Sorhus <sindresorhus@gmail.com> (sindresorhus.com) | The above copyright notice and this permission notice shall be included in all copies or substantial portions of the Software. | THE SOFTWARE IS PROVIDED ""AS IS"", WITHOUT WARRANTY OF ANY KIND, EXPRESS OR IMPLIED, INCLUDING BUT NOT LIMITED TO THE WARRANTIES OF MERCHANTABILITY, FITNESS FOR A PARTICULAR PURPOSE AND NONINFRINGEMENT. IN NO EVENT SHALL THE AUTHORS OR COPYRIGHT HOLDERS BE LIABLE FOR ANY CLAIM, DAMAGES OR OTHER LIABILITY, WHETHER IN AN ACTION OF CONTRACT, TORT OR OTHERWISE, ARISING FROM, OUT OF OR IN CONNECTION WITH THE SOFTWARE OR THE USE OR OTHER DEALINGS IN THE SOFTWARE.",Retain copyright and permission notice in distributions.,PASS_PERMISSIVE,True
npm,resolve-pkg-maps,1.0.0,False,mobile/participant-app/package-lock.json#node_modules/resolve-pkg-maps,MIT,MIT,mobile/participant-app/node_modules/resolve-pkg-maps/LICENSE,"Copyright (c) Hiroki Osame <hiroki.osame@gmail.com> | The above copyright notice and this permission notice shall be included in all | AUTHORS OR COPYRIGHT HOLDERS BE LIABLE FOR ANY CLAIM, DAMAGES OR OTHER",Retain copyright and permission notice in distributions.,PASS_PERMISSIVE,True
npm,resolve-workspace-root,2.0.1,False,mobile/participant-app/package-lock.json#node_modules/resolve-workspace-root,MIT,MIT,mobile/participant-app/node_modules/resolve-workspace-root/LICENSE.md,"Copyright (c) 2024-present Cedric van Putten <me@cedric.dev> | > The above copyright notice and this permission notice shall be included in | > AUTHORS OR COPYRIGHT HOLDERS BE LIABLE FOR ANY CLAIM, DAMAGES OR OTHER",Retain copyright and permission notice in distributions.,PASS_PERMISSIVE,True
npm,resolve.exports,2.0.3,False,mobile/participant-app/package-lock.json#node_modules/resolve.exports,MIT,MIT,mobile/participant-app/node_modules/resolve.exports/license,"Copyright (c) Luke Edwards <luke.edwards05@gmail.com> (lukeed.com) | The above copyright notice and this permission notice shall be included in | AUTHORS OR COPYRIGHT HOLDERS BE LIABLE FOR ANY CLAIM, DAMAGES OR OTHER",Retain copyright and permission notice in distributions.,PASS_PERMISSIVE,True
npm,restore-cursor,2.0.0,False,mobile/participant-app/package-lock.json#node_modules/restore-cursor,MIT,MIT,mobile/participant-app/node_modules/restore-cursor/license,"Copyright (c) Sindre Sorhus <sindresorhus@gmail.com> (sindresorhus.com) | The above copyright notice and this permission notice shall be included in | AUTHORS OR COPYRIGHT HOLDERS BE LIABLE FOR ANY CLAIM, DAMAGES OR OTHER",Retain copyright and permission notice in distributions.,PASS_PERMISSIVE,True
npm,safe-array-concat,1.1.4,False,mobile/participant-app/package-lock.json#node_modules/safe-array-concat,MIT,MIT,mobile/participant-app/node_modules/safe-array-concat/LICENSE,"Copyright (c) 2023 Jordan Harband | The above copyright notice and this permission notice shall be included in all | AUTHORS OR COPYRIGHT HOLDERS BE LIABLE FOR ANY CLAIM, DAMAGES OR OTHER",Retain copyright and permission notice in distributions.,PASS_PERMISSIVE,True
npm,safe-buffer,5.2.1,False,mobile/participant-app/package-lock.json#node_modules/safe-buffer,MIT,MIT,mobile/participant-app/node_modules/safe-buffer/LICENSE,"Copyright (c) Feross Aboukhadijeh | The above copyright notice and this permission notice shall be included in | AUTHORS OR COPYRIGHT HOLDERS BE LIABLE FOR ANY CLAIM, DAMAGES OR OTHER",Retain copyright and permission notice in distributions.,PASS_PERMISSIVE,True
npm,safe-push-apply,1.0.0,False,mobile/participant-app/package-lock.json#node_modules/safe-push-apply,MIT,MIT,mobile/participant-app/node_modules/safe-push-apply/LICENSE,"Copyright (c) 2024 Jordan Harband | The above copyright notice and this permission notice shall be included in all | AUTHORS OR COPYRIGHT HOLDERS BE LIABLE FOR ANY CLAIM, DAMAGES OR OTHER",Retain copyright and permission notice in distributions.,PASS_PERMISSIVE,True
npm,safe-regex-test,1.1.0,False,mobile/participant-app/package-lock.json#node_modules/safe-regex-test,MIT,MIT,mobile/participant-app/node_modules/safe-regex-test/LICENSE,"Copyright (c) 2022 Jordan Harband | The above copyright notice and this permission notice shall be included in all | AUTHORS OR COPYRIGHT HOLDERS BE LIABLE FOR ANY CLAIM, DAMAGES OR OTHER",Retain copyright and permission notice in distributions.,PASS_PERMISSIVE,True
npm,safer-buffer,2.1.2,False,mobile/participant-app/package-lock.json#node_modules/safer-buffer,MIT,MIT,mobile/participant-app/node_modules/safer-buffer/LICENSE,"Copyright (c) 2018 Nikita Skovoroda <chalkerx@gmail.com> | The above copyright notice and this permission notice shall be included in all | AUTHORS OR COPYRIGHT HOLDERS BE LIABLE FOR ANY CLAIM, DAMAGES OR OTHER",Retain copyright and permission notice in distributions.,PASS_PERMISSIVE,True
npm,sax,1.6.1,False,mobile/participant-app/package-lock.json#node_modules/sax,BlueOak-1.0.0,BlueOak-1.0.0,mobile/participant-app/node_modules/sax/LICENSE.md,## Copyright | copyright in it.,Confirm the exact licence text and retain required notice before distribution.,HUMAN_LEGAL_REVIEW,True
npm,saxes,6.0.0,False,mobile/participant-app/package-lock.json#node_modules/saxes,ISC,ISC,metadata only,Not collected; preserve upstream package notice before distribution.,Retain copyright and permission notice in distributions.,PASS_PERMISSIVE,False
npm,scheduler,0.27.0,False,mobile/participant-app/package-lock.json#node_modules/scheduler,MIT,MIT,mobile/participant-app/node_modules/scheduler/LICENSE,"Copyright (c) Meta Platforms, Inc. and affiliates. | The above copyright notice and this permission notice shall be included in all | AUTHORS OR COPYRIGHT HOLDERS BE LIABLE FOR ANY CLAIM, DAMAGES OR OTHER",Retain copyright and permission notice in distributions.,PASS_PERMISSIVE,True
npm,semver,7.8.5,False,mobile/participant-app/package-lock.json#node_modules/semver,ISC,ISC,mobile/participant-app/node_modules/semver/LICENSE,Copyright (c) Isaac Z. Schlueter and Contributors | copyright notice and this permission notice appear in all copies.,Retain copyright and permission notice in distributions.,PASS_PERMISSIVE,True
npm,send,0.19.2,False,mobile/participant-app/package-lock.json#node_modules/send,MIT,MIT,mobile/participant-app/node_modules/send/LICENSE,Copyright (c) 2012 TJ Holowaychuk | Copyright (c) 2014-2022 Douglas Christopher Wilson | The above copyright notice and this permission notice shall be | IN NO EVENT SHALL THE AUTHORS OR COPYRIGHT HOLDERS BE LIABLE FOR ANY,Retain copyright and permission notice in distributions.,PASS_PERMISSIVE,True
npm,debug,2.6.9,False,mobile/participant-app/package-lock.json#node_modules/send/node_modules/debug,MIT,MIT,mobile/participant-app/node_modules/send/node_modules/debug/LICENSE,"Copyright (c) 2014 TJ Holowaychuk <tj@vision-media.ca> | The above copyright notice and this permission notice shall be included in all copies or substantial | IN NO EVENT SHALL THE AUTHORS OR COPYRIGHT HOLDERS BE LIABLE FOR ANY CLAIM, DAMAGES OR OTHER LIABILITY,",Retain copyright and permission notice in distributions.,PASS_PERMISSIVE,True
npm,ms,2.0.0,False,mobile/participant-app/package-lock.json#node_modules/send/node_modules/debug/node_modules/ms,MIT,MIT,mobile/participant-app/node_modules/send/node_modules/debug/node_modules/ms/license.md,"Copyright (c) 2016 Zeit, Inc. | The above copyright notice and this permission notice shall be included in all | AUTHORS OR COPYRIGHT HOLDERS BE LIABLE FOR ANY CLAIM, DAMAGES OR OTHER",Retain copyright and permission notice in distributions.,PASS_PERMISSIVE,True
npm,encodeurl,2.0.0,False,mobile/participant-app/package-lock.json#node_modules/send/node_modules/encodeurl,MIT,MIT,mobile/participant-app/node_modules/send/node_modules/encodeurl/LICENSE,Copyright (c) 2016 Douglas Christopher Wilson | The above copyright notice and this permission notice shall be | IN NO EVENT SHALL THE AUTHORS OR COPYRIGHT HOLDERS BE LIABLE FOR ANY,Retain copyright and permission notice in distributions.,PASS_PERMISSIVE,True
npm,on-finished,2.4.1,False,mobile/participant-app/package-lock.json#node_modules/send/node_modules/on-finished,MIT,MIT,mobile/participant-app/node_modules/send/node_modules/on-finished/LICENSE,Copyright (c) 2013 Jonathan Ong <me@jongleberry.com> | Copyright (c) 2014 Douglas Christopher Wilson <doug@somethingdoug.com> | The above copyright notice and this permission notice shall be | IN NO EVENT SHALL THE AUTHORS OR COPYRIGHT HOLDERS BE LIABLE FOR ANY,Retain copyright and permission notice in distributions.,PASS_PERMISSIVE,True
npm,statuses,2.0.2,False,mobile/participant-app/package-lock.json#node_modules/send/node_modules/statuses,MIT,MIT,mobile/participant-app/node_modules/send/node_modules/statuses/LICENSE,"Copyright (c) 2014 Jonathan Ong <me@jongleberry.com> | Copyright (c) 2016 Douglas Christopher Wilson <doug@somethingdoug.com> | The above copyright notice and this permission notice shall be included in | AUTHORS OR COPYRIGHT HOLDERS BE LIABLE FOR ANY CLAIM, DAMAGES OR OTHER",Retain copyright and permission notice in distributions.,PASS_PERMISSIVE,True
npm,serialize-error,2.1.0,False,mobile/participant-app/package-lock.json#node_modules/serialize-error,MIT,MIT,mobile/participant-app/node_modules/serialize-error/license,"Copyright (c) Sindre Sorhus <sindresorhus@gmail.com> (sindresorhus.com) | The above copyright notice and this permission notice shall be included in | AUTHORS OR COPYRIGHT HOLDERS BE LIABLE FOR ANY CLAIM, DAMAGES OR OTHER",Retain copyright and permission notice in distributions.,PASS_PERMISSIVE,True
npm,serve-static,1.16.3,False,mobile/participant-app/package-lock.json#node_modules/serve-static,MIT,MIT,mobile/participant-app/node_modules/serve-static/LICENSE,Copyright (c) 2010 Sencha Inc. | Copyright (c) 2011 LearnBoost | Copyright (c) 2011 TJ Holowaychuk | Copyright (c) 2014-2016 Douglas Christopher Wilson | The above copyright notice and this permission notice shall be | IN NO EVENT SHALL THE AUTHORS OR COPYRIGHT HOLDERS BE LIABLE FOR ANY,Retain copyright and permission notice in distributions.,PASS_PERMISSIVE,True
npm,encodeurl,2.0.0,False,mobile/participant-app/package-lock.json#node_modules/serve-static/node_modules/encodeurl,MIT,MIT,mobile/participant-app/node_modules/serve-static/node_modules/encodeurl/LICENSE,Copyright (c) 2016 Douglas Christopher Wilson | The above copyright notice and this permission notice shall be | IN NO EVENT SHALL THE AUTHORS OR COPYRIGHT HOLDERS BE LIABLE FOR ANY,Retain copyright and permission notice in distributions.,PASS_PERMISSIVE,True
npm,server-only,0.0.1,False,mobile/participant-app/package-lock.json#node_modules/server-only,MIT,MIT,metadata only,Not collected; preserve upstream package notice before distribution.,Retain copyright and permission notice in distributions.,PASS_PERMISSIVE,False
npm,set-function-length,1.2.2,False,mobile/participant-app/package-lock.json#node_modules/set-function-length,MIT,MIT,mobile/participant-app/node_modules/set-function-length/LICENSE,"Copyright (c) Jordan Harband and contributors | The above copyright notice and this permission notice shall be included in all | AUTHORS OR COPYRIGHT HOLDERS BE LIABLE FOR ANY CLAIM, DAMAGES OR OTHER",Retain copyright and permission notice in distributions.,PASS_PERMISSIVE,True
npm,set-function-name,2.0.2,False,mobile/participant-app/package-lock.json#node_modules/set-function-name,MIT,MIT,mobile/participant-app/node_modules/set-function-name/LICENSE,"Copyright (c) Jordan Harband and contributors | The above copyright notice and this permission notice shall be included in all | AUTHORS OR COPYRIGHT HOLDERS BE LIABLE FOR ANY CLAIM, DAMAGES OR OTHER",Retain copyright and permission notice in distributions.,PASS_PERMISSIVE,True
npm,set-proto,1.0.0,False,mobile/participant-app/package-lock.json#node_modules/set-proto,MIT,MIT,mobile/participant-app/node_modules/set-proto/LICENSE,"Copyright (c) 2024 Jordan Harband | The above copyright notice and this permission notice shall be included in all | AUTHORS OR COPYRIGHT HOLDERS BE LIABLE FOR ANY CLAIM, DAMAGES OR OTHER",Retain copyright and permission notice in distributions.,PASS_PERMISSIVE,True
npm,setprototypeof,1.2.0,False,mobile/participant-app/package-lock.json#node_modules/setprototypeof,ISC,ISC,mobile/participant-app/node_modules/setprototypeof/LICENSE,"Copyright (c) 2015, Wes Todd | copyright notice and this permission notice appear in all copies.",Retain copyright and permission notice in distributions.,PASS_PERMISSIVE,True
npm,sf-symbols-typescript,2.2.0,False,mobile/participant-app/package-lock.json#node_modules/sf-symbols-typescript,MIT,MIT,mobile/participant-app/node_modules/sf-symbols-typescript/LICENSE,"Copyright (c) 2023 Fernando Rojo | The above copyright notice and this permission notice shall be included in all | AUTHORS OR COPYRIGHT HOLDERS BE LIABLE FOR ANY CLAIM, DAMAGES OR OTHER",Retain copyright and permission notice in distributions.,PASS_PERMISSIVE,True
npm,shebang-command,2.0.0,False,mobile/participant-app/package-lock.json#node_modules/shebang-command,MIT,MIT,mobile/participant-app/node_modules/shebang-command/license,"Copyright (c) Kevin Mårtensson <kevinmartensson@gmail.com> (github.com/kevva) | The above copyright notice and this permission notice shall be included in all copies or substantial portions of the Software. | THE SOFTWARE IS PROVIDED ""AS IS"", WITHOUT WARRANTY OF ANY KIND, EXPRESS OR IMPLIED, INCLUDING BUT NOT LIMITED TO THE WARRANTIES OF MERCHANTABILITY, FITNESS FOR A PARTICULAR PURPOSE AND NONINFRINGEMENT. IN NO EVENT SHALL THE AUTHORS OR COPYRIGHT HOLDERS BE LIABLE FOR ANY CLAIM, DAMAGES OR OTHER LIABILITY, WHETHER IN AN ACTION OF CONTRACT, TORT OR OTHERWISE, ARISING FROM, OUT OF OR IN CONNECTION WITH THE SOFTWARE OR THE USE OR OTHER DEALINGS IN THE SOFTWARE.",Retain copyright and permission notice in distributions.,PASS_PERMISSIVE,True
npm,shebang-regex,3.0.0,False,mobile/participant-app/package-lock.json#node_modules/shebang-regex,MIT,MIT,mobile/participant-app/node_modules/shebang-regex/license,"Copyright (c) Sindre Sorhus <sindresorhus@gmail.com> (sindresorhus.com) | The above copyright notice and this permission notice shall be included in all copies or substantial portions of the Software. | THE SOFTWARE IS PROVIDED ""AS IS"", WITHOUT WARRANTY OF ANY KIND, EXPRESS OR IMPLIED, INCLUDING BUT NOT LIMITED TO THE WARRANTIES OF MERCHANTABILITY, FITNESS FOR A PARTICULAR PURPOSE AND NONINFRINGEMENT. IN NO EVENT SHALL THE AUTHORS OR COPYRIGHT HOLDERS BE LIABLE FOR ANY CLAIM, DAMAGES OR OTHER LIABILITY, WHETHER IN AN ACTION OF CONTRACT, TORT OR OTHERWISE, ARISING FROM, OUT OF OR IN CONNECTION WITH THE SOFTWARE OR THE USE OR OTHER DEALINGS IN THE SOFTWARE.",Retain copyright and permission notice in distributions.,PASS_PERMISSIVE,True
npm,shell-quote,1.10.0,False,mobile/participant-app/package-lock.json#node_modules/shell-quote,MIT,MIT,mobile/participant-app/node_modules/shell-quote/LICENSE,Copyright (c) 2013 James Halliday (mail@substack.net) | The above copyright notice and this permission notice | IN NO EVENT SHALL THE AUTHORS OR COPYRIGHT HOLDERS BE LIABLE FOR,Retain copyright and permission notice in distributions.,PASS_PERMISSIVE,True
npm,side-channel,1.1.1,False,mobile/participant-app/package-lock.json#node_modules/side-channel,MIT,MIT,mobile/participant-app/node_modules/side-channel/LICENSE,"Copyright (c) 2019 Jordan Harband | The above copyright notice and this permission notice shall be included in all | AUTHORS OR COPYRIGHT HOLDERS BE LIABLE FOR ANY CLAIM, DAMAGES OR OTHER",Retain copyright and permission notice in distributions.,PASS_PERMISSIVE,True
npm,side-channel-list,1.0.1,False,mobile/participant-app/package-lock.json#node_modules/side-channel-list,MIT,MIT,mobile/participant-app/node_modules/side-channel-list/LICENSE,"Copyright (c) 2024 Jordan Harband | The above copyright notice and this permission notice shall be included in all | AUTHORS OR COPYRIGHT HOLDERS BE LIABLE FOR ANY CLAIM, DAMAGES OR OTHER",Retain copyright and permission notice in distributions.,PASS_PERMISSIVE,True
npm,side-channel-map,1.0.1,False,mobile/participant-app/package-lock.json#node_modules/side-channel-map,MIT,MIT,mobile/participant-app/node_modules/side-channel-map/LICENSE,"Copyright (c) 2024 Jordan Harband | The above copyright notice and this permission notice shall be included in all | AUTHORS OR COPYRIGHT HOLDERS BE LIABLE FOR ANY CLAIM, DAMAGES OR OTHER",Retain copyright and permission notice in distributions.,PASS_PERMISSIVE,True
npm,side-channel-weakmap,1.0.2,False,mobile/participant-app/package-lock.json#node_modules/side-channel-weakmap,MIT,MIT,mobile/participant-app/node_modules/side-channel-weakmap/LICENSE,"Copyright (c) 2019 Jordan Harband | The above copyright notice and this permission notice shall be included in all | AUTHORS OR COPYRIGHT HOLDERS BE LIABLE FOR ANY CLAIM, DAMAGES OR OTHER",Retain copyright and permission notice in distributions.,PASS_PERMISSIVE,True
npm,signal-exit,3.0.7,False,mobile/participant-app/package-lock.json#node_modules/signal-exit,ISC,ISC,mobile/participant-app/node_modules/signal-exit/LICENSE.txt,"Copyright (c) 2015, Contributors | that the above copyright notice and this permission notice",Retain copyright and permission notice in distributions.,PASS_PERMISSIVE,True
npm,simple-plist,1.3.1,False,mobile/participant-app/package-lock.json#node_modules/simple-plist,MIT,MIT,mobile/participant-app/node_modules/simple-plist/LICENSE,"Copyright (c) 2013 Joe Wollard | The above copyright notice and this permission notice shall be included in all | COPYRIGHT HOLDERS BE LIABLE FOR ANY CLAIM, DAMAGES OR OTHER LIABILITY, WHETHER",Retain copyright and permission notice in distributions.,PASS_PERMISSIVE,True
npm,simple-swizzle,0.2.4,False,mobile/participant-app/package-lock.json#node_modules/simple-swizzle,MIT,MIT,mobile/participant-app/node_modules/simple-swizzle/LICENSE,"Copyright (c) 2015 Josh Junon | The above copyright notice and this permission notice shall be included in | AUTHORS OR COPYRIGHT HOLDERS BE LIABLE FOR ANY CLAIM, DAMAGES OR OTHER",Retain copyright and permission notice in distributions.,PASS_PERMISSIVE,True
npm,is-arrayish,0.3.4,False,mobile/participant-app/package-lock.json#node_modules/simple-swizzle/node_modules/is-arrayish,MIT,MIT,mobile/participant-app/node_modules/simple-swizzle/node_modules/is-arrayish/LICENSE,"Copyright (c) 2015 JD Ballard | The above copyright notice and this permission notice shall be included in | AUTHORS OR COPYRIGHT HOLDERS BE LIABLE FOR ANY CLAIM, DAMAGES OR OTHER",Retain copyright and permission notice in distributions.,PASS_PERMISSIVE,True
npm,sisteransi,1.0.5,False,mobile/participant-app/package-lock.json#node_modules/sisteransi,MIT,MIT,mobile/participant-app/node_modules/sisteransi/license,"Copyright (c) 2018 Terkel Gjervig Nielsen | The above copyright notice and this permission notice shall be included in all | AUTHORS OR COPYRIGHT HOLDERS BE LIABLE FOR ANY CLAIM, DAMAGES OR OTHER",Retain copyright and permission notice in distributions.,PASS_PERMISSIVE,True
npm,slash,3.0.0,False,mobile/participant-app/package-lock.json#node_modules/slash,MIT,MIT,mobile/participant-app/node_modules/slash/license,"Copyright (c) Sindre Sorhus <sindresorhus@gmail.com> (sindresorhus.com) | The above copyright notice and this permission notice shall be included in all copies or substantial portions of the Software. | THE SOFTWARE IS PROVIDED ""AS IS"", WITHOUT WARRANTY OF ANY KIND, EXPRESS OR IMPLIED, INCLUDING BUT NOT LIMITED TO THE WARRANTIES OF MERCHANTABILITY, FITNESS FOR A PARTICULAR PURPOSE AND NONINFRINGEMENT. IN NO EVENT SHALL THE AUTHORS OR COPYRIGHT HOLDERS BE LIABLE FOR ANY CLAIM, DAMAGES OR OTHER LIABILITY, WHETHER IN AN ACTION OF CONTRACT, TORT OR OTHERWISE, ARISING FROM, OUT OF OR IN CONNECTION WITH THE SOFTWARE OR THE USE OR OTHER DEALINGS IN THE SOFTWARE.",Retain copyright and permission notice in distributions.,PASS_PERMISSIVE,True
npm,slugify,1.6.9,False,mobile/participant-app/package-lock.json#node_modules/slugify,MIT,MIT,mobile/participant-app/node_modules/slugify/LICENSE,"Copyright (c) Simeon Velichkov <simeonvelichkov@gmail.com> | The above copyright notice and this permission notice shall be included in all | AUTHORS OR COPYRIGHT HOLDERS BE LIABLE FOR ANY CLAIM, DAMAGES OR OTHER",Retain copyright and permission notice in distributions.,PASS_PERMISSIVE,True
npm,source-map,0.5.7,False,mobile/participant-app/package-lock.json#node_modules/source-map,BSD-3-Clause,BSD-3-Clause,mobile/participant-app/node_modules/source-map/LICENSE,"Copyright (c) 2009-2011, Mozilla Foundation and contributors | * Redistributions of source code must retain the above copyright notice, this | * Redistributions in binary form must reproduce the above copyright notice, | THIS SOFTWARE IS PROVIDED BY THE COPYRIGHT HOLDERS AND CONTRIBUTORS ""AS IS"" AND | DISCLAIMED. IN NO EVENT SHALL THE COPYRIGHT HOLDER OR CONTRIBUTORS BE LIABLE","Retain copyright, conditions and disclaimer in source/binary distributions.",PASS_PERMISSIVE,True
npm,source-map-js,1.2.1,False,mobile/participant-app/package-lock.json#node_modules/source-map-js,BSD-3-Clause,BSD-3-Clause,mobile/participant-app/node_modules/source-map-js/LICENSE,"Copyright (c) 2009-2011, Mozilla Foundation and contributors | * Redistributions of source code must retain the above copyright notice, this | * Redistributions in binary form must reproduce the above copyright notice, | THIS SOFTWARE IS PROVIDED BY THE COPYRIGHT HOLDERS AND CONTRIBUTORS ""AS IS"" AND | DISCLAIMED. IN NO EVENT SHALL THE COPYRIGHT HOLDER OR CONTRIBUTORS BE LIABLE","Retain copyright, conditions and disclaimer in source/binary distributions.",PASS_PERMISSIVE,True
npm,source-map-support,0.5.21,False,mobile/participant-app/package-lock.json#node_modules/source-map-support,MIT,MIT,mobile/participant-app/node_modules/source-map-support/LICENSE.md,"Copyright (c) 2014 Evan Wallace | The above copyright notice and this permission notice shall be included in all | AUTHORS OR COPYRIGHT HOLDERS BE LIABLE FOR ANY CLAIM, DAMAGES OR OTHER",Retain copyright and permission notice in distributions.,PASS_PERMISSIVE,True
npm,source-map,0.6.1,False,mobile/participant-app/package-lock.json#node_modules/source-map-support/node_modules/source-map,BSD-3-Clause,BSD-3-Clause,mobile/participant-app/node_modules/source-map-support/node_modules/source-map/LICENSE,"Copyright (c) 2009-2011, Mozilla Foundation and contributors | * Redistributions of source code must retain the above copyright notice, this | * Redistributions in binary form must reproduce the above copyright notice, | THIS SOFTWARE IS PROVIDED BY THE COPYRIGHT HOLDERS AND CONTRIBUTORS ""AS IS"" AND | DISCLAIMED. IN NO EVENT SHALL THE COPYRIGHT HOLDER OR CONTRIBUTORS BE LIABLE","Retain copyright, conditions and disclaimer in source/binary distributions.",PASS_PERMISSIVE,True
npm,split-on-first,1.1.0,False,mobile/participant-app/package-lock.json#node_modules/split-on-first,MIT,MIT,mobile/participant-app/node_modules/split-on-first/license,"Copyright (c) Sindre Sorhus <sindresorhus@gmail.com> (sindresorhus.com) | The above copyright notice and this permission notice shall be included in all copies or substantial portions of the Software. | THE SOFTWARE IS PROVIDED ""AS IS"", WITHOUT WARRANTY OF ANY KIND, EXPRESS OR IMPLIED, INCLUDING BUT NOT LIMITED TO THE WARRANTIES OF MERCHANTABILITY, FITNESS FOR A PARTICULAR PURPOSE AND NONINFRINGEMENT. IN NO EVENT SHALL THE AUTHORS OR COPYRIGHT HOLDERS BE LIABLE FOR ANY CLAIM, DAMAGES OR OTHER LIABILITY, WHETHER IN AN ACTION OF CONTRACT, TORT OR OTHERWISE, ARISING FROM, OUT OF OR IN CONNECTION WITH THE SOFTWARE OR THE USE OR OTHER DEALINGS IN THE SOFTWARE.",Retain copyright and permission notice in distributions.,PASS_PERMISSIVE,True
npm,sprintf-js,1.0.3,False,mobile/participant-app/package-lock.json#node_modules/sprintf-js,BSD-3-Clause,BSD-3-Clause,mobile/participant-app/node_modules/sprintf-js/LICENSE,"Copyright (c) 2007-2014, Alexandru Marasteanu <hello [at) alexei (dot] ro> | * Redistributions of source code must retain the above copyright | * Redistributions in binary form must reproduce the above copyright | THIS SOFTWARE IS PROVIDED BY THE COPYRIGHT HOLDERS AND CONTRIBUTORS ""AS IS"" AND | DISCLAIMED. IN NO EVENT SHALL THE AUTHORS OR COPYRIGHT HOLDERS BE LIABLE FOR","Retain copyright, conditions and disclaimer in source/binary distributions.",PASS_PERMISSIVE,True
npm,stable-hash,0.0.5,False,mobile/participant-app/package-lock.json#node_modules/stable-hash,MIT,MIT,metadata only,Not collected; preserve upstream package notice before distribution.,Retain copyright and permission notice in distributions.,PASS_PERMISSIVE,False
npm,stack-generator,2.0.10,False,mobile/participant-app/package-lock.json#node_modules/stack-generator,MIT,MIT,mobile/participant-app/node_modules/stack-generator/LICENSE,"Copyright (c) 2017 Eric Wendelin and other contributors | The above copyright notice and this permission notice shall be included in all | AUTHORS OR COPYRIGHT HOLDERS BE LIABLE FOR ANY CLAIM, DAMAGES OR OTHER",Retain copyright and permission notice in distributions.,PASS_PERMISSIVE,True
npm,stack-utils,2.0.6,False,mobile/participant-app/package-lock.json#node_modules/stack-utils,MIT,MIT,mobile/participant-app/node_modules/stack-utils/LICENSE.md,"Copyright (c) 2016-2022 Isaac Z. Schlueter <i@izs.me>, James Talmage <james@talmage.io> (github.com/jamestalmage), and Contributors | The above copyright notice and this permission notice shall be included in | AUTHORS OR COPYRIGHT HOLDERS BE LIABLE FOR ANY CLAIM, DAMAGES OR OTHER",Retain copyright and permission notice in distributions.,PASS_PERMISSIVE,True
npm,escape-string-regexp,2.0.0,False,mobile/participant-app/package-lock.json#node_modules/stack-utils/node_modules/escape-string-regexp,MIT,MIT,mobile/participant-app/node_modules/stack-utils/node_modules/escape-string-regexp/license,"Copyright (c) Sindre Sorhus <sindresorhus@gmail.com> (sindresorhus.com) | The above copyright notice and this permission notice shall be included in all copies or substantial portions of the Software. | THE SOFTWARE IS PROVIDED ""AS IS"", WITHOUT WARRANTY OF ANY KIND, EXPRESS OR IMPLIED, INCLUDING BUT NOT LIMITED TO THE WARRANTIES OF MERCHANTABILITY, FITNESS FOR A PARTICULAR PURPOSE AND NONINFRINGEMENT. IN NO EVENT SHALL THE AUTHORS OR COPYRIGHT HOLDERS BE LIABLE FOR ANY CLAIM, DAMAGES OR OTHER LIABILITY, WHETHER IN AN ACTION OF CONTRACT, TORT OR OTHERWISE, ARISING FROM, OUT OF OR IN CONNECTION WITH THE SOFTWARE OR THE USE OR OTHER DEALINGS IN THE SOFTWARE.",Retain copyright and permission notice in distributions.,PASS_PERMISSIVE,True
npm,stackframe,1.3.4,False,mobile/participant-app/package-lock.json#node_modules/stackframe,MIT,MIT,mobile/participant-app/node_modules/stackframe/LICENSE,"Copyright (c) 2017 Eric Wendelin and other contributors | The above copyright notice and this permission notice shall be included in all | AUTHORS OR COPYRIGHT HOLDERS BE LIABLE FOR ANY CLAIM, DAMAGES OR OTHER",Retain copyright and permission notice in distributions.,PASS_PERMISSIVE,True
npm,stacktrace-gps,3.1.2,False,mobile/participant-app/package-lock.json#node_modules/stacktrace-gps,MIT,MIT,mobile/participant-app/node_modules/stacktrace-gps/LICENSE,"Copyright (c) 2017 Eric Wendelin and other contributors | The above copyright notice and this permission notice shall be included in all | AUTHORS OR COPYRIGHT HOLDERS BE LIABLE FOR ANY CLAIM, DAMAGES OR OTHER",Retain copyright and permission notice in distributions.,PASS_PERMISSIVE,True
npm,source-map,0.5.6,False,mobile/participant-app/package-lock.json#node_modules/stacktrace-gps/node_modules/source-map,BSD-3-Clause,BSD-3-Clause,mobile/participant-app/node_modules/stacktrace-gps/node_modules/source-map/LICENSE,"Copyright (c) 2009-2011, Mozilla Foundation and contributors | * Redistributions of source code must retain the above copyright notice, this | * Redistributions in binary form must reproduce the above copyright notice, | THIS SOFTWARE IS PROVIDED BY THE COPYRIGHT HOLDERS AND CONTRIBUTORS ""AS IS"" AND | DISCLAIMED. IN NO EVENT SHALL THE COPYRIGHT HOLDER OR CONTRIBUTORS BE LIABLE","Retain copyright, conditions and disclaimer in source/binary distributions.",PASS_PERMISSIVE,True
npm,stacktrace-js,2.0.2,False,mobile/participant-app/package-lock.json#node_modules/stacktrace-js,MIT,MIT,mobile/participant-app/node_modules/stacktrace-js/LICENSE,"Copyright (c) 2017 Eric Wendelin and other contributors | The above copyright notice and this permission notice shall be included in all | AUTHORS OR COPYRIGHT HOLDERS BE LIABLE FOR ANY CLAIM, DAMAGES OR OTHER",Retain copyright and permission notice in distributions.,PASS_PERMISSIVE,True
npm,stacktrace-parser,0.1.11,False,mobile/participant-app/package-lock.json#node_modules/stacktrace-parser,MIT,MIT,mobile/participant-app/node_modules/stacktrace-parser/LICENSE,"Copyright (c) 2014-2019 Georg Tavonius | The above copyright notice and this permission notice shall be included in all | AUTHORS OR COPYRIGHT HOLDERS BE LIABLE FOR ANY CLAIM, DAMAGES OR OTHER",Retain copyright and permission notice in distributions.,PASS_PERMISSIVE,True
npm,standard-navigation,0.0.8,False,mobile/participant-app/package-lock.json#node_modules/standard-navigation,MIT,MIT,metadata only,Not collected; preserve upstream package notice before distribution.,Retain copyright and permission notice in distributions.,PASS_PERMISSIVE,False
npm,statuses,1.5.0,False,mobile/participant-app/package-lock.json#node_modules/statuses,MIT,MIT,mobile/participant-app/node_modules/statuses/LICENSE,"Copyright (c) 2014 Jonathan Ong <me@jongleberry.com> | Copyright (c) 2016 Douglas Christopher Wilson <doug@somethingdoug.com> | The above copyright notice and this permission notice shall be included in | AUTHORS OR COPYRIGHT HOLDERS BE LIABLE FOR ANY CLAIM, DAMAGES OR OTHER",Retain copyright and permission notice in distributions.,PASS_PERMISSIVE,True
npm,stop-iteration-iterator,1.1.0,False,mobile/participant-app/package-lock.json#node_modules/stop-iteration-iterator,MIT,MIT,mobile/participant-app/node_modules/stop-iteration-iterator/LICENSE,"Copyright (c) 2023 Jordan Harband | The above copyright notice and this permission notice shall be included in all | AUTHORS OR COPYRIGHT HOLDERS BE LIABLE FOR ANY CLAIM, DAMAGES OR OTHER",Retain copyright and permission notice in distributions.,PASS_PERMISSIVE,True
npm,stream-buffers,2.2.0,False,mobile/participant-app/package-lock.json#node_modules/stream-buffers,Unlicense,Unlicense,metadata only,Not collected; preserve upstream package notice before distribution.,Retain the public-domain dedication text where distributed.,PASS_PERMISSIVE,False
npm,strict-uri-encode,2.0.0,False,mobile/participant-app/package-lock.json#node_modules/strict-uri-encode,MIT,MIT,mobile/participant-app/node_modules/strict-uri-encode/license,"Copyright (c) Kevin Martensson <kevinmartensson@gmail.com> (github.com/kevva) | The above copyright notice and this permission notice shall be included in | AUTHORS OR COPYRIGHT HOLDERS BE LIABLE FOR ANY CLAIM, DAMAGES OR OTHER",Retain copyright and permission notice in distributions.,PASS_PERMISSIVE,True
npm,string-length,4.0.2,False,mobile/participant-app/package-lock.json#node_modules/string-length,MIT,MIT,mobile/participant-app/node_modules/string-length/license,"Copyright (c) Sindre Sorhus <sindresorhus@gmail.com> (https://sindresorhus.com) | The above copyright notice and this permission notice shall be included in all copies or substantial portions of the Software. | THE SOFTWARE IS PROVIDED ""AS IS"", WITHOUT WARRANTY OF ANY KIND, EXPRESS OR IMPLIED, INCLUDING BUT NOT LIMITED TO THE WARRANTIES OF MERCHANTABILITY, FITNESS FOR A PARTICULAR PURPOSE AND NONINFRINGEMENT. IN NO EVENT SHALL THE AUTHORS OR COPYRIGHT HOLDERS BE LIABLE FOR ANY CLAIM, DAMAGES OR OTHER LIABILITY, WHETHER IN AN ACTION OF CONTRACT, TORT OR OTHERWISE, ARISING FROM, OUT OF OR IN CONNECTION WITH THE SOFTWARE OR THE USE OR OTHER DEALINGS IN THE SOFTWARE.",Retain copyright and permission notice in distributions.,PASS_PERMISSIVE,True
npm,string-width,4.2.3,False,mobile/participant-app/package-lock.json#node_modules/string-width,MIT,MIT,mobile/participant-app/node_modules/string-width/license,"Copyright (c) Sindre Sorhus <sindresorhus@gmail.com> (sindresorhus.com) | The above copyright notice and this permission notice shall be included in all copies or substantial portions of the Software. | THE SOFTWARE IS PROVIDED ""AS IS"", WITHOUT WARRANTY OF ANY KIND, EXPRESS OR IMPLIED, INCLUDING BUT NOT LIMITED TO THE WARRANTIES OF MERCHANTABILITY, FITNESS FOR A PARTICULAR PURPOSE AND NONINFRINGEMENT. IN NO EVENT SHALL THE AUTHORS OR COPYRIGHT HOLDERS BE LIABLE FOR ANY CLAIM, DAMAGES OR OTHER LIABILITY, WHETHER IN AN ACTION OF CONTRACT, TORT OR OTHERWISE, ARISING FROM, OUT OF OR IN CONNECTION WITH THE SOFTWARE OR THE USE OR OTHER DEALINGS IN THE SOFTWARE.",Retain copyright and permission notice in distributions.,PASS_PERMISSIVE,True
npm,string.prototype.matchall,4.0.12,False,mobile/participant-app/package-lock.json#node_modules/string.prototype.matchall,MIT,MIT,mobile/participant-app/node_modules/string.prototype.matchall/LICENSE,"Copyright (c) 2015 Jordan Harband | The above copyright notice and this permission notice shall be included in all | AUTHORS OR COPYRIGHT HOLDERS BE LIABLE FOR ANY CLAIM, DAMAGES OR OTHER",Retain copyright and permission notice in distributions.,PASS_PERMISSIVE,True
npm,string.prototype.repeat,1.0.0,False,mobile/participant-app/package-lock.json#node_modules/string.prototype.repeat,MIT,MIT,mobile/participant-app/node_modules/string.prototype.repeat/LICENSE-MIT.txt,Copyright Mathias Bynens <https://mathiasbynens.be/> | The above copyright notice and this permission notice shall be | NONINFRINGEMENT. IN NO EVENT SHALL THE AUTHORS OR COPYRIGHT HOLDERS BE,Retain copyright and permission notice in distributions.,PASS_PERMISSIVE,True
npm,string.prototype.trim,1.2.11,False,mobile/participant-app/package-lock.json#node_modules/string.prototype.trim,MIT,MIT,mobile/participant-app/node_modules/string.prototype.trim/LICENSE,"Copyright (c) 2015 Jordan Harband | The above copyright notice and this permission notice shall be included in all | AUTHORS OR COPYRIGHT HOLDERS BE LIABLE FOR ANY CLAIM, DAMAGES OR OTHER",Retain copyright and permission notice in distributions.,PASS_PERMISSIVE,True
npm,string.prototype.trimend,1.0.10,False,mobile/participant-app/package-lock.json#node_modules/string.prototype.trimend,MIT,MIT,mobile/participant-app/node_modules/string.prototype.trimend/LICENSE,"Copyright (c) 2017 Khaled Al-Ansari | The above copyright notice and this permission notice shall be included in all | AUTHORS OR COPYRIGHT HOLDERS BE LIABLE FOR ANY CLAIM, DAMAGES OR OTHER",Retain copyright and permission notice in distributions.,PASS_PERMISSIVE,True
npm,string.prototype.trimstart,1.0.8,False,mobile/participant-app/package-lock.json#node_modules/string.prototype.trimstart,MIT,MIT,mobile/participant-app/node_modules/string.prototype.trimstart/LICENSE,"Copyright (c) 2017 Khaled Al-Ansari | The above copyright notice and this permission notice shall be included in all | AUTHORS OR COPYRIGHT HOLDERS BE LIABLE FOR ANY CLAIM, DAMAGES OR OTHER",Retain copyright and permission notice in distributions.,PASS_PERMISSIVE,True
npm,strip-ansi,6.0.1,False,mobile/participant-app/package-lock.json#node_modules/strip-ansi,MIT,MIT,mobile/participant-app/node_modules/strip-ansi/license,"Copyright (c) Sindre Sorhus <sindresorhus@gmail.com> (sindresorhus.com) | The above copyright notice and this permission notice shall be included in all copies or substantial portions of the Software. | THE SOFTWARE IS PROVIDED ""AS IS"", WITHOUT WARRANTY OF ANY KIND, EXPRESS OR IMPLIED, INCLUDING BUT NOT LIMITED TO THE WARRANTIES OF MERCHANTABILITY, FITNESS FOR A PARTICULAR PURPOSE AND NONINFRINGEMENT. IN NO EVENT SHALL THE AUTHORS OR COPYRIGHT HOLDERS BE LIABLE FOR ANY CLAIM, DAMAGES OR OTHER LIABILITY, WHETHER IN AN ACTION OF CONTRACT, TORT OR OTHERWISE, ARISING FROM, OUT OF OR IN CONNECTION WITH THE SOFTWARE OR THE USE OR OTHER DEALINGS IN THE SOFTWARE.",Retain copyright and permission notice in distributions.,PASS_PERMISSIVE,True
npm,strip-bom,4.0.0,False,mobile/participant-app/package-lock.json#node_modules/strip-bom,MIT,MIT,mobile/participant-app/node_modules/strip-bom/license,"Copyright (c) Sindre Sorhus <sindresorhus@gmail.com> (sindresorhus.com) | The above copyright notice and this permission notice shall be included in all copies or substantial portions of the Software. | THE SOFTWARE IS PROVIDED ""AS IS"", WITHOUT WARRANTY OF ANY KIND, EXPRESS OR IMPLIED, INCLUDING BUT NOT LIMITED TO THE WARRANTIES OF MERCHANTABILITY, FITNESS FOR A PARTICULAR PURPOSE AND NONINFRINGEMENT. IN NO EVENT SHALL THE AUTHORS OR COPYRIGHT HOLDERS BE LIABLE FOR ANY CLAIM, DAMAGES OR OTHER LIABILITY, WHETHER IN AN ACTION OF CONTRACT, TORT OR OTHERWISE, ARISING FROM, OUT OF OR IN CONNECTION WITH THE SOFTWARE OR THE USE OR OTHER DEALINGS IN THE SOFTWARE.",Retain copyright and permission notice in distributions.,PASS_PERMISSIVE,True
npm,strip-final-newline,2.0.0,False,mobile/participant-app/package-lock.json#node_modules/strip-final-newline,MIT,MIT,mobile/participant-app/node_modules/strip-final-newline/license,"Copyright (c) Sindre Sorhus <sindresorhus@gmail.com> (sindresorhus.com) | The above copyright notice and this permission notice shall be included in all copies or substantial portions of the Software. | THE SOFTWARE IS PROVIDED ""AS IS"", WITHOUT WARRANTY OF ANY KIND, EXPRESS OR IMPLIED, INCLUDING BUT NOT LIMITED TO THE WARRANTIES OF MERCHANTABILITY, FITNESS FOR A PARTICULAR PURPOSE AND NONINFRINGEMENT. IN NO EVENT SHALL THE AUTHORS OR COPYRIGHT HOLDERS BE LIABLE FOR ANY CLAIM, DAMAGES OR OTHER LIABILITY, WHETHER IN AN ACTION OF CONTRACT, TORT OR OTHERWISE, ARISING FROM, OUT OF OR IN CONNECTION WITH THE SOFTWARE OR THE USE OR OTHER DEALINGS IN THE SOFTWARE.",Retain copyright and permission notice in distributions.,PASS_PERMISSIVE,True
npm,strip-indent,3.0.0,False,mobile/participant-app/package-lock.json#node_modules/strip-indent,MIT,MIT,mobile/participant-app/node_modules/strip-indent/license,"Copyright (c) Sindre Sorhus <sindresorhus@gmail.com> (sindresorhus.com) | The above copyright notice and this permission notice shall be included in all copies or substantial portions of the Software. | THE SOFTWARE IS PROVIDED ""AS IS"", WITHOUT WARRANTY OF ANY KIND, EXPRESS OR IMPLIED, INCLUDING BUT NOT LIMITED TO THE WARRANTIES OF MERCHANTABILITY, FITNESS FOR A PARTICULAR PURPOSE AND NONINFRINGEMENT. IN NO EVENT SHALL THE AUTHORS OR COPYRIGHT HOLDERS BE LIABLE FOR ANY CLAIM, DAMAGES OR OTHER LIABILITY, WHETHER IN AN ACTION OF CONTRACT, TORT OR OTHERWISE, ARISING FROM, OUT OF OR IN CONNECTION WITH THE SOFTWARE OR THE USE OR OTHER DEALINGS IN THE SOFTWARE.",Retain copyright and permission notice in distributions.,PASS_PERMISSIVE,True
npm,strip-json-comments,3.1.1,False,mobile/participant-app/package-lock.json#node_modules/strip-json-comments,MIT,MIT,mobile/participant-app/node_modules/strip-json-comments/license,"Copyright (c) Sindre Sorhus <sindresorhus@gmail.com> (https://sindresorhus.com) | The above copyright notice and this permission notice shall be included in all copies or substantial portions of the Software. | THE SOFTWARE IS PROVIDED ""AS IS"", WITHOUT WARRANTY OF ANY KIND, EXPRESS OR IMPLIED, INCLUDING BUT NOT LIMITED TO THE WARRANTIES OF MERCHANTABILITY, FITNESS FOR A PARTICULAR PURPOSE AND NONINFRINGEMENT. IN NO EVENT SHALL THE AUTHORS OR COPYRIGHT HOLDERS BE LIABLE FOR ANY CLAIM, DAMAGES OR OTHER LIABILITY, WHETHER IN AN ACTION OF CONTRACT, TORT OR OTHERWISE, ARISING FROM, OUT OF OR IN CONNECTION WITH THE SOFTWARE OR THE USE OR OTHER DEALINGS IN THE SOFTWARE.",Retain copyright and permission notice in distributions.,PASS_PERMISSIVE,True
npm,structured-headers,0.4.1,False,mobile/participant-app/package-lock.json#node_modules/structured-headers,MIT,MIT,metadata only,Not collected; preserve upstream package notice before distribution.,Retain copyright and permission notice in distributions.,PASS_PERMISSIVE,False
npm,supports-color,7.2.0,False,mobile/participant-app/package-lock.json#node_modules/supports-color,MIT,MIT,mobile/participant-app/node_modules/supports-color/license,"Copyright (c) Sindre Sorhus <sindresorhus@gmail.com> (sindresorhus.com) | The above copyright notice and this permission notice shall be included in all copies or substantial portions of the Software. | THE SOFTWARE IS PROVIDED ""AS IS"", WITHOUT WARRANTY OF ANY KIND, EXPRESS OR IMPLIED, INCLUDING BUT NOT LIMITED TO THE WARRANTIES OF MERCHANTABILITY, FITNESS FOR A PARTICULAR PURPOSE AND NONINFRINGEMENT. IN NO EVENT SHALL THE AUTHORS OR COPYRIGHT HOLDERS BE LIABLE FOR ANY CLAIM, DAMAGES OR OTHER LIABILITY, WHETHER IN AN ACTION OF CONTRACT, TORT OR OTHERWISE, ARISING FROM, OUT OF OR IN CONNECTION WITH THE SOFTWARE OR THE USE OR OTHER DEALINGS IN THE SOFTWARE.",Retain copyright and permission notice in distributions.,PASS_PERMISSIVE,True
npm,supports-hyperlinks,2.3.0,False,mobile/participant-app/package-lock.json#node_modules/supports-hyperlinks,MIT,MIT,mobile/participant-app/node_modules/supports-hyperlinks/license,"Copyright (c) James Talmage <james@talmage.io> (github.com/jamestalmage) | The above copyright notice and this permission notice shall be included in all copies or substantial portions of the Software. | THE SOFTWARE IS PROVIDED ""AS IS"", WITHOUT WARRANTY OF ANY KIND, EXPRESS OR IMPLIED, INCLUDING BUT NOT LIMITED TO THE WARRANTIES OF MERCHANTABILITY, FITNESS FOR A PARTICULAR PURPOSE AND NONINFRINGEMENT. IN NO EVENT SHALL THE AUTHORS OR COPYRIGHT HOLDERS BE LIABLE FOR ANY CLAIM, DAMAGES OR OTHER LIABILITY, WHETHER IN AN ACTION OF CONTRACT, TORT OR OTHERWISE, ARISING FROM, OUT OF OR IN CONNECTION WITH THE SOFTWARE OR THE USE OR OTHER DEALINGS IN THE SOFTWARE.",Retain copyright and permission notice in distributions.,PASS_PERMISSIVE,True
npm,supports-preserve-symlinks-flag,1.0.0,False,mobile/participant-app/package-lock.json#node_modules/supports-preserve-symlinks-flag,MIT,MIT,mobile/participant-app/node_modules/supports-preserve-symlinks-flag/LICENSE,"Copyright (c) 2022 Inspect JS | The above copyright notice and this permission notice shall be included in all | AUTHORS OR COPYRIGHT HOLDERS BE LIABLE FOR ANY CLAIM, DAMAGES OR OTHER",Retain copyright and permission notice in distributions.,PASS_PERMISSIVE,True
npm,symbol-tree,3.2.4,False,mobile/participant-app/package-lock.json#node_modules/symbol-tree,MIT,MIT,mobile/participant-app/node_modules/symbol-tree/LICENSE,"Copyright (c) 2015 Joris van der Wel | The above copyright notice and this permission notice shall be included in | AUTHORS OR COPYRIGHT HOLDERS BE LIABLE FOR ANY CLAIM, DAMAGES OR OTHER",Retain copyright and permission notice in distributions.,PASS_PERMISSIVE,True
npm,terminal-link,2.1.1,False,mobile/participant-app/package-lock.json#node_modules/terminal-link,MIT,MIT,mobile/participant-app/node_modules/terminal-link/license,"Copyright (c) Sindre Sorhus <sindresorhus@gmail.com> (sindresorhus.com) | The above copyright notice and this permission notice shall be included in all copies or substantial portions of the Software. | THE SOFTWARE IS PROVIDED ""AS IS"", WITHOUT WARRANTY OF ANY KIND, EXPRESS OR IMPLIED, INCLUDING BUT NOT LIMITED TO THE WARRANTIES OF MERCHANTABILITY, FITNESS FOR A PARTICULAR PURPOSE AND NONINFRINGEMENT. IN NO EVENT SHALL THE AUTHORS OR COPYRIGHT HOLDERS BE LIABLE FOR ANY CLAIM, DAMAGES OR OTHER LIABILITY, WHETHER IN AN ACTION OF CONTRACT, TORT OR OTHERWISE, ARISING FROM, OUT OF OR IN CONNECTION WITH THE SOFTWARE OR THE USE OR OTHER DEALINGS IN THE SOFTWARE.",Retain copyright and permission notice in distributions.,PASS_PERMISSIVE,True
npm,terser,5.49.0,False,mobile/participant-app/package-lock.json#node_modules/terser,BSD-2-Clause,BSD-2-Clause,mobile/participant-app/node_modules/terser/LICENSE,"Copyright 2012-2018 (c) Mihai Bazon <mihai.bazon@gmail.com> | copyright notice, this list of conditions and the following | copyright notice, this list of conditions and the following | THIS SOFTWARE IS PROVIDED BY THE COPYRIGHT HOLDER “AS IS” AND ANY | PURPOSE ARE DISCLAIMED. IN NO EVENT SHALL THE COPYRIGHT HOLDER BE","Retain copyright, conditions and disclaimer in source/binary distributions.",PASS_PERMISSIVE,True
npm,commander,2.20.3,False,mobile/participant-app/package-lock.json#node_modules/terser/node_modules/commander,MIT,MIT,mobile/participant-app/node_modules/terser/node_modules/commander/LICENSE,Copyright (c) 2011 TJ Holowaychuk <tj@vision-media.ca> | The above copyright notice and this permission notice shall be | IN NO EVENT SHALL THE AUTHORS OR COPYRIGHT HOLDERS BE LIABLE FOR ANY,Retain copyright and permission notice in distributions.,PASS_PERMISSIVE,True
npm,test-exclude,6.0.0,False,mobile/participant-app/package-lock.json#node_modules/test-exclude,ISC,ISC,mobile/participant-app/node_modules/test-exclude/LICENSE.txt,"Copyright (c) 2016, Contributors | that the above copyright notice and this permission notice",Retain copyright and permission notice in distributions.,PASS_PERMISSIVE,True
npm,balanced-match,1.0.2,False,mobile/participant-app/package-lock.json#node_modules/test-exclude/node_modules/balanced-match,MIT,MIT,mobile/participant-app/node_modules/test-exclude/node_modules/balanced-match/LICENSE.md,"Copyright (c) 2013 Julian Gruber &lt;julian@juliangruber.com&gt; | The above copyright notice and this permission notice shall be included in all | AUTHORS OR COPYRIGHT HOLDERS BE LIABLE FOR ANY CLAIM, DAMAGES OR OTHER",Retain copyright and permission notice in distributions.,PASS_PERMISSIVE,True
npm,brace-expansion,1.1.18,False,mobile/participant-app/package-lock.json#node_modules/test-exclude/node_modules/brace-expansion,MIT,MIT,mobile/participant-app/node_modules/test-exclude/node_modules/brace-expansion/LICENSE,"Copyright (c) 2013 Julian Gruber <julian@juliangruber.com> | The above copyright notice and this permission notice shall be included in all | AUTHORS OR COPYRIGHT HOLDERS BE LIABLE FOR ANY CLAIM, DAMAGES OR OTHER",Retain copyright and permission notice in distributions.,PASS_PERMISSIVE,True
npm,glob,7.2.3,False,mobile/participant-app/package-lock.json#node_modules/test-exclude/node_modules/glob,ISC,ISC,mobile/participant-app/node_modules/test-exclude/node_modules/glob/LICENSE,Copyright (c) Isaac Z. Schlueter and Contributors | copyright notice and this permission notice appear in all copies.,Retain copyright and permission notice in distributions.,PASS_PERMISSIVE,True
npm,minimatch,3.1.5,False,mobile/participant-app/package-lock.json#node_modules/test-exclude/node_modules/minimatch,ISC,ISC,mobile/participant-app/node_modules/test-exclude/node_modules/minimatch/LICENSE,Copyright (c) Isaac Z. Schlueter and Contributors | copyright notice and this permission notice appear in all copies.,Retain copyright and permission notice in distributions.,PASS_PERMISSIVE,True
npm,throat,5.0.0,False,mobile/participant-app/package-lock.json#node_modules/throat,MIT,MIT,mobile/participant-app/node_modules/throat/LICENSE,"Copyright (c) 2013 Forbes Lindesay | The above copyright notice and this permission notice shall be included in | AUTHORS OR COPYRIGHT HOLDERS BE LIABLE FOR ANY CLAIM, DAMAGES OR OTHER",Retain copyright and permission notice in distributions.,PASS_PERMISSIVE,True
npm,tinyglobby,0.2.17,False,mobile/participant-app/package-lock.json#node_modules/tinyglobby,MIT,MIT,mobile/participant-app/node_modules/tinyglobby/LICENSE,"Copyright (c) 2024 Madeline Gurriarán | The above copyright notice and this permission notice shall be included in all | AUTHORS OR COPYRIGHT HOLDERS BE LIABLE FOR ANY CLAIM, DAMAGES OR OTHER",Retain copyright and permission notice in distributions.,PASS_PERMISSIVE,True
npm,fdir,6.5.0,False,mobile/participant-app/package-lock.json#node_modules/tinyglobby/node_modules/fdir,MIT,MIT,mobile/participant-app/node_modules/tinyglobby/node_modules/fdir/LICENSE,"Copyright 2023 Abdullah Atta | The above copyright notice and this permission notice shall be included in all copies or substantial portions of the Software. | THE SOFTWARE IS PROVIDED ""AS IS"", WITHOUT WARRANTY OF ANY KIND, EXPRESS OR IMPLIED, INCLUDING BUT NOT LIMITED TO THE WARRANTIES OF MERCHANTABILITY, FITNESS FOR A PARTICULAR PURPOSE AND NONINFRINGEMENT. IN NO EVENT SHALL THE AUTHORS OR COPYRIGHT HOLDERS BE LIABLE FOR ANY CLAIM, DAMAGES OR OTHER LIABILITY, WHETHER IN AN ACTION OF CONTRACT, TORT OR OTHERWISE, ARISING FROM, OUT OF OR IN CONNECTION WITH THE SOFTWARE OR THE USE OR OTHER DEALINGS IN THE SOFTWARE.",Retain copyright and permission notice in distributions.,PASS_PERMISSIVE,True
npm,picomatch,4.0.5,False,mobile/participant-app/package-lock.json#node_modules/tinyglobby/node_modules/picomatch,MIT,MIT,mobile/participant-app/node_modules/tinyglobby/node_modules/picomatch/LICENSE,"Copyright (c) 2017-present, Jon Schlinkert. | The above copyright notice and this permission notice shall be included in | AUTHORS OR COPYRIGHT HOLDERS BE LIABLE FOR ANY CLAIM, DAMAGES OR OTHER",Retain copyright and permission notice in distributions.,PASS_PERMISSIVE,True
npm,tmpl,1.0.5,False,mobile/participant-app/package-lock.json#node_modules/tmpl,BSD-3-Clause,BSD-3-Clause,mobile/participant-app/node_modules/tmpl/license,"Copyright (c) 2014, Naitik Shah. All rights reserved. | * Redistributions of source code must retain the above copyright notice, this | * Redistributions in binary form must reproduce the above copyright notice, | THIS SOFTWARE IS PROVIDED BY THE COPYRIGHT HOLDERS AND CONTRIBUTORS ""AS IS"" AND | DISCLAIMED. IN NO EVENT SHALL THE COPYRIGHT HOLDER OR CONTRIBUTORS BE LIABLE FOR","Retain copyright, conditions and disclaimer in source/binary distributions.",PASS_PERMISSIVE,True
npm,to-regex-range,5.0.1,False,mobile/participant-app/package-lock.json#node_modules/to-regex-range,MIT,MIT,mobile/participant-app/node_modules/to-regex-range/LICENSE,"Copyright (c) 2015-present, Jon Schlinkert. | The above copyright notice and this permission notice shall be included in | AUTHORS OR COPYRIGHT HOLDERS BE LIABLE FOR ANY CLAIM, DAMAGES OR OTHER",Retain copyright and permission notice in distributions.,PASS_PERMISSIVE,True
npm,toidentifier,1.0.1,False,mobile/participant-app/package-lock.json#node_modules/toidentifier,MIT,MIT,mobile/participant-app/node_modules/toidentifier/LICENSE,"Copyright (c) 2016 Douglas Christopher Wilson <doug@somethingdoug.com> | The above copyright notice and this permission notice shall be included in all | AUTHORS OR COPYRIGHT HOLDERS BE LIABLE FOR ANY CLAIM, DAMAGES OR OTHER",Retain copyright and permission notice in distributions.,PASS_PERMISSIVE,True
npm,toqr,0.1.1,False,mobile/participant-app/package-lock.json#node_modules/toqr,MIT,MIT,mobile/participant-app/node_modules/toqr/LICENSE.md,"Copyright (c) Phil Pluckthun, | Copyright (c) 650 Industries, Inc. (aka Expo), | The above copyright notice and this permission notice shall be included in all | AUTHORS OR COPYRIGHT HOLDERS BE LIABLE FOR ANY CLAIM, DAMAGES OR OTHER",Retain copyright and permission notice in distributions.,PASS_PERMISSIVE,True
npm,tough-cookie,4.1.4,False,mobile/participant-app/package-lock.json#node_modules/tough-cookie,BSD-3-Clause,BSD-3-Clause,mobile/participant-app/node_modules/tough-cookie/LICENSE,"Copyright (c) 2015, Salesforce.com, Inc. | 1. Redistributions of source code must retain the above copyright notice, this list of conditions and the following disclaimer. | 2. Redistributions in binary form must reproduce the above copyright notice, this list of conditions and the following disclaimer in the documentation and/or other materials provided with the distribution. | THIS SOFTWARE IS PROVIDED BY THE COPYRIGHT HOLDERS AND CONTRIBUTORS ""AS IS"" AND ANY EXPRESS OR IMPLIED WARRANTIES, INCLUDING, BUT NOT LIMITED TO, THE IMPLIED WARRANTIES OF MERCHANTABILITY AND FITNESS FOR A PARTICULAR PURPOSE ARE DISCLAIMED. IN NO EVENT SHALL THE COPYRIGHT HOLDER OR CONTRIBUTORS BE LIABLE FOR ANY DIRECT, INDIRECT, INCIDENTAL, SPECIAL, EXEMPLARY, OR CONSEQUENTIAL DAMAGES (INCLUDING, BUT NOT LIMITED TO, PROCUREMENT OF SUBSTITUTE GOODS OR SERVICES; LOSS OF USE, DATA, OR PROFITS; OR BUSINESS INTERRUPTION) HOWEVER CAUSED AND ON ANY THEORY OF LIABILITY, WHETHER IN CONTRACT, STRICT LIABILITY, OR TORT (INCLUDING NEGLIGENCE OR OTHERWISE) ARISING IN ANY WAY OUT OF THE USE OF THIS SOFTWARE, EVEN IF ADVISED OF THE POSSIBILITY OF SUCH DAMAGE.","Retain copyright, conditions and disclaimer in source/binary distributions.",PASS_PERMISSIVE,True
npm,tr46,3.0.0,False,mobile/participant-app/package-lock.json#node_modules/tr46,MIT,MIT,mobile/participant-app/node_modules/tr46/LICENSE.md,"Copyright (c) Sebastian Mayr | The above copyright notice and this permission notice shall be included in all | AUTHORS OR COPYRIGHT HOLDERS BE LIABLE FOR ANY CLAIM, DAMAGES OR OTHER",Retain copyright and permission notice in distributions.,PASS_PERMISSIVE,True
npm,ts-api-utils,2.5.0,False,mobile/participant-app/package-lock.json#node_modules/ts-api-utils,MIT,MIT,mobile/participant-app/node_modules/ts-api-utils/LICENSE.md,The above copyright notice and this permission notice shall be | IN NO EVENT SHALL THE AUTHORS OR COPYRIGHT HOLDERS BE LIABLE FOR ANY,Retain copyright and permission notice in distributions.,PASS_PERMISSIVE,True
npm,tsconfig-paths,3.15.0,False,mobile/participant-app/package-lock.json#node_modules/tsconfig-paths,MIT,MIT,mobile/participant-app/node_modules/tsconfig-paths/LICENSE,"Copyright (c) 2016 Jonas Kello | The above copyright notice and this permission notice shall be included in all | AUTHORS OR COPYRIGHT HOLDERS BE LIABLE FOR ANY CLAIM, DAMAGES OR OTHER",Retain copyright and permission notice in distributions.,PASS_PERMISSIVE,True
npm,json5,1.0.2,False,mobile/participant-app/package-lock.json#node_modules/tsconfig-paths/node_modules/json5,MIT,MIT,mobile/participant-app/node_modules/tsconfig-paths/node_modules/json5/LICENSE.md,"Copyright (c) 2012-2018 Aseem Kishore, and [others]. | The above copyright notice and this permission notice shall be included in all | AUTHORS OR COPYRIGHT HOLDERS BE LIABLE FOR ANY CLAIM, DAMAGES OR OTHER",Retain copyright and permission notice in distributions.,PASS_PERMISSIVE,True
npm,strip-bom,3.0.0,False,mobile/participant-app/package-lock.json#node_modules/tsconfig-paths/node_modules/strip-bom,MIT,MIT,mobile/participant-app/node_modules/tsconfig-paths/node_modules/strip-bom/license,"Copyright (c) Sindre Sorhus <sindresorhus@gmail.com> (sindresorhus.com) | The above copyright notice and this permission notice shall be included in | AUTHORS OR COPYRIGHT HOLDERS BE LIABLE FOR ANY CLAIM, DAMAGES OR OTHER",Retain copyright and permission notice in distributions.,PASS_PERMISSIVE,True
npm,tslib,2.8.1,False,mobile/participant-app/package-lock.json#node_modules/tslib,0BSD,0BSD,integrity-checked npm package tarball: tslib-2.8.1.tgz/package/LICENSE.txt,Copyright (c) Microsoft Corporation.,Retain the supplied notice where distributed.,PASS_PERMISSIVE,True
npm,type-check,0.4.0,False,mobile/participant-app/package-lock.json#node_modules/type-check,MIT,MIT,mobile/participant-app/node_modules/type-check/LICENSE,Copyright (c) George Zahariev | The above copyright notice and this permission notice shall be | NONINFRINGEMENT. IN NO EVENT SHALL THE AUTHORS OR COPYRIGHT,Retain copyright and permission notice in distributions.,PASS_PERMISSIVE,True
npm,type-detect,4.0.8,False,mobile/participant-app/package-lock.json#node_modules/type-detect,MIT,MIT,mobile/participant-app/node_modules/type-detect/LICENSE,"Copyright (c) 2013 Jake Luer <jake@alogicalparadox.com> (http://alogicalparadox.com) | The above copyright notice and this permission notice shall be included in | AUTHORS OR COPYRIGHT HOLDERS BE LIABLE FOR ANY CLAIM, DAMAGES OR OTHER",Retain copyright and permission notice in distributions.,PASS_PERMISSIVE,True
npm,type-fest,0.7.1,False,mobile/participant-app/package-lock.json#node_modules/type-fest,(MIT OR CC0-1.0),MIT OR CC0-1.0,mobile/participant-app/node_modules/type-fest/license,"Copyright (c) Sindre Sorhus <sindresorhus@gmail.com> (sindresorhus.com) | The above copyright notice and this permission notice shall be included in all copies or substantial portions of the Software. | THE SOFTWARE IS PROVIDED ""AS IS"", WITHOUT WARRANTY OF ANY KIND, EXPRESS OR IMPLIED, INCLUDING BUT NOT LIMITED TO THE WARRANTIES OF MERCHANTABILITY, FITNESS FOR A PARTICULAR PURPOSE AND NONINFRINGEMENT. IN NO EVENT SHALL THE AUTHORS OR COPYRIGHT HOLDERS BE LIABLE FOR ANY CLAIM, DAMAGES OR OTHER LIABILITY, WHETHER IN AN ACTION OF CONTRACT, TORT OR OTHERWISE, ARISING FROM, OUT OF OR IN CONNECTION WITH THE SOFTWARE OR THE USE OR OTHER DEALINGS IN THE SOFTWARE.",Retain the notices for the licence option selected for distribution.,PASS_PERMISSIVE,True
npm,typed-array-buffer,1.0.3,False,mobile/participant-app/package-lock.json#node_modules/typed-array-buffer,MIT,MIT,mobile/participant-app/node_modules/typed-array-buffer/LICENSE,"Copyright (c) 2023 Jordan Harband | The above copyright notice and this permission notice shall be included in all | AUTHORS OR COPYRIGHT HOLDERS BE LIABLE FOR ANY CLAIM, DAMAGES OR OTHER",Retain copyright and permission notice in distributions.,PASS_PERMISSIVE,True
npm,typed-array-byte-length,1.0.3,False,mobile/participant-app/package-lock.json#node_modules/typed-array-byte-length,MIT,MIT,mobile/participant-app/node_modules/typed-array-byte-length/LICENSE,"Copyright (c) 2020 Inspect JS | The above copyright notice and this permission notice shall be included in all | AUTHORS OR COPYRIGHT HOLDERS BE LIABLE FOR ANY CLAIM, DAMAGES OR OTHER",Retain copyright and permission notice in distributions.,PASS_PERMISSIVE,True
npm,typed-array-byte-offset,1.0.4,False,mobile/participant-app/package-lock.json#node_modules/typed-array-byte-offset,MIT,MIT,mobile/participant-app/node_modules/typed-array-byte-offset/LICENSE,"Copyright (c) 2020 Inspect JS | The above copyright notice and this permission notice shall be included in all | AUTHORS OR COPYRIGHT HOLDERS BE LIABLE FOR ANY CLAIM, DAMAGES OR OTHER",Retain copyright and permission notice in distributions.,PASS_PERMISSIVE,True
npm,typed-array-length,1.0.8,False,mobile/participant-app/package-lock.json#node_modules/typed-array-length,MIT,MIT,mobile/participant-app/node_modules/typed-array-length/LICENSE,"Copyright (c) 2020 Inspect JS | The above copyright notice and this permission notice shall be included in all | AUTHORS OR COPYRIGHT HOLDERS BE LIABLE FOR ANY CLAIM, DAMAGES OR OTHER",Retain copyright and permission notice in distributions.,PASS_PERMISSIVE,True
npm,typescript,5.9.3,True,mobile/participant-app/package-lock.json#node_modules/typescript,Apache-2.0,Apache-2.0,mobile/participant-app/node_modules/typescript/LICENSE.txt,"""Licensor"" shall mean the copyright owner or entity authorized by the copyright owner that is granting the License. | ""Work"" shall mean the work of authorship, whether in Source or Object form, made available under the License, as indicated by a copyright notice that is included in or attached to the work (an example is provided in the Appendix below). | ""Contribution"" shall mean any work of authorship, including the original version of the Work and any modifications or additions to that Work or Derivative Works thereof, that is intentionally submitted to Licensor for inclusion in the Work by the copyright owner or by an individual or Legal Entity authorized to submit on behalf of the copyright owner. For the purposes of this definition, ""submitted"" means any form of electronic, verbal, or written communication sent to the Licensor or its representatives, including but not limited to communication on electronic mailing lists, source code control systems, and issue tracking systems that are managed by, or on behalf of, the Licensor for the purpose of discussing and improving the Work, but excluding communication that is conspicuously marked or otherwise designated in writing by the copyright owner as ""Not a Contribution."" | 2. Grant of Copyright License. Subject to the terms and conditions of this License, each Contributor hereby grants to You a perpetual, worldwide, non-exclusive, no-charge, royalty-free, irrevocable copyright license to reproduce, prepare Derivative Works of, publicly display, publicly perform, sublicense, and distribute the Work and such Derivative Works in Source or Object form. | You must retain, in the Source form of any Derivative Works that You distribute, all copyright, patent, trademark, and attribution notices from the Source form of the Work, excluding those notices that do not pertain to any part of the Derivative Works; and | If the Work includes a ""NOTICE"" text file as part of its distribution, then any Derivative Works that You distribute must include a readable copy of the attribution notices contained within such NOTICE file, excluding those notices that do not pertain to any part of the Derivative Works, in at least one of the following places: within a NOTICE text file distributed as part of the Derivative Works; within the Source form or documentation, if provided along with the Derivative Works; or, within a display generated by the Derivative Works, if and wherever such third-party notices normally appear. The contents of the NOTICE file are for informational purposes only and do not modify the License. You may add Your own attribution notices within Derivative Works that You distribute, alongside or as an addendum to the NOTICE text from the Work, provided that such additional attribution notices cannot be construed as modifying the License. You may add Your own copyright statement to Your modifications and may provide additional or different license terms and conditions for use, reproduction, or distribution of Your modifications, or for any such Derivative Works as a whole, provided Your use, reproduction, and distribution of the Work otherwise complies with the conditions stated in this License.","Retain licence, copyright and NOTICE text; state material modifications where required.",PASS_PERMISSIVE,True
npm,ua-parser-js,0.7.41,False,mobile/participant-app/package-lock.json#node_modules/ua-parser-js,MIT,MIT,mobile/participant-app/node_modules/ua-parser-js/license.md,"Copyright (c) 2012-2025 Faisal Salman <<f@faisalman.com>> | The above copyright notice and this permission notice shall be included in all | AUTHORS OR COPYRIGHT HOLDERS BE LIABLE FOR ANY CLAIM, DAMAGES OR OTHER",Retain copyright and permission notice in distributions.,PASS_PERMISSIVE,True
npm,unbox-primitive,1.1.0,False,mobile/participant-app/package-lock.json#node_modules/unbox-primitive,MIT,MIT,mobile/participant-app/node_modules/unbox-primitive/LICENSE,"Copyright (c) 2019 Jordan Harband | The above copyright notice and this permission notice shall be included in all | AUTHORS OR COPYRIGHT HOLDERS BE LIABLE FOR ANY CLAIM, DAMAGES OR OTHER",Retain copyright and permission notice in distributions.,PASS_PERMISSIVE,True
npm,undici-types,8.3.0,False,mobile/participant-app/package-lock.json#node_modules/undici-types,MIT,MIT,mobile/participant-app/node_modules/undici-types/LICENSE,"Copyright (c) Matteo Collina and Undici contributors | The above copyright notice and this permission notice shall be included in all | AUTHORS OR COPYRIGHT HOLDERS BE LIABLE FOR ANY CLAIM, DAMAGES OR OTHER",Retain copyright and permission notice in distributions.,PASS_PERMISSIVE,True
npm,unicode-canonical-property-names-ecmascript,2.0.1,False,mobile/participant-app/package-lock.json#node_modules/unicode-canonical-property-names-ecmascript,MIT,MIT,mobile/participant-app/node_modules/unicode-canonical-property-names-ecmascript/LICENSE-MIT.txt,Copyright Mathias Bynens <https://mathiasbynens.be/> | The above copyright notice and this permission notice shall be | NONINFRINGEMENT. IN NO EVENT SHALL THE AUTHORS OR COPYRIGHT HOLDERS BE,Retain copyright and permission notice in distributions.,PASS_PERMISSIVE,True
npm,unicode-match-property-ecmascript,2.0.0,False,mobile/participant-app/package-lock.json#node_modules/unicode-match-property-ecmascript,MIT,MIT,mobile/participant-app/node_modules/unicode-match-property-ecmascript/LICENSE-MIT.txt,Copyright Mathias Bynens <https://mathiasbynens.be/> | The above copyright notice and this permission notice shall be | NONINFRINGEMENT. IN NO EVENT SHALL THE AUTHORS OR COPYRIGHT HOLDERS BE,Retain copyright and permission notice in distributions.,PASS_PERMISSIVE,True
npm,unicode-match-property-value-ecmascript,2.2.1,False,mobile/participant-app/package-lock.json#node_modules/unicode-match-property-value-ecmascript,MIT,MIT,mobile/participant-app/node_modules/unicode-match-property-value-ecmascript/LICENSE-MIT.txt,Copyright Mathias Bynens <https://mathiasbynens.be/> | The above copyright notice and this permission notice shall be | NONINFRINGEMENT. IN NO EVENT SHALL THE AUTHORS OR COPYRIGHT HOLDERS BE,Retain copyright and permission notice in distributions.,PASS_PERMISSIVE,True
npm,unicode-property-aliases-ecmascript,2.2.0,False,mobile/participant-app/package-lock.json#node_modules/unicode-property-aliases-ecmascript,MIT,MIT,mobile/participant-app/node_modules/unicode-property-aliases-ecmascript/LICENSE-MIT.txt,Copyright Mathias Bynens <https://mathiasbynens.be/> | The above copyright notice and this permission notice shall be | NONINFRINGEMENT. IN NO EVENT SHALL THE AUTHORS OR COPYRIGHT HOLDERS BE,Retain copyright and permission notice in distributions.,PASS_PERMISSIVE,True
npm,universalify,0.2.0,False,mobile/participant-app/package-lock.json#node_modules/universalify,MIT,MIT,mobile/participant-app/node_modules/universalify/LICENSE,"Copyright (c) 2017, Ryan Zimmerman <opensrc@ryanzim.com> | The above copyright notice and this permission notice shall be included in all | COPYRIGHT HOLDERS BE LIABLE FOR ANY CLAIM, DAMAGES OR OTHER LIABILITY, WHETHER",Retain copyright and permission notice in distributions.,PASS_PERMISSIVE,True
npm,unpipe,1.0.0,False,mobile/participant-app/package-lock.json#node_modules/unpipe,MIT,MIT,mobile/participant-app/node_modules/unpipe/LICENSE,Copyright (c) 2015 Douglas Christopher Wilson <doug@somethingdoug.com> | The above copyright notice and this permission notice shall be | IN NO EVENT SHALL THE AUTHORS OR COPYRIGHT HOLDERS BE LIABLE FOR ANY,Retain copyright and permission notice in distributions.,PASS_PERMISSIVE,True
npm,unrs-resolver,1.12.2,False,mobile/participant-app/package-lock.json#node_modules/unrs-resolver,MIT,MIT,metadata only,Not collected; preserve upstream package notice before distribution.,Retain copyright and permission notice in distributions.,PASS_PERMISSIVE,False
npm,update-browserslist-db,1.2.3,False,mobile/participant-app/package-lock.json#node_modules/update-browserslist-db,MIT,MIT,mobile/participant-app/node_modules/update-browserslist-db/LICENSE,"Copyright 2022 Andrey Sitnik <andrey@sitnik.ru> and other contributors | The above copyright notice and this permission notice shall be included in all | COPYRIGHT HOLDERS BE LIABLE FOR ANY CLAIM, DAMAGES OR OTHER LIABILITY, WHETHER",Retain copyright and permission notice in distributions.,PASS_PERMISSIVE,True
npm,uri-js,4.4.1,False,mobile/participant-app/package-lock.json#node_modules/uri-js,BSD-2-Clause,BSD-2-Clause,mobile/participant-app/node_modules/uri-js/LICENSE,"Copyright 2011 Gary Court. All rights reserved. | 1.	Redistributions of source code must retain the above copyright notice, this list of conditions and the following disclaimer. | 2.	Redistributions in binary form must reproduce the above copyright notice, this list of conditions and the following disclaimer in the documentation and/or other materials provided with the distribution.","Retain copyright, conditions and disclaimer in source/binary distributions.",PASS_PERMISSIVE,True
npm,uri-js-replace,1.0.1,False,mobile/participant-app/package-lock.json#node_modules/uri-js-replace,MIT,MIT,metadata only,Not collected; preserve upstream package notice before distribution.,Retain copyright and permission notice in distributions.,PASS_PERMISSIVE,False
npm,url-parse,1.5.10,False,mobile/participant-app/package-lock.json#node_modules/url-parse,MIT,MIT,mobile/participant-app/node_modules/url-parse/LICENSE,"Copyright (c) 2015 Unshift.io, Arnout Kazemier,  the Contributors. | The above copyright notice and this permission notice shall be included in all | AUTHORS OR COPYRIGHT HOLDERS BE LIABLE FOR ANY CLAIM, DAMAGES OR OTHER",Retain copyright and permission notice in distributions.,PASS_PERMISSIVE,True
npm,use-latest-callback,0.2.6,False,mobile/participant-app/package-lock.json#node_modules/use-latest-callback,MIT,MIT,mobile/participant-app/node_modules/use-latest-callback/LICENSE,"Copyright (c) 2023 Satyajit Sahoo | The above copyright notice and this permission notice shall be included in all | AUTHORS OR COPYRIGHT HOLDERS BE LIABLE FOR ANY CLAIM, DAMAGES OR OTHER",Retain copyright and permission notice in distributions.,PASS_PERMISSIVE,True
npm,use-sync-external-store,1.6.0,False,mobile/participant-app/package-lock.json#node_modules/use-sync-external-store,MIT,MIT,mobile/participant-app/node_modules/use-sync-external-store/LICENSE,"Copyright (c) Meta Platforms, Inc. and affiliates. | The above copyright notice and this permission notice shall be included in all | AUTHORS OR COPYRIGHT HOLDERS BE LIABLE FOR ANY CLAIM, DAMAGES OR OTHER",Retain copyright and permission notice in distributions.,PASS_PERMISSIVE,True
npm,utils-merge,1.0.1,False,mobile/participant-app/package-lock.json#node_modules/utils-merge,MIT,MIT,mobile/participant-app/node_modules/utils-merge/LICENSE,"Copyright (c) 2013-2017 Jared Hanson | The above copyright notice and this permission notice shall be included in all | COPYRIGHT HOLDERS BE LIABLE FOR ANY CLAIM, DAMAGES OR OTHER LIABILITY, WHETHER",Retain copyright and permission notice in distributions.,PASS_PERMISSIVE,True
npm,uuid,7.0.3,False,mobile/participant-app/package-lock.json#node_modules/uuid,MIT,MIT,mobile/participant-app/node_modules/uuid/LICENSE.md,"Copyright (c) 2010-2016 Robert Kieffer and other contributors | The above copyright notice and this permission notice shall be included in all | AUTHORS OR COPYRIGHT HOLDERS BE LIABLE FOR ANY CLAIM, DAMAGES OR OTHER",Retain copyright and permission notice in distributions.,PASS_PERMISSIVE,True
npm,v8-to-istanbul,9.3.0,False,mobile/participant-app/package-lock.json#node_modules/v8-to-istanbul,ISC,ISC,mobile/participant-app/node_modules/v8-to-istanbul/LICENSE.txt,"Copyright (c) 2017, Contributors | that the above copyright notice and this permission notice",Retain copyright and permission notice in distributions.,PASS_PERMISSIVE,True
npm,validate-npm-package-name,5.0.1,False,mobile/participant-app/package-lock.json#node_modules/validate-npm-package-name,ISC,ISC,mobile/participant-app/node_modules/validate-npm-package-name/LICENSE,"Copyright (c) 2015, npm, Inc | Permission to use, copy, modify, and/or distribute this software for any purpose with or without fee is hereby granted, provided that the above copyright notice and this permission notice appear in all copies.",Retain copyright and permission notice in distributions.,PASS_PERMISSIVE,True
npm,vary,1.1.2,False,mobile/participant-app/package-lock.json#node_modules/vary,MIT,MIT,mobile/participant-app/node_modules/vary/LICENSE,Copyright (c) 2014-2017 Douglas Christopher Wilson | The above copyright notice and this permission notice shall be | IN NO EVENT SHALL THE AUTHORS OR COPYRIGHT HOLDERS BE LIABLE FOR ANY,Retain copyright and permission notice in distributions.,PASS_PERMISSIVE,True
npm,vlq,1.0.1,False,mobile/participant-app/package-lock.json#node_modules/vlq,MIT,MIT,mobile/participant-app/node_modules/vlq/LICENSE,"Copyright (c) 2017 [these people](https://github.com/Rich-Harris/vlq/graphs/contributors) | The above copyright notice and this permission notice shall be included in all copies or substantial portions of the Software. | THE SOFTWARE IS PROVIDED ""AS IS"", WITHOUT WARRANTY OF ANY KIND, EXPRESS OR IMPLIED, INCLUDING BUT NOT LIMITED TO THE WARRANTIES OF MERCHANTABILITY, FITNESS FOR A PARTICULAR PURPOSE AND NONINFRINGEMENT. IN NO EVENT SHALL THE AUTHORS OR COPYRIGHT HOLDERS BE LIABLE FOR ANY CLAIM, DAMAGES OR OTHER LIABILITY, WHETHER IN AN ACTION OF CONTRACT, TORT OR OTHERWISE, ARISING FROM, OUT OF OR IN CONNECTION WITH THE SOFTWARE OR THE USE OR OTHER DEALINGS IN THE SOFTWARE.",Retain copyright and permission notice in distributions.,PASS_PERMISSIVE,True
npm,w3c-xmlserializer,4.0.0,False,mobile/participant-app/package-lock.json#node_modules/w3c-xmlserializer,MIT,MIT,mobile/participant-app/node_modules/w3c-xmlserializer/LICENSE.md,Copyright © Sebastian Mayr | The above copyright notice and this permission notice shall be | NONINFRINGEMENT. IN NO EVENT SHALL THE AUTHORS OR COPYRIGHT,Retain copyright and permission notice in distributions.,PASS_PERMISSIVE,True
npm,walker,1.0.8,False,mobile/participant-app/package-lock.json#node_modules/walker,Apache-2.0,Apache-2.0,mobile/participant-app/node_modules/walker/LICENSE,Copyright 2013 Naitik Shah,"Retain licence, copyright and NOTICE text; state material modifications where required.",PASS_PERMISSIVE,True
npm,warn-once,0.1.1,False,mobile/participant-app/package-lock.json#node_modules/warn-once,MIT,MIT,mobile/participant-app/node_modules/warn-once/LICENSE,"Copyright (c) 2022 Satyajit Sahoo | The above copyright notice and this permission notice shall be included in all | AUTHORS OR COPYRIGHT HOLDERS BE LIABLE FOR ANY CLAIM, DAMAGES OR OTHER",Retain copyright and permission notice in distributions.,PASS_PERMISSIVE,True
npm,wcwidth,1.0.1,False,mobile/participant-app/package-lock.json#node_modules/wcwidth,MIT,MIT,mobile/participant-app/node_modules/wcwidth/LICENSE,Copyright (C) 2012 by Jun Woong. | The above copyright notice and this permission notice shall be included in all,Retain copyright and permission notice in distributions.,PASS_PERMISSIVE,True
npm,webidl-conversions,7.0.0,False,mobile/participant-app/package-lock.json#node_modules/webidl-conversions,BSD-2-Clause,BSD-2-Clause,mobile/participant-app/node_modules/webidl-conversions/LICENSE.md,"Copyright (c) 2014, Domenic Denicola | 1. Redistributions of source code must retain the above copyright notice, this list of conditions and the following disclaimer. | 2. Redistributions in binary form must reproduce the above copyright notice, this list of conditions and the following disclaimer in the documentation and/or other materials provided with the distribution. | THIS SOFTWARE IS PROVIDED BY THE COPYRIGHT HOLDERS AND CONTRIBUTORS ""AS IS"" AND ANY EXPRESS OR IMPLIED WARRANTIES, INCLUDING, BUT NOT LIMITED TO, THE IMPLIED WARRANTIES OF MERCHANTABILITY AND FITNESS FOR A PARTICULAR PURPOSE ARE DISCLAIMED. IN NO EVENT SHALL THE COPYRIGHT HOLDER OR CONTRIBUTORS BE LIABLE FOR ANY DIRECT, INDIRECT, INCIDENTAL, SPECIAL, EXEMPLARY, OR CONSEQUENTIAL DAMAGES (INCLUDING, BUT NOT LIMITED TO, PROCUREMENT OF SUBSTITUTE GOODS OR SERVICES; LOSS OF USE, DATA, OR PROFITS; OR BUSINESS INTERRUPTION) HOWEVER CAUSED AND ON ANY THEORY OF LIABILITY, WHETHER IN CONTRACT, STRICT LIABILITY, OR TORT (INCLUDING NEGLIGENCE OR OTHERWISE) ARISING IN ANY WAY OUT OF THE USE OF THIS SOFTWARE, EVEN IF ADVISED OF THE POSSIBILITY OF SUCH DAMAGE.","Retain copyright, conditions and disclaimer in source/binary distributions.",PASS_PERMISSIVE,True
npm,whatwg-encoding,2.0.0,False,mobile/participant-app/package-lock.json#node_modules/whatwg-encoding,MIT,MIT,mobile/participant-app/node_modules/whatwg-encoding/LICENSE.txt,"Copyright © Domenic Denicola <d@domenic.me> | The above copyright notice and this permission notice shall be included in all copies or substantial portions of the Software. | THE SOFTWARE IS PROVIDED ""AS IS"", WITHOUT WARRANTY OF ANY KIND, EXPRESS OR IMPLIED, INCLUDING BUT NOT LIMITED TO THE WARRANTIES OF MERCHANTABILITY, FITNESS FOR A PARTICULAR PURPOSE AND NONINFRINGEMENT. IN NO EVENT SHALL THE AUTHORS OR COPYRIGHT HOLDERS BE LIABLE FOR ANY CLAIM, DAMAGES OR OTHER LIABILITY, WHETHER IN AN ACTION OF CONTRACT, TORT OR OTHERWISE, ARISING FROM, OUT OF OR IN CONNECTION WITH THE SOFTWARE OR THE USE OR OTHER DEALINGS IN THE SOFTWARE.",Retain copyright and permission notice in distributions.,PASS_PERMISSIVE,True
npm,whatwg-fetch,3.6.20,False,mobile/participant-app/package-lock.json#node_modules/whatwg-fetch,MIT,MIT,mobile/participant-app/node_modules/whatwg-fetch/LICENSE,"Copyright (c) 2014-2023 GitHub, Inc. | The above copyright notice and this permission notice shall be | NONINFRINGEMENT. IN NO EVENT SHALL THE AUTHORS OR COPYRIGHT HOLDERS BE",Retain copyright and permission notice in distributions.,PASS_PERMISSIVE,True
npm,whatwg-mimetype,3.0.0,False,mobile/participant-app/package-lock.json#node_modules/whatwg-mimetype,MIT,MIT,mobile/participant-app/node_modules/whatwg-mimetype/LICENSE.txt,"Copyright © Domenic Denicola <d@domenic.me> | The above copyright notice and this permission notice shall be included in all copies or substantial portions of the Software. | THE SOFTWARE IS PROVIDED ""AS IS"", WITHOUT WARRANTY OF ANY KIND, EXPRESS OR IMPLIED, INCLUDING BUT NOT LIMITED TO THE WARRANTIES OF MERCHANTABILITY, FITNESS FOR A PARTICULAR PURPOSE AND NONINFRINGEMENT. IN NO EVENT SHALL THE AUTHORS OR COPYRIGHT HOLDERS BE LIABLE FOR ANY CLAIM, DAMAGES OR OTHER LIABILITY, WHETHER IN AN ACTION OF CONTRACT, TORT OR OTHERWISE, ARISING FROM, OUT OF OR IN CONNECTION WITH THE SOFTWARE OR THE USE OR OTHER DEALINGS IN THE SOFTWARE.",Retain copyright and permission notice in distributions.,PASS_PERMISSIVE,True
npm,whatwg-url,11.0.0,False,mobile/participant-app/package-lock.json#node_modules/whatwg-url,MIT,MIT,mobile/participant-app/node_modules/whatwg-url/LICENSE.txt,"Copyright (c) Sebastian Mayr | The above copyright notice and this permission notice shall be included in | AUTHORS OR COPYRIGHT HOLDERS BE LIABLE FOR ANY CLAIM, DAMAGES OR OTHER",Retain copyright and permission notice in distributions.,PASS_PERMISSIVE,True
npm,whatwg-url-minimum,0.1.2,False,mobile/participant-app/package-lock.json#node_modules/whatwg-url-minimum,MIT,MIT,mobile/participant-app/node_modules/whatwg-url-minimum/LICENSE.md,"Copyright (c) Phil Pluckthun, | Copyright (c) 650 Industries, Inc. (aka Expo), | Copyright (c) Sebastian Mayr | The above copyright notice and this permission notice shall be included in all | AUTHORS OR COPYRIGHT HOLDERS BE LIABLE FOR ANY CLAIM, DAMAGES OR OTHER",Retain copyright and permission notice in distributions.,PASS_PERMISSIVE,True
npm,which,2.0.2,False,mobile/participant-app/package-lock.json#node_modules/which,ISC,ISC,mobile/participant-app/node_modules/which/LICENSE,Copyright (c) Isaac Z. Schlueter and Contributors | copyright notice and this permission notice appear in all copies.,Retain copyright and permission notice in distributions.,PASS_PERMISSIVE,True
npm,which-boxed-primitive,1.1.1,False,mobile/participant-app/package-lock.json#node_modules/which-boxed-primitive,MIT,MIT,mobile/participant-app/node_modules/which-boxed-primitive/LICENSE,"Copyright (c) 2019 Jordan Harband | The above copyright notice and this permission notice shall be included in all | AUTHORS OR COPYRIGHT HOLDERS BE LIABLE FOR ANY CLAIM, DAMAGES OR OTHER",Retain copyright and permission notice in distributions.,PASS_PERMISSIVE,True
npm,which-builtin-type,1.2.1,False,mobile/participant-app/package-lock.json#node_modules/which-builtin-type,MIT,MIT,mobile/participant-app/node_modules/which-builtin-type/LICENSE,"Copyright (c) 2020 ECMAScript Shims | The above copyright notice and this permission notice shall be included in all | AUTHORS OR COPYRIGHT HOLDERS BE LIABLE FOR ANY CLAIM, DAMAGES OR OTHER",Retain copyright and permission notice in distributions.,PASS_PERMISSIVE,True
npm,which-collection,1.0.2,False,mobile/participant-app/package-lock.json#node_modules/which-collection,MIT,MIT,mobile/participant-app/node_modules/which-collection/LICENSE,"Copyright (c) 2019 Inspect JS | The above copyright notice and this permission notice shall be included in all | AUTHORS OR COPYRIGHT HOLDERS BE LIABLE FOR ANY CLAIM, DAMAGES OR OTHER",Retain copyright and permission notice in distributions.,PASS_PERMISSIVE,True
npm,which-typed-array,1.1.22,False,mobile/participant-app/package-lock.json#node_modules/which-typed-array,MIT,MIT,mobile/participant-app/node_modules/which-typed-array/LICENSE,"Copyright (c) 2015 Jordan Harband | The above copyright notice and this permission notice shall be included in all | AUTHORS OR COPYRIGHT HOLDERS BE LIABLE FOR ANY CLAIM, DAMAGES OR OTHER",Retain copyright and permission notice in distributions.,PASS_PERMISSIVE,True
npm,word-wrap,1.2.5,False,mobile/participant-app/package-lock.json#node_modules/word-wrap,MIT,MIT,mobile/participant-app/node_modules/word-wrap/LICENSE,"Copyright (c) 2014-2016, Jon Schlinkert | The above copyright notice and this permission notice shall be included in | AUTHORS OR COPYRIGHT HOLDERS BE LIABLE FOR ANY CLAIM, DAMAGES OR OTHER",Retain copyright and permission notice in distributions.,PASS_PERMISSIVE,True
npm,wrap-ansi,7.0.0,False,mobile/participant-app/package-lock.json#node_modules/wrap-ansi,MIT,MIT,mobile/participant-app/node_modules/wrap-ansi/license,"Copyright (c) Sindre Sorhus <sindresorhus@gmail.com> (https://sindresorhus.com) | The above copyright notice and this permission notice shall be included in all copies or substantial portions of the Software. | THE SOFTWARE IS PROVIDED ""AS IS"", WITHOUT WARRANTY OF ANY KIND, EXPRESS OR IMPLIED, INCLUDING BUT NOT LIMITED TO THE WARRANTIES OF MERCHANTABILITY, FITNESS FOR A PARTICULAR PURPOSE AND NONINFRINGEMENT. IN NO EVENT SHALL THE AUTHORS OR COPYRIGHT HOLDERS BE LIABLE FOR ANY CLAIM, DAMAGES OR OTHER LIABILITY, WHETHER IN AN ACTION OF CONTRACT, TORT OR OTHERWISE, ARISING FROM, OUT OF OR IN CONNECTION WITH THE SOFTWARE OR THE USE OR OTHER DEALINGS IN THE SOFTWARE.",Retain copyright and permission notice in distributions.,PASS_PERMISSIVE,True
npm,wrappy,1.0.2,False,mobile/participant-app/package-lock.json#node_modules/wrappy,ISC,ISC,mobile/participant-app/node_modules/wrappy/LICENSE,Copyright (c) Isaac Z. Schlueter and Contributors | copyright notice and this permission notice appear in all copies.,Retain copyright and permission notice in distributions.,PASS_PERMISSIVE,True
npm,write-file-atomic,4.0.2,False,mobile/participant-app/package-lock.json#node_modules/write-file-atomic,ISC,ISC,mobile/participant-app/node_modules/write-file-atomic/LICENSE.md,"Copyright (c) 2015, Rebecca Turner | Permission to use, copy, modify, and/or distribute this software for any purpose with or without fee is hereby granted, provided that the above copyright notice and this permission notice appear in all copies.",Retain copyright and permission notice in distributions.,PASS_PERMISSIVE,True
npm,ws,7.5.13,False,mobile/participant-app/package-lock.json#node_modules/ws,MIT,MIT,mobile/participant-app/node_modules/ws/LICENSE,"Copyright (c) 2011 Einar Otto Stangvik <einaros@gmail.com> | The above copyright notice and this permission notice shall be included in all | AUTHORS OR COPYRIGHT HOLDERS BE LIABLE FOR ANY CLAIM, DAMAGES OR OTHER",Retain copyright and permission notice in distributions.,PASS_PERMISSIVE,True
npm,xcode,3.0.1,False,mobile/participant-app/package-lock.json#node_modules/xcode,Apache-2.0,Apache-2.0,mobile/participant-app/node_modules/xcode/LICENSE,"""Licensor"" shall mean the copyright owner or entity authorized by | the copyright owner that is granting the License. | copyright notice that is included in or attached to the work | submitted to Licensor for inclusion in the Work by the copyright owner | the copyright owner. For the purposes of this definition, ""submitted"" | designated in writing by the copyright owner as ""Not a Contribution."" | 2. Grant of Copyright License. Subject to the terms and conditions of | copyright license to reproduce, prepare Derivative Works of,","Retain licence, copyright and NOTICE text; state material modifications where required.",PASS_PERMISSIVE,True
npm,xml-name-validator,4.0.0,False,mobile/participant-app/package-lock.json#node_modules/xml-name-validator,Apache-2.0,Apache-2.0,mobile/participant-app/node_modules/xml-name-validator/LICENSE.txt,"""Licensor"" shall mean the copyright owner or entity authorized by | the copyright owner that is granting the License. | copyright notice that is included in or attached to the work | submitted to Licensor for inclusion in the Work by the copyright owner | the copyright owner. For the purposes of this definition, ""submitted"" | designated in writing by the copyright owner as ""Not a Contribution."" | 2. Grant of Copyright License. Subject to the terms and conditions of | copyright license to reproduce, prepare Derivative Works of,","Retain licence, copyright and NOTICE text; state material modifications where required.",PASS_PERMISSIVE,True
npm,xml2js,0.6.0,False,mobile/participant-app/package-lock.json#node_modules/xml2js,MIT,MIT,mobile/participant-app/node_modules/xml2js/LICENSE,"Copyright 2010, 2011, 2012, 2013. All rights reserved. | The above copyright notice and this permission notice shall be included in | AUTHORS OR COPYRIGHT HOLDERS BE LIABLE FOR ANY CLAIM, DAMAGES OR OTHER",Retain copyright and permission notice in distributions.,PASS_PERMISSIVE,True
npm,xmlbuilder,11.0.1,False,mobile/participant-app/package-lock.json#node_modules/xml2js/node_modules/xmlbuilder,MIT,MIT,mobile/participant-app/node_modules/xml2js/node_modules/xmlbuilder/LICENSE,"Copyright (c) 2013 Ozgur Ozcitak | The above copyright notice and this permission notice shall be included in | AUTHORS OR COPYRIGHT HOLDERS BE LIABLE FOR ANY CLAIM, DAMAGES OR OTHER",Retain copyright and permission notice in distributions.,PASS_PERMISSIVE,True
npm,xmlbuilder,15.1.1,False,mobile/participant-app/package-lock.json#node_modules/xmlbuilder,MIT,MIT,mobile/participant-app/node_modules/xmlbuilder/LICENSE,"Copyright (c) 2013 Ozgur Ozcitak | The above copyright notice and this permission notice shall be included in | AUTHORS OR COPYRIGHT HOLDERS BE LIABLE FOR ANY CLAIM, DAMAGES OR OTHER",Retain copyright and permission notice in distributions.,PASS_PERMISSIVE,True
npm,xmlchars,2.2.0,False,mobile/participant-app/package-lock.json#node_modules/xmlchars,MIT,MIT,mobile/participant-app/node_modules/xmlchars/LICENSE,"Copyright Louis-Dominique Dubeau and contributors to xmlchars | The above copyright notice and this permission notice shall be included in all | COPYRIGHT HOLDERS BE LIABLE FOR ANY CLAIM, DAMAGES OR OTHER LIABILITY, WHETHER",Retain copyright and permission notice in distributions.,PASS_PERMISSIVE,True
npm,y18n,5.0.8,False,mobile/participant-app/package-lock.json#node_modules/y18n,ISC,ISC,mobile/participant-app/node_modules/y18n/LICENSE,"Copyright (c) 2015, Contributors | with or without fee is hereby granted, provided that the above copyright notice",Retain copyright and permission notice in distributions.,PASS_PERMISSIVE,True
npm,yallist,3.1.1,False,mobile/participant-app/package-lock.json#node_modules/yallist,ISC,ISC,mobile/participant-app/node_modules/yallist/LICENSE,Copyright (c) Isaac Z. Schlueter and Contributors | copyright notice and this permission notice appear in all copies.,Retain copyright and permission notice in distributions.,PASS_PERMISSIVE,True
npm,yaml,2.9.0,False,mobile/participant-app/package-lock.json#node_modules/yaml,ISC,ISC,mobile/participant-app/node_modules/yaml/LICENSE,"Copyright Eemeli Aro <eemeli@gmail.com> | with or without fee is hereby granted, provided that the above copyright notice",Retain copyright and permission notice in distributions.,PASS_PERMISSIVE,True
npm,yaml-ast-parser,0.0.43,False,mobile/participant-app/package-lock.json#node_modules/yaml-ast-parser,Apache-2.0,Apache-2.0,mobile/participant-app/node_modules/yaml-ast-parser/license.txt,"Copyright 2015 (c) MuleSoft, Inc.","Retain licence, copyright and NOTICE text; state material modifications where required.",PASS_PERMISSIVE,True
npm,yargs,17.7.3,False,mobile/participant-app/package-lock.json#node_modules/yargs,MIT,MIT,mobile/participant-app/node_modules/yargs/LICENSE,"Copyright 2010 James Halliday (mail@substack.net); Modified work Copyright 2014 Contributors (ben@npmjs.com) | The above copyright notice and this permission notice shall be included in | AUTHORS OR COPYRIGHT HOLDERS BE LIABLE FOR ANY CLAIM, DAMAGES OR OTHER",Retain copyright and permission notice in distributions.,PASS_PERMISSIVE,True
npm,yargs-parser,21.1.1,False,mobile/participant-app/package-lock.json#node_modules/yargs-parser,ISC,ISC,mobile/participant-app/node_modules/yargs-parser/LICENSE.txt,"Copyright (c) 2016, Contributors | that the above copyright notice and this permission notice",Retain copyright and permission notice in distributions.,PASS_PERMISSIVE,True
npm,yocto-queue,0.1.0,False,mobile/participant-app/package-lock.json#node_modules/yocto-queue,MIT,MIT,mobile/participant-app/node_modules/yocto-queue/license,"Copyright (c) Sindre Sorhus <sindresorhus@gmail.com> (https://sindresorhus.com) | The above copyright notice and this permission notice shall be included in all copies or substantial portions of the Software. | THE SOFTWARE IS PROVIDED ""AS IS"", WITHOUT WARRANTY OF ANY KIND, EXPRESS OR IMPLIED, INCLUDING BUT NOT LIMITED TO THE WARRANTIES OF MERCHANTABILITY, FITNESS FOR A PARTICULAR PURPOSE AND NONINFRINGEMENT. IN NO EVENT SHALL THE AUTHORS OR COPYRIGHT HOLDERS BE LIABLE FOR ANY CLAIM, DAMAGES OR OTHER LIABILITY, WHETHER IN AN ACTION OF CONTRACT, TORT OR OTHERWISE, ARISING FROM, OUT OF OR IN CONNECTION WITH THE SOFTWARE OR THE USE OR OTHER DEALINGS IN THE SOFTWARE.",Retain copyright and permission notice in distributions.,PASS_PERMISSIVE,True
npm,zod,3.25.76,False,mobile/participant-app/package-lock.json#node_modules/zod,MIT,MIT,mobile/participant-app/node_modules/zod/LICENSE,"Copyright (c) 2025 Colin McDonnell | The above copyright notice and this permission notice shall be included in all | AUTHORS OR COPYRIGHT HOLDERS BE LIABLE FOR ANY CLAIM, DAMAGES OR OTHER",Retain copyright and permission notice in distributions.,PASS_PERMISSIVE,True
npm,zod-validation-error,4.0.2,False,mobile/participant-app/package-lock.json#node_modules/zod-validation-error,MIT,MIT,mobile/participant-app/node_modules/zod-validation-error/LICENSE,"Copyright 2022 Causaly, Inc <front-end@causaly.com> | The above copyright notice and this permission notice shall be included in all copies or substantial portions of the Software. | THE SOFTWARE IS PROVIDED ""AS IS"", WITHOUT WARRANTY OF ANY KIND, EXPRESS OR IMPLIED, INCLUDING BUT NOT LIMITED TO THE WARRANTIES OF MERCHANTABILITY, FITNESS FOR A PARTICULAR PURPOSE AND NONINFRINGEMENT. IN NO EVENT SHALL THE AUTHORS OR COPYRIGHT HOLDERS BE LIABLE FOR ANY CLAIM, DAMAGES OR OTHER LIABILITY, WHETHER IN AN ACTION OF CONTRACT, TORT OR OTHERWISE, ARISING FROM, OUT OF OR IN CONNECTION WITH THE SOFTWARE OR THE USE OR OTHER DEALINGS IN THE SOFTWARE.",Retain copyright and permission notice in distributions.,PASS_PERMISSIVE,True
pub,args,2.7.0,False,participant_app/pubspec.lock (hosted),UNKNOWN,BSD,locally collected upstream distribution notice: LICENSE,"Copyright 2013, the Dart project authors. | * Redistributions of source code must retain the above copyright | copyright notice, this list of conditions and the following | THIS SOFTWARE IS PROVIDED BY THE COPYRIGHT HOLDERS AND CONTRIBUTORS | A PARTICULAR PURPOSE ARE DISCLAIMED. IN NO EVENT SHALL THE COPYRIGHT","Retain copyright, conditions and disclaimer in source/binary distributions.",PASS_PERMISSIVE,True
pub,async,2.13.1,False,participant_app/pubspec.lock (hosted),UNKNOWN,BSD,locally collected upstream distribution notice: LICENSE,"Copyright 2015, the Dart project authors. | * Redistributions of source code must retain the above copyright | copyright notice, this list of conditions and the following | THIS SOFTWARE IS PROVIDED BY THE COPYRIGHT HOLDERS AND CONTRIBUTORS | A PARTICULAR PURPOSE ARE DISCLAIMED. IN NO EVENT SHALL THE COPYRIGHT","Retain copyright, conditions and disclaimer in source/binary distributions.",PASS_PERMISSIVE,True
pub,audioplayers,6.8.1,True,participant_app/pubspec.lock (hosted),UNKNOWN,MIT,locally collected upstream distribution notice: LICENSE,"Copyright (c) 2017 Blue Fire | The above copyright notice and this permission notice shall be included in all | AUTHORS OR COPYRIGHT HOLDERS BE LIABLE FOR ANY CLAIM, DAMAGES OR OTHER",Retain copyright and permission notice in distributions.,PASS_PERMISSIVE,True
pub,audioplayers_android,5.3.0,False,participant_app/pubspec.lock (hosted),UNKNOWN,MIT,locally collected upstream distribution notice: LICENSE,"Copyright (c) 2017 Blue Fire | The above copyright notice and this permission notice shall be included in all | AUTHORS OR COPYRIGHT HOLDERS BE LIABLE FOR ANY CLAIM, DAMAGES OR OTHER",Retain copyright and permission notice in distributions.,PASS_PERMISSIVE,True
pub,audioplayers_darwin,6.5.0,False,participant_app/pubspec.lock (hosted),UNKNOWN,MIT,locally collected upstream distribution notice: LICENSE,"Copyright (c) 2017 Blue Fire | The above copyright notice and this permission notice shall be included in all | AUTHORS OR COPYRIGHT HOLDERS BE LIABLE FOR ANY CLAIM, DAMAGES OR OTHER",Retain copyright and permission notice in distributions.,PASS_PERMISSIVE,True
pub,audioplayers_linux,4.3.0,False,participant_app/pubspec.lock (hosted),UNKNOWN,MIT,locally collected upstream distribution notice: LICENSE,"Copyright (c) 2017 Blue Fire | The above copyright notice and this permission notice shall be included in all | AUTHORS OR COPYRIGHT HOLDERS BE LIABLE FOR ANY CLAIM, DAMAGES OR OTHER",Retain copyright and permission notice in distributions.,PASS_PERMISSIVE,True
pub,audioplayers_platform_interface,7.2.0,False,participant_app/pubspec.lock (hosted),UNKNOWN,MIT,locally collected upstream distribution notice: LICENSE,"Copyright (c) 2017 Blue Fire | The above copyright notice and this permission notice shall be included in all | AUTHORS OR COPYRIGHT HOLDERS BE LIABLE FOR ANY CLAIM, DAMAGES OR OTHER",Retain copyright and permission notice in distributions.,PASS_PERMISSIVE,True
pub,audioplayers_web,5.3.0,False,participant_app/pubspec.lock (hosted),UNKNOWN,MIT,locally collected upstream distribution notice: LICENSE,"Copyright (c) 2017 Blue Fire | The above copyright notice and this permission notice shall be included in all | AUTHORS OR COPYRIGHT HOLDERS BE LIABLE FOR ANY CLAIM, DAMAGES OR OTHER",Retain copyright and permission notice in distributions.,PASS_PERMISSIVE,True
pub,audioplayers_windows,4.4.1,False,participant_app/pubspec.lock (hosted),UNKNOWN,MIT,locally collected upstream distribution notice: LICENSE,"Copyright (c) 2017 Blue Fire | The above copyright notice and this permission notice shall be included in all | AUTHORS OR COPYRIGHT HOLDERS BE LIABLE FOR ANY CLAIM, DAMAGES OR OTHER",Retain copyright and permission notice in distributions.,PASS_PERMISSIVE,True
pub,boolean_selector,2.1.2,False,participant_app/pubspec.lock (hosted),UNKNOWN,BSD,locally collected upstream distribution notice: LICENSE,"Copyright 2016, the Dart project authors. | * Redistributions of source code must retain the above copyright | copyright notice, this list of conditions and the following | THIS SOFTWARE IS PROVIDED BY THE COPYRIGHT HOLDERS AND CONTRIBUTORS | A PARTICULAR PURPOSE ARE DISCLAIMED. IN NO EVENT SHALL THE COPYRIGHT","Retain copyright, conditions and disclaimer in source/binary distributions.",PASS_PERMISSIVE,True
pub,characters,1.4.1,False,participant_app/pubspec.lock (hosted),UNKNOWN,BSD,locally collected upstream distribution notice: LICENSE,"Copyright 2019, the Dart project authors. | * Redistributions of source code must retain the above copyright | copyright notice, this list of conditions and the following | THIS SOFTWARE IS PROVIDED BY THE COPYRIGHT HOLDERS AND CONTRIBUTORS | A PARTICULAR PURPOSE ARE DISCLAIMED. IN NO EVENT SHALL THE COPYRIGHT","Retain copyright, conditions and disclaimer in source/binary distributions.",PASS_PERMISSIVE,True
pub,clock,1.1.2,False,participant_app/pubspec.lock (hosted),UNKNOWN,Apache-2.0,locally collected upstream distribution notice: LICENSE,"""Licensor"" shall mean the copyright owner or entity authorized by | the copyright owner that is granting the License. | copyright notice that is included in or attached to the work | submitted to Licensor for inclusion in the Work by the copyright owner | the copyright owner. For the purposes of this definition, ""submitted"" | designated in writing by the copyright owner as ""Not a Contribution."" | 2. Grant of Copyright License. Subject to the terms and conditions of | copyright license to reproduce, prepare Derivative Works of,","Retain licence, copyright and NOTICE text; state material modifications where required.",PASS_PERMISSIVE,True
pub,code_assets,1.2.1,False,participant_app/pubspec.lock (hosted),UNKNOWN,BSD,locally collected upstream distribution notice: LICENSE,"Copyright 2025, the Dart project authors. | * Redistributions of source code must retain the above copyright | copyright notice, this list of conditions and the following | THIS SOFTWARE IS PROVIDED BY THE COPYRIGHT HOLDERS AND CONTRIBUTORS | A PARTICULAR PURPOSE ARE DISCLAIMED. IN NO EVENT SHALL THE COPYRIGHT","Retain copyright, conditions and disclaimer in source/binary distributions.",PASS_PERMISSIVE,True
pub,collection,1.19.1,False,participant_app/pubspec.lock (hosted),UNKNOWN,BSD,locally collected upstream distribution notice: LICENSE,"Copyright 2015, the Dart project authors. | * Redistributions of source code must retain the above copyright | copyright notice, this list of conditions and the following | THIS SOFTWARE IS PROVIDED BY THE COPYRIGHT HOLDERS AND CONTRIBUTORS | A PARTICULAR PURPOSE ARE DISCLAIMED. IN NO EVENT SHALL THE COPYRIGHT","Retain copyright, conditions and disclaimer in source/binary distributions.",PASS_PERMISSIVE,True
pub,cross_file,0.3.5+4,False,participant_app/pubspec.lock (hosted),UNKNOWN,BSD,locally collected upstream distribution notice: LICENSE,"Copyright 2013 The Flutter Authors | * Redistributions of source code must retain the above copyright | copyright notice, this list of conditions and the following | THIS SOFTWARE IS PROVIDED BY THE COPYRIGHT HOLDERS AND CONTRIBUTORS ""AS IS"" AND | DISCLAIMED. IN NO EVENT SHALL THE COPYRIGHT OWNER OR CONTRIBUTORS BE LIABLE FOR","Retain copyright, conditions and disclaimer in source/binary distributions.",PASS_PERMISSIVE,True
pub,crypto,3.0.7,False,participant_app/pubspec.lock (hosted),UNKNOWN,BSD,locally collected upstream distribution notice: LICENSE,"Copyright 2015, the Dart project authors. | * Redistributions of source code must retain the above copyright | copyright notice, this list of conditions and the following | THIS SOFTWARE IS PROVIDED BY THE COPYRIGHT HOLDERS AND CONTRIBUTORS | A PARTICULAR PURPOSE ARE DISCLAIMED. IN NO EVENT SHALL THE COPYRIGHT","Retain copyright, conditions and disclaimer in source/binary distributions.",PASS_PERMISSIVE,True
pub,cupertino_icons,1.0.9,True,participant_app/pubspec.lock (hosted),UNKNOWN,MIT,locally collected upstream distribution notice: LICENSE,"Copyright (c) 2016 Vladimir Kharlampidi | The above copyright notice and this permission notice shall be included in all | COPYRIGHT HOLDERS BE LIABLE FOR ANY CLAIM, DAMAGES OR OTHER LIABILITY, WHETHER",Retain copyright and permission notice in distributions.,PASS_PERMISSIVE,True
pub,dbus,0.7.14,False,participant_app/pubspec.lock (hosted),UNKNOWN,LGPL,locally collected upstream distribution notice: LICENSE,"applicable copyright doctrines of fair use, fair dealing, or other | (including copyright notices, patent notices, disclaimers of warranty, | You may add additional accurate notices of copyright ownership.","Preserve notices and assess linking, relinking and modified-library source obligations.",HUMAN_LEGAL_REVIEW,True
pub,fake_async,1.3.3,False,participant_app/pubspec.lock (hosted),UNKNOWN,Apache-2.0,locally collected upstream distribution notice: LICENSE,"""Licensor"" shall mean the copyright owner or entity authorized by | the copyright owner that is granting the License. | copyright notice that is included in or attached to the work | submitted to Licensor for inclusion in the Work by the copyright owner | the copyright owner. For the purposes of this definition, ""submitted"" | designated in writing by the copyright owner as ""Not a Contribution."" | 2. Grant of Copyright License. Subject to the terms and conditions of | copyright license to reproduce, prepare Derivative Works of,","Retain licence, copyright and NOTICE text; state material modifications where required.",PASS_PERMISSIVE,True
pub,ffi,2.2.0,False,participant_app/pubspec.lock (hosted),UNKNOWN,BSD,locally collected upstream distribution notice: LICENSE,"Copyright 2019, the Dart project authors. | * Redistributions of source code must retain the above copyright | copyright notice, this list of conditions and the following | THIS SOFTWARE IS PROVIDED BY THE COPYRIGHT HOLDERS AND CONTRIBUTORS | A PARTICULAR PURPOSE ARE DISCLAIMED. IN NO EVENT SHALL THE COPYRIGHT","Retain copyright, conditions and disclaimer in source/binary distributions.",PASS_PERMISSIVE,True
pub,file,7.0.1,False,participant_app/pubspec.lock (hosted),UNKNOWN,BSD,locally collected upstream distribution notice: LICENSE,"Copyright 2017, the Dart project authors. All rights reserved. | * Redistributions of source code must retain the above copyright | copyright notice, this list of conditions and the following | THIS SOFTWARE IS PROVIDED BY THE COPYRIGHT HOLDERS AND CONTRIBUTORS | A PARTICULAR PURPOSE ARE DISCLAIMED. IN NO EVENT SHALL THE COPYRIGHT","Retain copyright, conditions and disclaimer in source/binary distributions.",PASS_PERMISSIVE,True
pub,file_picker,10.3.10,True,participant_app/pubspec.lock (hosted),UNKNOWN,MIT,locally collected upstream distribution notice: LICENSE,"Copyright (c) 2018 Miguel Ruivo | The above copyright notice and this permission notice shall be included in all | AUTHORS OR COPYRIGHT HOLDERS BE LIABLE FOR ANY CLAIM, DAMAGES OR OTHER",Retain copyright and permission notice in distributions.,PASS_PERMISSIVE,True
pub,file_selector_linux,0.9.4,False,participant_app/pubspec.lock (hosted),UNKNOWN,BSD,locally collected upstream distribution notice: LICENSE,"Copyright 2013 The Flutter Authors | * Redistributions of source code must retain the above copyright | copyright notice, this list of conditions and the following | THIS SOFTWARE IS PROVIDED BY THE COPYRIGHT HOLDERS AND CONTRIBUTORS ""AS IS"" AND | DISCLAIMED. IN NO EVENT SHALL THE COPYRIGHT OWNER OR CONTRIBUTORS BE LIABLE FOR","Retain copyright, conditions and disclaimer in source/binary distributions.",PASS_PERMISSIVE,True
pub,file_selector_macos,0.9.5,False,participant_app/pubspec.lock (hosted),UNKNOWN,BSD,locally collected upstream distribution notice: LICENSE,"Copyright 2013 The Flutter Authors | * Redistributions of source code must retain the above copyright | copyright notice, this list of conditions and the following | THIS SOFTWARE IS PROVIDED BY THE COPYRIGHT HOLDERS AND CONTRIBUTORS ""AS IS"" AND | DISCLAIMED. IN NO EVENT SHALL THE COPYRIGHT OWNER OR CONTRIBUTORS BE LIABLE FOR","Retain copyright, conditions and disclaimer in source/binary distributions.",PASS_PERMISSIVE,True
pub,file_selector_platform_interface,2.7.0,False,participant_app/pubspec.lock (hosted),UNKNOWN,BSD,locally collected upstream distribution notice: LICENSE,"Copyright 2013 The Flutter Authors | * Redistributions of source code must retain the above copyright | copyright notice, this list of conditions and the following | THIS SOFTWARE IS PROVIDED BY THE COPYRIGHT HOLDERS AND CONTRIBUTORS ""AS IS"" AND | DISCLAIMED. IN NO EVENT SHALL THE COPYRIGHT OWNER OR CONTRIBUTORS BE LIABLE FOR","Retain copyright, conditions and disclaimer in source/binary distributions.",PASS_PERMISSIVE,True
pub,file_selector_windows,0.9.3+5,False,participant_app/pubspec.lock (hosted),UNKNOWN,BSD,locally collected upstream distribution notice: LICENSE,"Copyright 2013 The Flutter Authors | * Redistributions of source code must retain the above copyright | copyright notice, this list of conditions and the following | THIS SOFTWARE IS PROVIDED BY THE COPYRIGHT HOLDERS AND CONTRIBUTORS ""AS IS"" AND | DISCLAIMED. IN NO EVENT SHALL THE COPYRIGHT OWNER OR CONTRIBUTORS BE LIABLE FOR","Retain copyright, conditions and disclaimer in source/binary distributions.",PASS_PERMISSIVE,True
pub,fixnum,1.1.1,False,participant_app/pubspec.lock (hosted),UNKNOWN,BSD,locally collected upstream distribution notice: LICENSE,"Copyright 2014, the Dart project authors. | * Redistributions of source code must retain the above copyright | copyright notice, this list of conditions and the following | THIS SOFTWARE IS PROVIDED BY THE COPYRIGHT HOLDERS AND CONTRIBUTORS | A PARTICULAR PURPOSE ARE DISCLAIMED. IN NO EVENT SHALL THE COPYRIGHT","Retain copyright, conditions and disclaimer in source/binary distributions.",PASS_PERMISSIVE,True
pub,flutter,0.0.0,True,participant_app/pubspec.lock (sdk),UNKNOWN,BSD,locally collected upstream distribution notice: LICENSE,"Copyright 2014 The Flutter Authors. All rights reserved. | * Redistributions of source code must retain the above copyright | copyright notice, this list of conditions and the following | THIS SOFTWARE IS PROVIDED BY THE COPYRIGHT HOLDERS AND CONTRIBUTORS ""AS IS"" AND | DISCLAIMED. IN NO EVENT SHALL THE COPYRIGHT OWNER OR CONTRIBUTORS BE LIABLE FOR","Retain copyright, conditions and disclaimer in source/binary distributions.",PASS_PERMISSIVE,True
pub,flutter_lints,6.0.0,True,participant_app/pubspec.lock (hosted),UNKNOWN,BSD,locally collected upstream distribution notice: LICENSE,"Copyright 2013 The Flutter Authors. All rights reserved. | * Redistributions of source code must retain the above copyright | copyright notice, this list of conditions and the following | THIS SOFTWARE IS PROVIDED BY THE COPYRIGHT HOLDERS AND CONTRIBUTORS ""AS IS"" AND | DISCLAIMED. IN NO EVENT SHALL THE COPYRIGHT OWNER OR CONTRIBUTORS BE LIABLE FOR","Retain copyright, conditions and disclaimer in source/binary distributions.",PASS_PERMISSIVE,True
pub,flutter_plugin_android_lifecycle,2.0.35,False,participant_app/pubspec.lock (hosted),UNKNOWN,BSD,locally collected upstream distribution notice: LICENSE,"Copyright 2013 The Flutter Authors | * Redistributions of source code must retain the above copyright | copyright notice, this list of conditions and the following | THIS SOFTWARE IS PROVIDED BY THE COPYRIGHT HOLDERS AND CONTRIBUTORS ""AS IS"" AND | DISCLAIMED. IN NO EVENT SHALL THE COPYRIGHT OWNER OR CONTRIBUTORS BE LIABLE FOR","Retain copyright, conditions and disclaimer in source/binary distributions.",PASS_PERMISSIVE,True
pub,flutter_secure_storage,10.3.1,True,participant_app/pubspec.lock (hosted),UNKNOWN,BSD,locally collected upstream distribution notice: LICENSE,"Copyright 2017 German Saprykin | * Redistributions of source code must retain the above copyright notice, this | * Redistributions in binary form must reproduce the above copyright notice, | * Neither the name of the copyright holder nor the names of its | THIS SOFTWARE IS PROVIDED BY THE COPYRIGHT HOLDERS AND CONTRIBUTORS ""AS IS"" | DISCLAIMED. IN NO EVENT SHALL THE COPYRIGHT HOLDER OR CONTRIBUTORS BE LIABLE","Retain copyright, conditions and disclaimer in source/binary distributions.",PASS_PERMISSIVE,True
pub,flutter_secure_storage_darwin,0.3.2,False,participant_app/pubspec.lock (hosted),UNKNOWN,BSD,locally collected upstream distribution notice: LICENSE,"Copyright 2025 Julian Steenbakker | * Redistributions of source code must retain the above copyright notice, this | * Redistributions in binary form must reproduce the above copyright notice, | * Neither the name of the copyright holder nor the names of its | THIS SOFTWARE IS PROVIDED BY THE COPYRIGHT HOLDERS AND CONTRIBUTORS ""AS IS"" | DISCLAIMED. IN NO EVENT SHALL THE COPYRIGHT HOLDER OR CONTRIBUTORS BE LIABLE","Retain copyright, conditions and disclaimer in source/binary distributions.",PASS_PERMISSIVE,True
pub,flutter_secure_storage_linux,3.0.2,False,participant_app/pubspec.lock (hosted),UNKNOWN,BSD,locally collected upstream distribution notice: LICENSE,"Copyright 2017 German Saprykin | * Redistributions of source code must retain the above copyright notice, this | * Redistributions in binary form must reproduce the above copyright notice, | * Neither the name of the copyright holder nor the names of its | THIS SOFTWARE IS PROVIDED BY THE COPYRIGHT HOLDERS AND CONTRIBUTORS ""AS IS"" | DISCLAIMED. IN NO EVENT SHALL THE COPYRIGHT HOLDER OR CONTRIBUTORS BE LIABLE","Retain copyright, conditions and disclaimer in source/binary distributions.",PASS_PERMISSIVE,True
pub,flutter_secure_storage_platform_interface,2.0.3,False,participant_app/pubspec.lock (hosted),UNKNOWN,BSD,locally collected upstream distribution notice: LICENSE,"Copyright 2017 German Saprykin | * Redistributions of source code must retain the above copyright notice, this | * Redistributions in binary form must reproduce the above copyright notice, | * Neither the name of the copyright holder nor the names of its | THIS SOFTWARE IS PROVIDED BY THE COPYRIGHT HOLDERS AND CONTRIBUTORS ""AS IS"" | DISCLAIMED. IN NO EVENT SHALL THE COPYRIGHT HOLDER OR CONTRIBUTORS BE LIABLE","Retain copyright, conditions and disclaimer in source/binary distributions.",PASS_PERMISSIVE,True
pub,flutter_secure_storage_web,2.1.1,False,participant_app/pubspec.lock (hosted),UNKNOWN,BSD,locally collected upstream distribution notice: LICENSE,"Copyright 2017 German Saprykin | * Redistributions of source code must retain the above copyright notice, this | * Redistributions in binary form must reproduce the above copyright notice, | * Neither the name of the copyright holder nor the names of its | THIS SOFTWARE IS PROVIDED BY THE COPYRIGHT HOLDERS AND CONTRIBUTORS ""AS IS"" | DISCLAIMED. IN NO EVENT SHALL THE COPYRIGHT HOLDER OR CONTRIBUTORS BE LIABLE","Retain copyright, conditions and disclaimer in source/binary distributions.",PASS_PERMISSIVE,True
pub,flutter_secure_storage_windows,4.1.0,False,participant_app/pubspec.lock (hosted),UNKNOWN,BSD,locally collected upstream distribution notice: LICENSE,"Copyright 2017 German Saprykin | * Redistributions of source code must retain the above copyright notice, this | * Redistributions in binary form must reproduce the above copyright notice, | * Neither the name of the copyright holder nor the names of its | THIS SOFTWARE IS PROVIDED BY THE COPYRIGHT HOLDERS AND CONTRIBUTORS ""AS IS"" | DISCLAIMED. IN NO EVENT SHALL THE COPYRIGHT HOLDER OR CONTRIBUTORS BE LIABLE","Retain copyright, conditions and disclaimer in source/binary distributions.",PASS_PERMISSIVE,True
pub,flutter_test,0.0.0,True,participant_app/pubspec.lock (sdk),UNKNOWN,BSD,locally collected upstream distribution notice: LICENSE,"Copyright 2014 The Flutter Authors. All rights reserved. | * Redistributions of source code must retain the above copyright | copyright notice, this list of conditions and the following | THIS SOFTWARE IS PROVIDED BY THE COPYRIGHT HOLDERS AND CONTRIBUTORS ""AS IS"" AND | DISCLAIMED. IN NO EVENT SHALL THE COPYRIGHT OWNER OR CONTRIBUTORS BE LIABLE FOR","Retain copyright, conditions and disclaimer in source/binary distributions.",PASS_PERMISSIVE,True
pub,flutter_web_plugins,0.0.0,False,participant_app/pubspec.lock (sdk),UNKNOWN,BSD,locally collected upstream distribution notice: LICENSE,"Copyright 2014 The Flutter Authors. All rights reserved. | * Redistributions of source code must retain the above copyright | copyright notice, this list of conditions and the following | THIS SOFTWARE IS PROVIDED BY THE COPYRIGHT HOLDERS AND CONTRIBUTORS ""AS IS"" AND | DISCLAIMED. IN NO EVENT SHALL THE COPYRIGHT OWNER OR CONTRIBUTORS BE LIABLE FOR","Retain copyright, conditions and disclaimer in source/binary distributions.",PASS_PERMISSIVE,True
pub,hooks,2.0.2,False,participant_app/pubspec.lock (hosted),UNKNOWN,BSD,locally collected upstream distribution notice: LICENSE,"Copyright 2025, the Dart project authors. | * Redistributions of source code must retain the above copyright | copyright notice, this list of conditions and the following | THIS SOFTWARE IS PROVIDED BY THE COPYRIGHT HOLDERS AND CONTRIBUTORS | A PARTICULAR PURPOSE ARE DISCLAIMED. IN NO EVENT SHALL THE COPYRIGHT","Retain copyright, conditions and disclaimer in source/binary distributions.",PASS_PERMISSIVE,True
pub,http,1.6.0,True,participant_app/pubspec.lock (hosted),UNKNOWN,BSD,locally collected upstream distribution notice: LICENSE,"Copyright 2014, the Dart project authors. | * Redistributions of source code must retain the above copyright | copyright notice, this list of conditions and the following | THIS SOFTWARE IS PROVIDED BY THE COPYRIGHT HOLDERS AND CONTRIBUTORS | A PARTICULAR PURPOSE ARE DISCLAIMED. IN NO EVENT SHALL THE COPYRIGHT","Retain copyright, conditions and disclaimer in source/binary distributions.",PASS_PERMISSIVE,True
pub,http_parser,4.1.2,False,participant_app/pubspec.lock (hosted),UNKNOWN,BSD,locally collected upstream distribution notice: LICENSE,"Copyright 2014, the Dart project authors. | * Redistributions of source code must retain the above copyright | copyright notice, this list of conditions and the following | THIS SOFTWARE IS PROVIDED BY THE COPYRIGHT HOLDERS AND CONTRIBUTORS | A PARTICULAR PURPOSE ARE DISCLAIMED. IN NO EVENT SHALL THE COPYRIGHT","Retain copyright, conditions and disclaimer in source/binary distributions.",PASS_PERMISSIVE,True
pub,image_picker,1.2.3,True,participant_app/pubspec.lock (hosted),UNKNOWN,Apache-2.0,locally collected upstream distribution notice: LICENSE,"Copyright 2013 The Flutter Authors | * Redistributions of source code must retain the above copyright | copyright notice, this list of conditions and the following | THIS SOFTWARE IS PROVIDED BY THE COPYRIGHT HOLDERS AND CONTRIBUTORS ""AS IS"" AND | DISCLAIMED. IN NO EVENT SHALL THE COPYRIGHT OWNER OR CONTRIBUTORS BE LIABLE FOR | ""Licensor"" shall mean the copyright owner or entity authorized by | the copyright owner that is granting the License. | copyright notice that is included in or attached to the work","Retain licence, copyright and NOTICE text; state material modifications where required.",PASS_PERMISSIVE,True
pub,image_picker_android,0.8.13+19,False,participant_app/pubspec.lock (hosted),UNKNOWN,Apache-2.0,locally collected upstream distribution notice: LICENSE,"Copyright 2013 The Flutter Authors | * Redistributions of source code must retain the above copyright | copyright notice, this list of conditions and the following | THIS SOFTWARE IS PROVIDED BY THE COPYRIGHT HOLDERS AND CONTRIBUTORS ""AS IS"" AND | DISCLAIMED. IN NO EVENT SHALL THE COPYRIGHT OWNER OR CONTRIBUTORS BE LIABLE FOR | ""Licensor"" shall mean the copyright owner or entity authorized by | the copyright owner that is granting the License. | copyright notice that is included in or attached to the work","Retain licence, copyright and NOTICE text; state material modifications where required.",PASS_PERMISSIVE,True
pub,image_picker_for_web,3.1.1,False,participant_app/pubspec.lock (hosted),UNKNOWN,BSD,locally collected upstream distribution notice: LICENSE,"Copyright 2013 The Flutter Authors | * Redistributions of source code must retain the above copyright | copyright notice, this list of conditions and the following | THIS SOFTWARE IS PROVIDED BY THE COPYRIGHT HOLDERS AND CONTRIBUTORS ""AS IS"" AND | DISCLAIMED. IN NO EVENT SHALL THE COPYRIGHT OWNER OR CONTRIBUTORS BE LIABLE FOR","Retain copyright, conditions and disclaimer in source/binary distributions.",PASS_PERMISSIVE,True
pub,image_picker_ios,0.8.13+6,False,participant_app/pubspec.lock (hosted),UNKNOWN,Apache-2.0,locally collected upstream distribution notice: LICENSE,"Copyright 2013 The Flutter Authors | * Redistributions of source code must retain the above copyright | copyright notice, this list of conditions and the following | THIS SOFTWARE IS PROVIDED BY THE COPYRIGHT HOLDERS AND CONTRIBUTORS ""AS IS"" AND | DISCLAIMED. IN NO EVENT SHALL THE COPYRIGHT OWNER OR CONTRIBUTORS BE LIABLE FOR | ""Licensor"" shall mean the copyright owner or entity authorized by | the copyright owner that is granting the License. | copyright notice that is included in or attached to the work","Retain licence, copyright and NOTICE text; state material modifications where required.",PASS_PERMISSIVE,True
pub,image_picker_linux,0.2.2,False,participant_app/pubspec.lock (hosted),UNKNOWN,BSD,locally collected upstream distribution notice: LICENSE,"Copyright 2013 The Flutter Authors. All rights reserved. | * Redistributions of source code must retain the above copyright | copyright notice, this list of conditions and the following | THIS SOFTWARE IS PROVIDED BY THE COPYRIGHT HOLDERS AND CONTRIBUTORS ""AS IS"" AND | DISCLAIMED. IN NO EVENT SHALL THE COPYRIGHT OWNER OR CONTRIBUTORS BE LIABLE FOR","Retain copyright, conditions and disclaimer in source/binary distributions.",PASS_PERMISSIVE,True
pub,image_picker_macos,0.2.2+1,False,participant_app/pubspec.lock (hosted),UNKNOWN,BSD,locally collected upstream distribution notice: LICENSE,"Copyright 2013 The Flutter Authors | * Redistributions of source code must retain the above copyright | copyright notice, this list of conditions and the following | THIS SOFTWARE IS PROVIDED BY THE COPYRIGHT HOLDERS AND CONTRIBUTORS ""AS IS"" AND | DISCLAIMED. IN NO EVENT SHALL THE COPYRIGHT OWNER OR CONTRIBUTORS BE LIABLE FOR","Retain copyright, conditions and disclaimer in source/binary distributions.",PASS_PERMISSIVE,True
pub,image_picker_platform_interface,2.11.1,False,participant_app/pubspec.lock (hosted),UNKNOWN,BSD,locally collected upstream distribution notice: LICENSE,"Copyright 2013 The Flutter Authors | * Redistributions of source code must retain the above copyright | copyright notice, this list of conditions and the following | THIS SOFTWARE IS PROVIDED BY THE COPYRIGHT HOLDERS AND CONTRIBUTORS ""AS IS"" AND | DISCLAIMED. IN NO EVENT SHALL THE COPYRIGHT OWNER OR CONTRIBUTORS BE LIABLE FOR","Retain copyright, conditions and disclaimer in source/binary distributions.",PASS_PERMISSIVE,True
pub,image_picker_windows,0.2.2,False,participant_app/pubspec.lock (hosted),UNKNOWN,BSD,locally collected upstream distribution notice: LICENSE,"Copyright 2013 The Flutter Authors. All rights reserved. | * Redistributions of source code must retain the above copyright | copyright notice, this list of conditions and the following | THIS SOFTWARE IS PROVIDED BY THE COPYRIGHT HOLDERS AND CONTRIBUTORS ""AS IS"" AND | DISCLAIMED. IN NO EVENT SHALL THE COPYRIGHT OWNER OR CONTRIBUTORS BE LIABLE FOR","Retain copyright, conditions and disclaimer in source/binary distributions.",PASS_PERMISSIVE,True
pub,jni,1.0.3,False,participant_app/pubspec.lock (hosted),UNKNOWN,BSD,locally collected upstream distribution notice: LICENSE,"Copyright 2022, the Dart project authors. | * Redistributions of source code must retain the above copyright | copyright notice, this list of conditions and the following | THIS SOFTWARE IS PROVIDED BY THE COPYRIGHT HOLDERS AND CONTRIBUTORS | A PARTICULAR PURPOSE ARE DISCLAIMED. IN NO EVENT SHALL THE COPYRIGHT","Retain copyright, conditions and disclaimer in source/binary distributions.",PASS_PERMISSIVE,True
pub,jni_flutter,1.0.2,False,participant_app/pubspec.lock (hosted),UNKNOWN,BSD,locally collected upstream distribution notice: LICENSE,"Copyright 2026, the Dart project authors. | * Redistributions of source code must retain the above copyright | copyright notice, this list of conditions and the following | THIS SOFTWARE IS PROVIDED BY THE COPYRIGHT HOLDERS AND CONTRIBUTORS | A PARTICULAR PURPOSE ARE DISCLAIMED. IN NO EVENT SHALL THE COPYRIGHT","Retain copyright, conditions and disclaimer in source/binary distributions.",PASS_PERMISSIVE,True
pub,jni_util,1.0.0,False,participant_app/pubspec.lock (hosted),UNKNOWN,BSD,locally collected upstream distribution notice: LICENSE,"Copyright 2026, the Dart project authors. | * Redistributions of source code must retain the above copyright | copyright notice, this list of conditions and the following | THIS SOFTWARE IS PROVIDED BY THE COPYRIGHT HOLDERS AND CONTRIBUTORS | A PARTICULAR PURPOSE ARE DISCLAIMED. IN NO EVENT SHALL THE COPYRIGHT","Retain copyright, conditions and disclaimer in source/binary distributions.",PASS_PERMISSIVE,True
pub,leak_tracker,11.0.2,False,participant_app/pubspec.lock (hosted),UNKNOWN,BSD,locally collected upstream distribution notice: LICENSE,"Copyright 2022, the Dart project authors. | * Redistributions of source code must retain the above copyright | copyright notice, this list of conditions and the following | THIS SOFTWARE IS PROVIDED BY THE COPYRIGHT HOLDERS AND CONTRIBUTORS | A PARTICULAR PURPOSE ARE DISCLAIMED. IN NO EVENT SHALL THE COPYRIGHT","Retain copyright, conditions and disclaimer in source/binary distributions.",PASS_PERMISSIVE,True
pub,leak_tracker_flutter_testing,3.0.10,False,participant_app/pubspec.lock (hosted),UNKNOWN,BSD,locally collected upstream distribution notice: LICENSE,"Copyright 2022, the Dart project authors. | * Redistributions of source code must retain the above copyright | copyright notice, this list of conditions and the following | THIS SOFTWARE IS PROVIDED BY THE COPYRIGHT HOLDERS AND CONTRIBUTORS | A PARTICULAR PURPOSE ARE DISCLAIMED. IN NO EVENT SHALL THE COPYRIGHT","Retain copyright, conditions and disclaimer in source/binary distributions.",PASS_PERMISSIVE,True
pub,leak_tracker_testing,3.0.2,False,participant_app/pubspec.lock (hosted),UNKNOWN,BSD,locally collected upstream distribution notice: LICENSE,"Copyright 2022, the Dart project authors. | * Redistributions of source code must retain the above copyright | copyright notice, this list of conditions and the following | THIS SOFTWARE IS PROVIDED BY THE COPYRIGHT HOLDERS AND CONTRIBUTORS | A PARTICULAR PURPOSE ARE DISCLAIMED. IN NO EVENT SHALL THE COPYRIGHT","Retain copyright, conditions and disclaimer in source/binary distributions.",PASS_PERMISSIVE,True
pub,lints,6.1.0,False,participant_app/pubspec.lock (hosted),UNKNOWN,BSD,locally collected upstream distribution notice: LICENSE,"Copyright 2021, the Dart project authors. | * Redistributions of source code must retain the above copyright | copyright notice, this list of conditions and the following | THIS SOFTWARE IS PROVIDED BY THE COPYRIGHT HOLDERS AND CONTRIBUTORS | A PARTICULAR PURPOSE ARE DISCLAIMED. IN NO EVENT SHALL THE COPYRIGHT","Retain copyright, conditions and disclaimer in source/binary distributions.",PASS_PERMISSIVE,True
pub,logging,1.3.0,False,participant_app/pubspec.lock (hosted),UNKNOWN,BSD,locally collected upstream distribution notice: LICENSE,"Copyright 2013, the Dart project authors. | * Redistributions of source code must retain the above copyright | copyright notice, this list of conditions and the following | THIS SOFTWARE IS PROVIDED BY THE COPYRIGHT HOLDERS AND CONTRIBUTORS | A PARTICULAR PURPOSE ARE DISCLAIMED. IN NO EVENT SHALL THE COPYRIGHT","Retain copyright, conditions and disclaimer in source/binary distributions.",PASS_PERMISSIVE,True
pub,matcher,0.12.20,False,participant_app/pubspec.lock (hosted),UNKNOWN,BSD,locally collected upstream distribution notice: LICENSE,"Copyright 2014, the Dart project authors. | * Redistributions of source code must retain the above copyright | copyright notice, this list of conditions and the following | THIS SOFTWARE IS PROVIDED BY THE COPYRIGHT HOLDERS AND CONTRIBUTORS | A PARTICULAR PURPOSE ARE DISCLAIMED. IN NO EVENT SHALL THE COPYRIGHT","Retain copyright, conditions and disclaimer in source/binary distributions.",PASS_PERMISSIVE,True
pub,material_color_utilities,0.13.0,False,participant_app/pubspec.lock (hosted),UNKNOWN,Apache-2.0,locally collected upstream distribution notice: LICENSE,"""Licensor"" shall mean the copyright owner or entity authorized by | the copyright owner that is granting the License. | copyright notice that is included in or attached to the work | submitted to Licensor for inclusion in the Work by the copyright owner | the copyright owner. For the purposes of this definition, ""submitted"" | designated in writing by the copyright owner as ""Not a Contribution."" | 2. Grant of Copyright License. Subject to the terms and conditions of | copyright license to reproduce, prepare Derivative Works of,","Retain licence, copyright and NOTICE text; state material modifications where required.",PASS_PERMISSIVE,True
pub,meta,1.18.3,False,participant_app/pubspec.lock (hosted),UNKNOWN,BSD,locally collected upstream distribution notice: LICENSE,"Copyright 2016, the Dart project authors. | * Redistributions of source code must retain the above copyright | copyright notice, this list of conditions and the following | THIS SOFTWARE IS PROVIDED BY THE COPYRIGHT HOLDERS AND CONTRIBUTORS | A PARTICULAR PURPOSE ARE DISCLAIMED. IN NO EVENT SHALL THE COPYRIGHT","Retain copyright, conditions and disclaimer in source/binary distributions.",PASS_PERMISSIVE,True
pub,mime,2.0.0,False,participant_app/pubspec.lock (hosted),UNKNOWN,BSD,locally collected upstream distribution notice: LICENSE,"Copyright 2015, the Dart project authors. | * Redistributions of source code must retain the above copyright | copyright notice, this list of conditions and the following | THIS SOFTWARE IS PROVIDED BY THE COPYRIGHT HOLDERS AND CONTRIBUTORS | A PARTICULAR PURPOSE ARE DISCLAIMED. IN NO EVENT SHALL THE COPYRIGHT","Retain copyright, conditions and disclaimer in source/binary distributions.",PASS_PERMISSIVE,True
pub,objective_c,9.5.0,False,participant_app/pubspec.lock (hosted),UNKNOWN,BSD,locally collected upstream distribution notice: LICENSE,"Copyright 2024, the Dart project authors. | * Redistributions of source code must retain the above copyright | copyright notice, this list of conditions and the following | THIS SOFTWARE IS PROVIDED BY THE COPYRIGHT HOLDERS AND CONTRIBUTORS | A PARTICULAR PURPOSE ARE DISCLAIMED. IN NO EVENT SHALL THE COPYRIGHT","Retain copyright, conditions and disclaimer in source/binary distributions.",PASS_PERMISSIVE,True
pub,package_config,3.0.0,False,participant_app/pubspec.lock (hosted),UNKNOWN,BSD,locally collected upstream distribution notice: LICENSE,"Copyright 2019, the Dart project authors. | * Redistributions of source code must retain the above copyright | copyright notice, this list of conditions and the following | THIS SOFTWARE IS PROVIDED BY THE COPYRIGHT HOLDERS AND CONTRIBUTORS | A PARTICULAR PURPOSE ARE DISCLAIMED. IN NO EVENT SHALL THE COPYRIGHT","Retain copyright, conditions and disclaimer in source/binary distributions.",PASS_PERMISSIVE,True
pub,path,1.9.1,False,participant_app/pubspec.lock (hosted),UNKNOWN,BSD,locally collected upstream distribution notice: LICENSE,"Copyright 2014, the Dart project authors. | * Redistributions of source code must retain the above copyright | copyright notice, this list of conditions and the following | THIS SOFTWARE IS PROVIDED BY THE COPYRIGHT HOLDERS AND CONTRIBUTORS | A PARTICULAR PURPOSE ARE DISCLAIMED. IN NO EVENT SHALL THE COPYRIGHT","Retain copyright, conditions and disclaimer in source/binary distributions.",PASS_PERMISSIVE,True
pub,path_provider,2.1.6,True,participant_app/pubspec.lock (hosted),UNKNOWN,BSD,locally collected upstream distribution notice: LICENSE,"Copyright 2013 The Flutter Authors | * Redistributions of source code must retain the above copyright | copyright notice, this list of conditions and the following | THIS SOFTWARE IS PROVIDED BY THE COPYRIGHT HOLDERS AND CONTRIBUTORS ""AS IS"" AND | DISCLAIMED. IN NO EVENT SHALL THE COPYRIGHT OWNER OR CONTRIBUTORS BE LIABLE FOR","Retain copyright, conditions and disclaimer in source/binary distributions.",PASS_PERMISSIVE,True
pub,path_provider_android,2.3.1,False,participant_app/pubspec.lock (hosted),UNKNOWN,BSD,locally collected upstream distribution notice: LICENSE,"Copyright 2013 The Flutter Authors | * Redistributions of source code must retain the above copyright | copyright notice, this list of conditions and the following | THIS SOFTWARE IS PROVIDED BY THE COPYRIGHT HOLDERS AND CONTRIBUTORS ""AS IS"" AND | DISCLAIMED. IN NO EVENT SHALL THE COPYRIGHT OWNER OR CONTRIBUTORS BE LIABLE FOR","Retain copyright, conditions and disclaimer in source/binary distributions.",PASS_PERMISSIVE,True
pub,path_provider_foundation,2.6.0,False,participant_app/pubspec.lock (hosted),UNKNOWN,BSD,locally collected upstream distribution notice: LICENSE,"Copyright 2013 The Flutter Authors | * Redistributions of source code must retain the above copyright | copyright notice, this list of conditions and the following | THIS SOFTWARE IS PROVIDED BY THE COPYRIGHT HOLDERS AND CONTRIBUTORS ""AS IS"" AND | DISCLAIMED. IN NO EVENT SHALL THE COPYRIGHT OWNER OR CONTRIBUTORS BE LIABLE FOR","Retain copyright, conditions and disclaimer in source/binary distributions.",PASS_PERMISSIVE,True
pub,path_provider_linux,2.2.2,False,participant_app/pubspec.lock (hosted),UNKNOWN,BSD,locally collected upstream distribution notice: LICENSE,"Copyright 2013 The Flutter Authors | * Redistributions of source code must retain the above copyright | copyright notice, this list of conditions and the following | THIS SOFTWARE IS PROVIDED BY THE COPYRIGHT HOLDERS AND CONTRIBUTORS ""AS IS"" AND | DISCLAIMED. IN NO EVENT SHALL THE COPYRIGHT OWNER OR CONTRIBUTORS BE LIABLE FOR","Retain copyright, conditions and disclaimer in source/binary distributions.",PASS_PERMISSIVE,True
pub,path_provider_platform_interface,2.1.3,False,participant_app/pubspec.lock (hosted),UNKNOWN,BSD,locally collected upstream distribution notice: LICENSE,"Copyright 2013 The Flutter Authors | * Redistributions of source code must retain the above copyright | copyright notice, this list of conditions and the following | THIS SOFTWARE IS PROVIDED BY THE COPYRIGHT HOLDERS AND CONTRIBUTORS ""AS IS"" AND | DISCLAIMED. IN NO EVENT SHALL THE COPYRIGHT OWNER OR CONTRIBUTORS BE LIABLE FOR","Retain copyright, conditions and disclaimer in source/binary distributions.",PASS_PERMISSIVE,True
pub,path_provider_windows,2.3.0,False,participant_app/pubspec.lock (hosted),UNKNOWN,BSD,locally collected upstream distribution notice: LICENSE,"Copyright 2013 The Flutter Authors. All rights reserved. | * Redistributions of source code must retain the above copyright | copyright notice, this list of conditions and the following | THIS SOFTWARE IS PROVIDED BY THE COPYRIGHT HOLDERS AND CONTRIBUTORS ""AS IS"" AND | DISCLAIMED. IN NO EVENT SHALL THE COPYRIGHT OWNER OR CONTRIBUTORS BE LIABLE FOR","Retain copyright, conditions and disclaimer in source/binary distributions.",PASS_PERMISSIVE,True
pub,petitparser,7.0.2,False,participant_app/pubspec.lock (hosted),UNKNOWN,MIT,locally collected upstream distribution notice: LICENSE,"Copyright (c) 2006-2024 Lukas Renggli. | The above copyright notice and this permission notice shall be included in | AUTHORS OR COPYRIGHT HOLDERS BE LIABLE FOR ANY CLAIM, DAMAGES OR OTHER",Retain copyright and permission notice in distributions.,PASS_PERMISSIVE,True
pub,platform,3.1.6,False,participant_app/pubspec.lock (hosted),UNKNOWN,BSD,locally collected upstream distribution notice: LICENSE,"Copyright 2017, the Dart project authors. All rights reserved. | * Redistributions of source code must retain the above copyright | copyright notice, this list of conditions and the following | THIS SOFTWARE IS PROVIDED BY THE COPYRIGHT HOLDERS AND CONTRIBUTORS | A PARTICULAR PURPOSE ARE DISCLAIMED. IN NO EVENT SHALL THE COPYRIGHT","Retain copyright, conditions and disclaimer in source/binary distributions.",PASS_PERMISSIVE,True
pub,plugin_platform_interface,2.1.8,False,participant_app/pubspec.lock (hosted),UNKNOWN,BSD,locally collected upstream distribution notice: LICENSE,"Copyright 2013 The Flutter Authors. All rights reserved. | * Redistributions of source code must retain the above copyright | copyright notice, this list of conditions and the following | THIS SOFTWARE IS PROVIDED BY THE COPYRIGHT HOLDERS AND CONTRIBUTORS ""AS IS"" AND | DISCLAIMED. IN NO EVENT SHALL THE COPYRIGHT OWNER OR CONTRIBUTORS BE LIABLE FOR","Retain copyright, conditions and disclaimer in source/binary distributions.",PASS_PERMISSIVE,True
pub,pub_semver,2.2.0,False,participant_app/pubspec.lock (hosted),UNKNOWN,BSD,locally collected upstream distribution notice: LICENSE,"Copyright 2014, the Dart project authors. | * Redistributions of source code must retain the above copyright | copyright notice, this list of conditions and the following | THIS SOFTWARE IS PROVIDED BY THE COPYRIGHT HOLDERS AND CONTRIBUTORS | A PARTICULAR PURPOSE ARE DISCLAIMED. IN NO EVENT SHALL THE COPYRIGHT","Retain copyright, conditions and disclaimer in source/binary distributions.",PASS_PERMISSIVE,True
pub,record,6.2.1,True,participant_app/pubspec.lock (hosted),UNKNOWN,BSD,locally collected upstream distribution notice: LICENSE,"// Copyright 2022 openapi4j authors. All rights reserved. | //    * Redistributions of source code must retain the above copyright | // copyright notice, this list of conditions and the following disclaimer | // THIS SOFTWARE IS PROVIDED BY THE COPYRIGHT HOLDERS AND CONTRIBUTORS | // A PARTICULAR PURPOSE ARE DISCLAIMED. IN NO EVENT SHALL THE COPYRIGHT","Retain copyright, conditions and disclaimer in source/binary distributions.",PASS_PERMISSIVE,True
pub,record_android,1.5.2,False,participant_app/pubspec.lock (hosted),UNKNOWN,BSD,locally collected upstream distribution notice: LICENSE,"// Copyright 2022 openapi4j authors. All rights reserved. | //    * Redistributions of source code must retain the above copyright | // copyright notice, this list of conditions and the following disclaimer | // THIS SOFTWARE IS PROVIDED BY THE COPYRIGHT HOLDERS AND CONTRIBUTORS | // A PARTICULAR PURPOSE ARE DISCLAIMED. IN NO EVENT SHALL THE COPYRIGHT","Retain copyright, conditions and disclaimer in source/binary distributions.",PASS_PERMISSIVE,True
pub,record_ios,1.2.1,False,participant_app/pubspec.lock (hosted),UNKNOWN,BSD,locally collected upstream distribution notice: LICENSE,"// Copyright 2022 openapi4j authors. All rights reserved. | //    * Redistributions of source code must retain the above copyright | // copyright notice, this list of conditions and the following disclaimer | // THIS SOFTWARE IS PROVIDED BY THE COPYRIGHT HOLDERS AND CONTRIBUTORS | // A PARTICULAR PURPOSE ARE DISCLAIMED. IN NO EVENT SHALL THE COPYRIGHT","Retain copyright, conditions and disclaimer in source/binary distributions.",PASS_PERMISSIVE,True
pub,record_linux,1.3.1,False,participant_app/pubspec.lock (hosted),UNKNOWN,BSD,locally collected upstream distribution notice: LICENSE,"// Copyright 2022 openapi4j authors. All rights reserved. | //    * Redistributions of source code must retain the above copyright | // copyright notice, this list of conditions and the following disclaimer | // THIS SOFTWARE IS PROVIDED BY THE COPYRIGHT HOLDERS AND CONTRIBUTORS | // A PARTICULAR PURPOSE ARE DISCLAIMED. IN NO EVENT SHALL THE COPYRIGHT","Retain copyright, conditions and disclaimer in source/binary distributions.",PASS_PERMISSIVE,True
pub,record_macos,1.2.2,False,participant_app/pubspec.lock (hosted),UNKNOWN,BSD,locally collected upstream distribution notice: LICENSE,"// Copyright 2022 openapi4j authors. All rights reserved. | //    * Redistributions of source code must retain the above copyright | // copyright notice, this list of conditions and the following disclaimer | // THIS SOFTWARE IS PROVIDED BY THE COPYRIGHT HOLDERS AND CONTRIBUTORS | // A PARTICULAR PURPOSE ARE DISCLAIMED. IN NO EVENT SHALL THE COPYRIGHT","Retain copyright, conditions and disclaimer in source/binary distributions.",PASS_PERMISSIVE,True
pub,record_platform_interface,1.6.0,False,participant_app/pubspec.lock (hosted),UNKNOWN,BSD,locally collected upstream distribution notice: LICENSE,"// Copyright 2022 openapi4j authors. All rights reserved. | //    * Redistributions of source code must retain the above copyright | // copyright notice, this list of conditions and the following disclaimer | // THIS SOFTWARE IS PROVIDED BY THE COPYRIGHT HOLDERS AND CONTRIBUTORS | // A PARTICULAR PURPOSE ARE DISCLAIMED. IN NO EVENT SHALL THE COPYRIGHT","Retain copyright, conditions and disclaimer in source/binary distributions.",PASS_PERMISSIVE,True
pub,record_use,0.6.0,False,participant_app/pubspec.lock (hosted),UNKNOWN,BSD,locally collected upstream distribution notice: LICENSE,"Copyright 2024, the Dart project authors. | * Redistributions of source code must retain the above copyright | copyright notice, this list of conditions and the following | THIS SOFTWARE IS PROVIDED BY THE COPYRIGHT HOLDERS AND CONTRIBUTORS | A PARTICULAR PURPOSE ARE DISCLAIMED. IN NO EVENT SHALL THE COPYRIGHT","Retain copyright, conditions and disclaimer in source/binary distributions.",PASS_PERMISSIVE,True
pub,record_web,1.3.0,False,participant_app/pubspec.lock (hosted),UNKNOWN,BSD,locally collected upstream distribution notice: LICENSE,"// Copyright 2022 openapi4j authors. All rights reserved. | //    * Redistributions of source code must retain the above copyright | // copyright notice, this list of conditions and the following disclaimer | // THIS SOFTWARE IS PROVIDED BY THE COPYRIGHT HOLDERS AND CONTRIBUTORS | // A PARTICULAR PURPOSE ARE DISCLAIMED. IN NO EVENT SHALL THE COPYRIGHT","Retain copyright, conditions and disclaimer in source/binary distributions.",PASS_PERMISSIVE,True
pub,record_windows,1.0.7,False,participant_app/pubspec.lock (hosted),UNKNOWN,BSD,locally collected upstream distribution notice: LICENSE,"// Copyright 2022 openapi4j authors. All rights reserved. | //    * Redistributions of source code must retain the above copyright | // copyright notice, this list of conditions and the following disclaimer | // THIS SOFTWARE IS PROVIDED BY THE COPYRIGHT HOLDERS AND CONTRIBUTORS | // A PARTICULAR PURPOSE ARE DISCLAIMED. IN NO EVENT SHALL THE COPYRIGHT","Retain copyright, conditions and disclaimer in source/binary distributions.",PASS_PERMISSIVE,True
pub,shared_preferences,2.5.5,True,participant_app/pubspec.lock (hosted),UNKNOWN,BSD,locally collected upstream distribution notice: LICENSE,"Copyright 2013 The Flutter Authors | * Redistributions of source code must retain the above copyright | copyright notice, this list of conditions and the following | THIS SOFTWARE IS PROVIDED BY THE COPYRIGHT HOLDERS AND CONTRIBUTORS ""AS IS"" AND | DISCLAIMED. IN NO EVENT SHALL THE COPYRIGHT OWNER OR CONTRIBUTORS BE LIABLE FOR","Retain copyright, conditions and disclaimer in source/binary distributions.",PASS_PERMISSIVE,True
pub,shared_preferences_android,2.4.27,False,participant_app/pubspec.lock (hosted),UNKNOWN,BSD,locally collected upstream distribution notice: LICENSE,"Copyright 2013 The Flutter Authors | * Redistributions of source code must retain the above copyright | copyright notice, this list of conditions and the following | THIS SOFTWARE IS PROVIDED BY THE COPYRIGHT HOLDERS AND CONTRIBUTORS ""AS IS"" AND | DISCLAIMED. IN NO EVENT SHALL THE COPYRIGHT OWNER OR CONTRIBUTORS BE LIABLE FOR","Retain copyright, conditions and disclaimer in source/binary distributions.",PASS_PERMISSIVE,True
pub,shared_preferences_foundation,2.5.6,False,participant_app/pubspec.lock (hosted),UNKNOWN,BSD,locally collected upstream distribution notice: LICENSE,"Copyright 2013 The Flutter Authors | * Redistributions of source code must retain the above copyright | copyright notice, this list of conditions and the following | THIS SOFTWARE IS PROVIDED BY THE COPYRIGHT HOLDERS AND CONTRIBUTORS ""AS IS"" AND | DISCLAIMED. IN NO EVENT SHALL THE COPYRIGHT OWNER OR CONTRIBUTORS BE LIABLE FOR","Retain copyright, conditions and disclaimer in source/binary distributions.",PASS_PERMISSIVE,True
pub,shared_preferences_linux,2.4.1,False,participant_app/pubspec.lock (hosted),UNKNOWN,BSD,locally collected upstream distribution notice: LICENSE,"Copyright 2013 The Flutter Authors. All rights reserved. | * Redistributions of source code must retain the above copyright | copyright notice, this list of conditions and the following | THIS SOFTWARE IS PROVIDED BY THE COPYRIGHT HOLDERS AND CONTRIBUTORS ""AS IS"" AND | DISCLAIMED. IN NO EVENT SHALL THE COPYRIGHT OWNER OR CONTRIBUTORS BE LIABLE FOR","Retain copyright, conditions and disclaimer in source/binary distributions.",PASS_PERMISSIVE,True
pub,shared_preferences_platform_interface,2.4.2,False,participant_app/pubspec.lock (hosted),UNKNOWN,BSD,locally collected upstream distribution notice: LICENSE,"Copyright 2013 The Flutter Authors | * Redistributions of source code must retain the above copyright | copyright notice, this list of conditions and the following | THIS SOFTWARE IS PROVIDED BY THE COPYRIGHT HOLDERS AND CONTRIBUTORS ""AS IS"" AND | DISCLAIMED. IN NO EVENT SHALL THE COPYRIGHT OWNER OR CONTRIBUTORS BE LIABLE FOR","Retain copyright, conditions and disclaimer in source/binary distributions.",PASS_PERMISSIVE,True
pub,shared_preferences_web,2.4.3,False,participant_app/pubspec.lock (hosted),UNKNOWN,BSD,locally collected upstream distribution notice: LICENSE,"Copyright 2013 The Flutter Authors. All rights reserved. | * Redistributions of source code must retain the above copyright | copyright notice, this list of conditions and the following | THIS SOFTWARE IS PROVIDED BY THE COPYRIGHT HOLDERS AND CONTRIBUTORS ""AS IS"" AND | DISCLAIMED. IN NO EVENT SHALL THE COPYRIGHT OWNER OR CONTRIBUTORS BE LIABLE FOR","Retain copyright, conditions and disclaimer in source/binary distributions.",PASS_PERMISSIVE,True
pub,shared_preferences_windows,2.4.1,False,participant_app/pubspec.lock (hosted),UNKNOWN,BSD,locally collected upstream distribution notice: LICENSE,"Copyright 2013 The Flutter Authors. All rights reserved. | * Redistributions of source code must retain the above copyright | copyright notice, this list of conditions and the following | THIS SOFTWARE IS PROVIDED BY THE COPYRIGHT HOLDERS AND CONTRIBUTORS ""AS IS"" AND | DISCLAIMED. IN NO EVENT SHALL THE COPYRIGHT OWNER OR CONTRIBUTORS BE LIABLE FOR","Retain copyright, conditions and disclaimer in source/binary distributions.",PASS_PERMISSIVE,True
pub,sky_engine,0.0.0,False,participant_app/pubspec.lock (sdk),Multiple bundled third-party notices,MULTIPLE_BUNDLED_NOTICES,locally collected upstream distribution notice: LICENSE,"Copyright (c) 2017-2022 Advanced Micro Devices, Inc. All rights reserved. | The above copyright notice and this permission notice shall be included in | AUTHORS OR COPYRIGHT HOLDERS BE LIABLE FOR ANY CLAIM, DAMAGES OR OTHER | Copyright © 2005-2014 Rich Felker, et al. | The above copyright notice and this permission notice shall be | IN NO EVENT SHALL THE AUTHORS OR COPYRIGHT HOLDERS BE LIABLE FOR ANY | Copyright © 1993,2004 Sun Microsystems or | Copyright © 2003-2011 David Schultz or",Preserve the complete Flutter SDK notice roll-up and obtain legal confirmation of the bundled distribution obligations.,HUMAN_LEGAL_REVIEW,True
pub,source_span,1.10.2,False,participant_app/pubspec.lock (hosted),UNKNOWN,BSD,locally collected upstream distribution notice: LICENSE,"Copyright 2014, the Dart project authors. | * Redistributions of source code must retain the above copyright | copyright notice, this list of conditions and the following | THIS SOFTWARE IS PROVIDED BY THE COPYRIGHT HOLDERS AND CONTRIBUTORS | A PARTICULAR PURPOSE ARE DISCLAIMED. IN NO EVENT SHALL THE COPYRIGHT","Retain copyright, conditions and disclaimer in source/binary distributions.",PASS_PERMISSIVE,True
pub,stack_trace,1.12.1,False,participant_app/pubspec.lock (hosted),UNKNOWN,BSD,locally collected upstream distribution notice: LICENSE,"Copyright 2014, the Dart project authors. | * Redistributions of source code must retain the above copyright | copyright notice, this list of conditions and the following | THIS SOFTWARE IS PROVIDED BY THE COPYRIGHT HOLDERS AND CONTRIBUTORS | A PARTICULAR PURPOSE ARE DISCLAIMED. IN NO EVENT SHALL THE COPYRIGHT","Retain copyright, conditions and disclaimer in source/binary distributions.",PASS_PERMISSIVE,True
pub,stream_channel,2.1.4,False,participant_app/pubspec.lock (hosted),UNKNOWN,BSD,locally collected upstream distribution notice: LICENSE,"Copyright 2015, the Dart project authors. | * Redistributions of source code must retain the above copyright | copyright notice, this list of conditions and the following | THIS SOFTWARE IS PROVIDED BY THE COPYRIGHT HOLDERS AND CONTRIBUTORS | A PARTICULAR PURPOSE ARE DISCLAIMED. IN NO EVENT SHALL THE COPYRIGHT","Retain copyright, conditions and disclaimer in source/binary distributions.",PASS_PERMISSIVE,True
pub,string_scanner,1.4.1,False,participant_app/pubspec.lock (hosted),UNKNOWN,BSD,locally collected upstream distribution notice: LICENSE,"Copyright 2014, the Dart project authors. | * Redistributions of source code must retain the above copyright | copyright notice, this list of conditions and the following | THIS SOFTWARE IS PROVIDED BY THE COPYRIGHT HOLDERS AND CONTRIBUTORS | A PARTICULAR PURPOSE ARE DISCLAIMED. IN NO EVENT SHALL THE COPYRIGHT","Retain copyright, conditions and disclaimer in source/binary distributions.",PASS_PERMISSIVE,True
pub,synchronized,3.4.1+1,False,participant_app/pubspec.lock (hosted),UNKNOWN,MIT,locally collected upstream distribution notice: LICENSE,"Copyright (c) 2016, Alexandre Roux Tekartik. | The above copyright notice and this permission notice shall be included in all | AUTHORS OR COPYRIGHT HOLDERS BE LIABLE FOR ANY CLAIM, DAMAGES OR OTHER",Retain copyright and permission notice in distributions.,PASS_PERMISSIVE,True
pub,term_glyph,1.2.2,False,participant_app/pubspec.lock (hosted),UNKNOWN,BSD,locally collected upstream distribution notice: LICENSE,"Copyright 2017, the Dart project authors. | * Redistributions of source code must retain the above copyright | copyright notice, this list of conditions and the following | THIS SOFTWARE IS PROVIDED BY THE COPYRIGHT HOLDERS AND CONTRIBUTORS | A PARTICULAR PURPOSE ARE DISCLAIMED. IN NO EVENT SHALL THE COPYRIGHT","Retain copyright, conditions and disclaimer in source/binary distributions.",PASS_PERMISSIVE,True
pub,test_api,0.7.12,False,participant_app/pubspec.lock (hosted),UNKNOWN,BSD,locally collected upstream distribution notice: LICENSE,"Copyright 2018, the Dart project authors. | * Redistributions of source code must retain the above copyright | copyright notice, this list of conditions and the following | THIS SOFTWARE IS PROVIDED BY THE COPYRIGHT HOLDERS AND CONTRIBUTORS | A PARTICULAR PURPOSE ARE DISCLAIMED. IN NO EVENT SHALL THE COPYRIGHT","Retain copyright, conditions and disclaimer in source/binary distributions.",PASS_PERMISSIVE,True
pub,typed_data,1.4.0,False,participant_app/pubspec.lock (hosted),UNKNOWN,BSD,locally collected upstream distribution notice: LICENSE,"Copyright 2015, the Dart project authors. | * Redistributions of source code must retain the above copyright | copyright notice, this list of conditions and the following | THIS SOFTWARE IS PROVIDED BY THE COPYRIGHT HOLDERS AND CONTRIBUTORS | A PARTICULAR PURPOSE ARE DISCLAIMED. IN NO EVENT SHALL THE COPYRIGHT","Retain copyright, conditions and disclaimer in source/binary distributions.",PASS_PERMISSIVE,True
pub,uuid,4.6.0,True,participant_app/pubspec.lock (hosted),UNKNOWN,MIT,locally collected upstream distribution notice: LICENSE,"Copyright (c) 2021 Yulian Kuncheff | The above copyright notice and this permission notice shall be included in all copies or substantial portions of the Software. | THE SOFTWARE IS PROVIDED ""AS IS"", WITHOUT WARRANTY OF ANY KIND, EXPRESS OR IMPLIED, INCLUDING BUT NOT LIMITED TO THE WARRANTIES OF MERCHANTABILITY, FITNESS FOR A PARTICULAR PURPOSE AND NONINFRINGEMENT. IN NO EVENT SHALL THE AUTHORS OR COPYRIGHT HOLDERS BE LIABLE FOR ANY CLAIM, DAMAGES OR OTHER LIABILITY, WHETHER IN AN ACTION OF CONTRACT, TORT OR OTHERWISE, ARISING FROM, OUT OF OR IN CONNECTION WITH THE SOFTWARE OR THE USE OR OTHER DEALINGS IN THE SOFTWARE.",Retain copyright and permission notice in distributions.,PASS_PERMISSIVE,True
pub,vector_math,2.4.0,False,participant_app/pubspec.lock (hosted),UNKNOWN,BSD,locally collected upstream distribution notice: LICENSE,"Copyright 2013 The Flutter Authors | * Redistributions of source code must retain the above copyright | copyright notice, this list of conditions and the following | THIS SOFTWARE IS PROVIDED BY THE COPYRIGHT HOLDERS AND CONTRIBUTORS ""AS IS"" AND | DISCLAIMED. IN NO EVENT SHALL THE COPYRIGHT OWNER OR CONTRIBUTORS BE LIABLE FOR","Retain copyright, conditions and disclaimer in source/binary distributions.",PASS_PERMISSIVE,True
pub,vm_service,15.2.0,False,participant_app/pubspec.lock (hosted),UNKNOWN,BSD,locally collected upstream distribution notice: LICENSE,"Copyright 2015, the Dart project authors. | * Redistributions of source code must retain the above copyright | copyright notice, this list of conditions and the following | THIS SOFTWARE IS PROVIDED BY THE COPYRIGHT HOLDERS AND CONTRIBUTORS | A PARTICULAR PURPOSE ARE DISCLAIMED. IN NO EVENT SHALL THE COPYRIGHT","Retain copyright, conditions and disclaimer in source/binary distributions.",PASS_PERMISSIVE,True
pub,web,1.1.1,False,participant_app/pubspec.lock (hosted),UNKNOWN,BSD,locally collected upstream distribution notice: LICENSE,"Copyright 2023, the Dart project authors. | * Redistributions of source code must retain the above copyright | copyright notice, this list of conditions and the following | THIS SOFTWARE IS PROVIDED BY THE COPYRIGHT HOLDERS AND CONTRIBUTORS | A PARTICULAR PURPOSE ARE DISCLAIMED. IN NO EVENT SHALL THE COPYRIGHT","Retain copyright, conditions and disclaimer in source/binary distributions.",PASS_PERMISSIVE,True
pub,win32,5.15.0,False,participant_app/pubspec.lock (hosted),UNKNOWN,BSD,locally collected upstream distribution notice: LICENSE,"Copyright (c) 2024, Halil Durmus | 1. Redistributions of source code must retain the above copyright notice, this | 2. Redistributions in binary form must reproduce the above copyright notice, | 3. Neither the name of the copyright holder nor the names of its | THIS SOFTWARE IS PROVIDED BY THE COPYRIGHT HOLDERS AND CONTRIBUTORS ""AS IS"" | DISCLAIMED. IN NO EVENT SHALL THE COPYRIGHT HOLDER OR CONTRIBUTORS BE LIABLE","Retain copyright, conditions and disclaimer in source/binary distributions.",PASS_PERMISSIVE,True
pub,xdg_directories,1.1.0,False,participant_app/pubspec.lock (hosted),UNKNOWN,BSD,locally collected upstream distribution notice: LICENSE,"Copyright 2013 The Flutter Authors. All rights reserved. | * Redistributions of source code must retain the above copyright | copyright notice, this list of conditions and the following | THIS SOFTWARE IS PROVIDED BY THE COPYRIGHT HOLDERS AND CONTRIBUTORS ""AS IS"" AND | DISCLAIMED. IN NO EVENT SHALL THE COPYRIGHT OWNER OR CONTRIBUTORS BE LIABLE FOR","Retain copyright, conditions and disclaimer in source/binary distributions.",PASS_PERMISSIVE,True
pub,xml,6.6.1,False,participant_app/pubspec.lock (hosted),UNKNOWN,MIT,locally collected upstream distribution notice: LICENSE,"Copyright (c) 2006-2025 Lukas Renggli. | The above copyright notice and this permission notice shall be included in | AUTHORS OR COPYRIGHT HOLDERS BE LIABLE FOR ANY CLAIM, DAMAGES OR OTHER",Retain copyright and permission notice in distributions.,PASS_PERMISSIVE,True
pub,yaml,3.1.3,False,participant_app/pubspec.lock (hosted),UNKNOWN,MIT,locally collected upstream distribution notice: LICENSE,"Copyright (c) 2014, the Dart project authors. | Copyright (c) 2006, Kirill Simonov. | The above copyright notice and this permission notice shall be included in all | AUTHORS OR COPYRIGHT HOLDERS BE LIABLE FOR ANY CLAIM, DAMAGES OR OTHER",Retain copyright and permission notice in distributions.,PASS_PERMISSIVE,True
native,Gradle,9.3.1,True,participant_app/android/gradle/wrapper/gradle-wrapper.properties,Apache-2.0,Apache-2.0,locally collected upstream distribution notice: LICENSE,"""Licensor"" shall mean the copyright owner or entity authorized by | the copyright owner that is granting the License. | copyright notice that is included in or attached to the work | submitted to Licensor for inclusion in the Work by the copyright owner | the copyright owner. For the purposes of this definition, ""submitted"" | designated in writing by the copyright owner as ""Not a Contribution."" | 2. Grant of Copyright License. Subject to the terms and conditions of | copyright license to reproduce, prepare Derivative Works of,","Retain licence, copyright and NOTICE text; state material modifications where required.",PASS_PERMISSIVE,True
native,Android Gradle Plugin,9.1.0,True,participant_app/android/settings.gradle.kts,UNKNOWN,UNKNOWN,metadata only,Not collected; preserve upstream package notice before distribution.,Licence and notice terms are not established; do not ship pending review.,BLOCKER_UNKNOWN,False
native,Kotlin Gradle Plugin,2.4.0,True,participant_app/android/settings.gradle.kts,Apache-2.0,Apache-2.0,locally collected upstream Kotlin Gradle Plugin JAR: META-INF/LICENSE,"""Licensor"" shall mean the copyright owner or entity authorized by | the copyright owner that is granting the License. | copyright notice that is included in or attached to the work | submitted to Licensor for inclusion in the Work by the copyright owner | the copyright owner. For the purposes of this definition, ""submitted"" | designated in writing by the copyright owner as ""Not a Contribution."" | 2. Grant of Copyright License. Subject to the terms and conditions of | copyright license to reproduce, prepare Derivative Works of,","Retain licence, copyright and NOTICE text; state material modifications where required.",PASS_PERMISSIVE,True
